item_id,title,description,url,brand,seller_name,image_url,availability,price,sale_price,group_id,listing_has_variations,variant_dict,gtin,mpn,condition,product_category,additional_image_urls,color,size,material,gender,is_eligible_search,is_eligible_checkout,is_ads_eligible
885075564950,"Buty Etnies Fader (black dirty wash), 45.5","Materiał: zamsz Gąbkowany język i kołnierz zapewniają lepsze wsparcie i komfort Miękka, wygodna wkładka wykonana z lekkiej pianki EVA Podeszwa środkowa z recyklingowanej pianki PU Podeszwa środkowa w formie wytłaczanki zapewnia dodatkową amortyzację Podeszwa wykonana z gumy 300 NBS, szyta na całej długości Tłoczone logo Etnies na boku podeszwy",https://supersklep.pl/i124506-buty-etnies-fader-black-dirty-wash,Etnies,supersklep (pl),https://static.supersklep.pl/1410967-buty-etnies-fader-black-dirty-wash.jpg?t=google,in_stock,369.90 PLN,229.90 PLN,124506,true,"{""color"":""czarny"",""size"":""45.5""}",885075564950,Fader,new,Buty > Miejskie > Wszystkie buty,"https://static.supersklep.pl/1410969-buty-etnies-fader-black-dirty-wash.jpg?t=google,https://static.supersklep.pl/1410970-buty-etnies-fader-black-dirty-wash.jpg?t=google,https://static.supersklep.pl/1410971-buty-etnies-fader-black-dirty-wash.jpg?t=google,https://static.supersklep.pl/1410972-buty-etnies-fader-black-dirty-wash.jpg?t=google,https://static.supersklep.pl/1410973-buty-etnies-fader-black-dirty-wash.jpg?t=google,https://static.supersklep.pl/1410974-buty-etnies-fader-black-dirty-wash.jpg?t=google,https://static.supersklep.pl/1410975-buty-etnies-fader-black-dirty-wash.jpg?t=google,https://static.supersklep.pl/1410976-buty-etnies-fader-black-dirty-wash.jpg?t=google,https://static.supersklep.pl/1410968-buty-etnies-fader-black-dirty-wash.jpg?t=google",czarny,45.5,nubuk,male,true,false,true
885075564592,"Buty Etnies Fader (black dirty wash), 43","Materiał: zamsz Gąbkowany język i kołnierz zapewniają lepsze wsparcie i komfort Miękka, wygodna wkładka wykonana z lekkiej pianki EVA Podeszwa środkowa z recyklingowanej pianki PU Podeszwa środkowa w formie wytłaczanki zapewnia dodatkową amortyzację Podeszwa wykonana z gumy 300 NBS, szyta na całej długości Tłoczone logo Etnies na boku podeszwy",https://supersklep.pl/i124506-buty-etnies-fader-black-dirty-wash,Etnies,supersklep (pl),https://static.supersklep.pl/1410967-buty-etnies-fader-black-dirty-wash.jpg?t=google,in_stock,369.90 PLN,229.90 PLN,124506,true,"{""color"":""czarny"",""size"":""43""}",885075564592,Fader,new,Buty > Miejskie > Wszystkie buty,"https://static.supersklep.pl/1410969-buty-etnies-fader-black-dirty-wash.jpg?t=google,https://static.supersklep.pl/1410970-buty-etnies-fader-black-dirty-wash.jpg?t=google,https://static.supersklep.pl/1410971-buty-etnies-fader-black-dirty-wash.jpg?t=google,https://static.supersklep.pl/1410972-buty-etnies-fader-black-dirty-wash.jpg?t=google,https://static.supersklep.pl/1410973-buty-etnies-fader-black-dirty-wash.jpg?t=google,https://static.supersklep.pl/1410974-buty-etnies-fader-black-dirty-wash.jpg?t=google,https://static.supersklep.pl/1410975-buty-etnies-fader-black-dirty-wash.jpg?t=google,https://static.supersklep.pl/1410976-buty-etnies-fader-black-dirty-wash.jpg?t=google,https://static.supersklep.pl/1410968-buty-etnies-fader-black-dirty-wash.jpg?t=google",czarny,43,nubuk,male,true,false,true
885075564714,"Buty Etnies Fader (black dirty wash), 44","Materiał: zamsz Gąbkowany język i kołnierz zapewniają lepsze wsparcie i komfort Miękka, wygodna wkładka wykonana z lekkiej pianki EVA Podeszwa środkowa z recyklingowanej pianki PU Podeszwa środkowa w formie wytłaczanki zapewnia dodatkową amortyzację Podeszwa wykonana z gumy 300 NBS, szyta na całej długości Tłoczone logo Etnies na boku podeszwy",https://supersklep.pl/i124506-buty-etnies-fader-black-dirty-wash,Etnies,supersklep (pl),https://static.supersklep.pl/1410967-buty-etnies-fader-black-dirty-wash.jpg?t=google,in_stock,369.90 PLN,229.90 PLN,124506,true,"{""color"":""czarny"",""size"":""44""}",885075564714,Fader,new,Buty > Miejskie > Wszystkie buty,"https://static.supersklep.pl/1410969-buty-etnies-fader-black-dirty-wash.jpg?t=google,https://static.supersklep.pl/1410970-buty-etnies-fader-black-dirty-wash.jpg?t=google,https://static.supersklep.pl/1410971-buty-etnies-fader-black-dirty-wash.jpg?t=google,https://static.supersklep.pl/1410972-buty-etnies-fader-black-dirty-wash.jpg?t=google,https://static.supersklep.pl/1410973-buty-etnies-fader-black-dirty-wash.jpg?t=google,https://static.supersklep.pl/1410974-buty-etnies-fader-black-dirty-wash.jpg?t=google,https://static.supersklep.pl/1410975-buty-etnies-fader-black-dirty-wash.jpg?t=google,https://static.supersklep.pl/1410976-buty-etnies-fader-black-dirty-wash.jpg?t=google,https://static.supersklep.pl/1410968-buty-etnies-fader-black-dirty-wash.jpg?t=google",czarny,44,nubuk,male,true,false,true
885075564837,"Buty Etnies Fader (black dirty wash), 45","Materiał: zamsz Gąbkowany język i kołnierz zapewniają lepsze wsparcie i komfort Miękka, wygodna wkładka wykonana z lekkiej pianki EVA Podeszwa środkowa z recyklingowanej pianki PU Podeszwa środkowa w formie wytłaczanki zapewnia dodatkową amortyzację Podeszwa wykonana z gumy 300 NBS, szyta na całej długości Tłoczone logo Etnies na boku podeszwy",https://supersklep.pl/i124506-buty-etnies-fader-black-dirty-wash,Etnies,supersklep (pl),https://static.supersklep.pl/1410967-buty-etnies-fader-black-dirty-wash.jpg?t=google,in_stock,369.90 PLN,229.90 PLN,124506,true,"{""color"":""czarny"",""size"":""45""}",885075564837,Fader,new,Buty > Miejskie > Wszystkie buty,"https://static.supersklep.pl/1410969-buty-etnies-fader-black-dirty-wash.jpg?t=google,https://static.supersklep.pl/1410970-buty-etnies-fader-black-dirty-wash.jpg?t=google,https://static.supersklep.pl/1410971-buty-etnies-fader-black-dirty-wash.jpg?t=google,https://static.supersklep.pl/1410972-buty-etnies-fader-black-dirty-wash.jpg?t=google,https://static.supersklep.pl/1410973-buty-etnies-fader-black-dirty-wash.jpg?t=google,https://static.supersklep.pl/1410974-buty-etnies-fader-black-dirty-wash.jpg?t=google,https://static.supersklep.pl/1410975-buty-etnies-fader-black-dirty-wash.jpg?t=google,https://static.supersklep.pl/1410976-buty-etnies-fader-black-dirty-wash.jpg?t=google,https://static.supersklep.pl/1410968-buty-etnies-fader-black-dirty-wash.jpg?t=google",czarny,45,nubuk,male,true,false,true
885075566503,"Buty Etnies Fader (black dirty wash), 42","Materiał: zamsz Gąbkowany język i kołnierz zapewniają lepsze wsparcie i komfort Miękka, wygodna wkładka wykonana z lekkiej pianki EVA Podeszwa środkowa z recyklingowanej pianki PU Podeszwa środkowa w formie wytłaczanki zapewnia dodatkową amortyzację Podeszwa wykonana z gumy 300 NBS, szyta na całej długości Tłoczone logo Etnies na boku podeszwy",https://supersklep.pl/i124506-buty-etnies-fader-black-dirty-wash,Etnies,supersklep (pl),https://static.supersklep.pl/1410967-buty-etnies-fader-black-dirty-wash.jpg?t=google,in_stock,369.90 PLN,229.90 PLN,124506,true,"{""color"":""czarny"",""size"":""42""}",885075566503,Fader,new,Buty > Miejskie > Wszystkie buty,"https://static.supersklep.pl/1410969-buty-etnies-fader-black-dirty-wash.jpg?t=google,https://static.supersklep.pl/1410970-buty-etnies-fader-black-dirty-wash.jpg?t=google,https://static.supersklep.pl/1410971-buty-etnies-fader-black-dirty-wash.jpg?t=google,https://static.supersklep.pl/1410972-buty-etnies-fader-black-dirty-wash.jpg?t=google,https://static.supersklep.pl/1410973-buty-etnies-fader-black-dirty-wash.jpg?t=google,https://static.supersklep.pl/1410974-buty-etnies-fader-black-dirty-wash.jpg?t=google,https://static.supersklep.pl/1410975-buty-etnies-fader-black-dirty-wash.jpg?t=google,https://static.supersklep.pl/1410976-buty-etnies-fader-black-dirty-wash.jpg?t=google,https://static.supersklep.pl/1410968-buty-etnies-fader-black-dirty-wash.jpg?t=google",czarny,42,nubuk,male,true,false,true
885075566381,"Buty Etnies Fader (black dirty wash), 41.5","Materiał: zamsz Gąbkowany język i kołnierz zapewniają lepsze wsparcie i komfort Miękka, wygodna wkładka wykonana z lekkiej pianki EVA Podeszwa środkowa z recyklingowanej pianki PU Podeszwa środkowa w formie wytłaczanki zapewnia dodatkową amortyzację Podeszwa wykonana z gumy 300 NBS, szyta na całej długości Tłoczone logo Etnies na boku podeszwy",https://supersklep.pl/i124506-buty-etnies-fader-black-dirty-wash,Etnies,supersklep (pl),https://static.supersklep.pl/1410967-buty-etnies-fader-black-dirty-wash.jpg?t=google,in_stock,369.90 PLN,229.90 PLN,124506,true,"{""color"":""czarny"",""size"":""41.5""}",885075566381,Fader,new,Buty > Miejskie > Wszystkie buty,"https://static.supersklep.pl/1410969-buty-etnies-fader-black-dirty-wash.jpg?t=google,https://static.supersklep.pl/1410970-buty-etnies-fader-black-dirty-wash.jpg?t=google,https://static.supersklep.pl/1410971-buty-etnies-fader-black-dirty-wash.jpg?t=google,https://static.supersklep.pl/1410972-buty-etnies-fader-black-dirty-wash.jpg?t=google,https://static.supersklep.pl/1410973-buty-etnies-fader-black-dirty-wash.jpg?t=google,https://static.supersklep.pl/1410974-buty-etnies-fader-black-dirty-wash.jpg?t=google,https://static.supersklep.pl/1410975-buty-etnies-fader-black-dirty-wash.jpg?t=google,https://static.supersklep.pl/1410976-buty-etnies-fader-black-dirty-wash.jpg?t=google,https://static.supersklep.pl/1410968-buty-etnies-fader-black-dirty-wash.jpg?t=google",czarny,41.5,nubuk,male,true,false,true
885075566619,"Buty Etnies Fader (black dirty wash), 42.5","Materiał: zamsz Gąbkowany język i kołnierz zapewniają lepsze wsparcie i komfort Miękka, wygodna wkładka wykonana z lekkiej pianki EVA Podeszwa środkowa z recyklingowanej pianki PU Podeszwa środkowa w formie wytłaczanki zapewnia dodatkową amortyzację Podeszwa wykonana z gumy 300 NBS, szyta na całej długości Tłoczone logo Etnies na boku podeszwy",https://supersklep.pl/i124506-buty-etnies-fader-black-dirty-wash,Etnies,supersklep (pl),https://static.supersklep.pl/1410967-buty-etnies-fader-black-dirty-wash.jpg?t=google,in_stock,369.90 PLN,229.90 PLN,124506,true,"{""color"":""czarny"",""size"":""42.5""}",885075566619,Fader,new,Buty > Miejskie > Wszystkie buty,"https://static.supersklep.pl/1410969-buty-etnies-fader-black-dirty-wash.jpg?t=google,https://static.supersklep.pl/1410970-buty-etnies-fader-black-dirty-wash.jpg?t=google,https://static.supersklep.pl/1410971-buty-etnies-fader-black-dirty-wash.jpg?t=google,https://static.supersklep.pl/1410972-buty-etnies-fader-black-dirty-wash.jpg?t=google,https://static.supersklep.pl/1410973-buty-etnies-fader-black-dirty-wash.jpg?t=google,https://static.supersklep.pl/1410974-buty-etnies-fader-black-dirty-wash.jpg?t=google,https://static.supersklep.pl/1410975-buty-etnies-fader-black-dirty-wash.jpg?t=google,https://static.supersklep.pl/1410976-buty-etnies-fader-black-dirty-wash.jpg?t=google,https://static.supersklep.pl/1410968-buty-etnies-fader-black-dirty-wash.jpg?t=google",czarny,42.5,nubuk,male,true,false,true
700053288928,"Buty Vans Authentic (black/black), 41","Vans, najbardziej rozpoznawalna marka butów do skateboardingu na całym świecie, od 66 lat dostarcza najwyższą jakość i komfort. Authentic to klasyczna sylwetka Vansa, łatwo rozpoznawalna po minimalistycznym stylu. Cholewka z płótna typu canvas, swoją elastycznością przypomina płótno malarskie gwarantując wysoką jakość i trwałość. Gruba wulkanizowana podeszwa środkowa i podeszwa z gumy wulkanizowanej z wzorem waflowym pozostaje niezmieniona, zapewniając niesamowitą przyczepność i amortyzację wstrząsów Materiał: tekstylny Okute otworki na sznurowadła Miękka, komfortowa wkładka wewnętrzna Z tyłu na podeszwie typowe dla klasycznych modeli Vansa uwypuklenie na sklejeniu gumy wraz z logo firmy tzw. ""gumka na gumkę"" Podeszwa: guma wulkanizowana o dużej przyczepności, w kultowej już formie wafla",https://supersklep.pl/i130444-buty-vans-authentic-black-black,Vans,supersklep (pl),https://static.supersklep.pl/1411091-buty-vans-authentic-black-black.jpg?t=google,in_stock,319.90 PLN,259.90 PLN,130444,true,"{""color"":""czarny"",""size"":""41""}",700053288928,VN000EE3BKA1,new,Buty > Miejskie > Wszystkie buty,"https://static.supersklep.pl/1411093-buty-vans-authentic-black-black.jpg?t=google,https://static.supersklep.pl/1411094-buty-vans-authentic-black-black.jpg?t=google,https://static.supersklep.pl/1411095-buty-vans-authentic-black-black.jpg?t=google,https://static.supersklep.pl/1411096-buty-vans-authentic-black-black.jpg?t=google,https://static.supersklep.pl/1411097-buty-vans-authentic-black-black.jpg?t=google,https://static.supersklep.pl/1411098-buty-vans-authentic-black-black.jpg?t=google,https://static.supersklep.pl/1411099-buty-vans-authentic-black-black.jpg?t=google,https://static.supersklep.pl/1411100-buty-vans-authentic-black-black.jpg?t=google,https://static.supersklep.pl/1411092-buty-vans-authentic-black-black.jpg?t=google",czarny,41,tekstylny,unisex,true,false,true
700053288911,"Buty Vans Authentic (black/black), 40.5","Vans, najbardziej rozpoznawalna marka butów do skateboardingu na całym świecie, od 66 lat dostarcza najwyższą jakość i komfort. Authentic to klasyczna sylwetka Vansa, łatwo rozpoznawalna po minimalistycznym stylu. Cholewka z płótna typu canvas, swoją elastycznością przypomina płótno malarskie gwarantując wysoką jakość i trwałość. Gruba wulkanizowana podeszwa środkowa i podeszwa z gumy wulkanizowanej z wzorem waflowym pozostaje niezmieniona, zapewniając niesamowitą przyczepność i amortyzację wstrząsów Materiał: tekstylny Okute otworki na sznurowadła Miękka, komfortowa wkładka wewnętrzna Z tyłu na podeszwie typowe dla klasycznych modeli Vansa uwypuklenie na sklejeniu gumy wraz z logo firmy tzw. ""gumka na gumkę"" Podeszwa: guma wulkanizowana o dużej przyczepności, w kultowej już formie wafla",https://supersklep.pl/i130444-buty-vans-authentic-black-black,Vans,supersklep (pl),https://static.supersklep.pl/1411091-buty-vans-authentic-black-black.jpg?t=google,in_stock,319.90 PLN,259.90 PLN,130444,true,"{""color"":""czarny"",""size"":""40.5""}",700053288911,VN000EE3BKA1,new,Buty > Miejskie > Wszystkie buty,"https://static.supersklep.pl/1411093-buty-vans-authentic-black-black.jpg?t=google,https://static.supersklep.pl/1411094-buty-vans-authentic-black-black.jpg?t=google,https://static.supersklep.pl/1411095-buty-vans-authentic-black-black.jpg?t=google,https://static.supersklep.pl/1411096-buty-vans-authentic-black-black.jpg?t=google,https://static.supersklep.pl/1411097-buty-vans-authentic-black-black.jpg?t=google,https://static.supersklep.pl/1411098-buty-vans-authentic-black-black.jpg?t=google,https://static.supersklep.pl/1411099-buty-vans-authentic-black-black.jpg?t=google,https://static.supersklep.pl/1411100-buty-vans-authentic-black-black.jpg?t=google,https://static.supersklep.pl/1411092-buty-vans-authentic-black-black.jpg?t=google",czarny,40.5,tekstylny,unisex,true,false,true
700053289000,"Buty Vans Authentic (black/black), 47","Vans, najbardziej rozpoznawalna marka butów do skateboardingu na całym świecie, od 66 lat dostarcza najwyższą jakość i komfort. Authentic to klasyczna sylwetka Vansa, łatwo rozpoznawalna po minimalistycznym stylu. Cholewka z płótna typu canvas, swoją elastycznością przypomina płótno malarskie gwarantując wysoką jakość i trwałość. Gruba wulkanizowana podeszwa środkowa i podeszwa z gumy wulkanizowanej z wzorem waflowym pozostaje niezmieniona, zapewniając niesamowitą przyczepność i amortyzację wstrząsów Materiał: tekstylny Okute otworki na sznurowadła Miękka, komfortowa wkładka wewnętrzna Z tyłu na podeszwie typowe dla klasycznych modeli Vansa uwypuklenie na sklejeniu gumy wraz z logo firmy tzw. ""gumka na gumkę"" Podeszwa: guma wulkanizowana o dużej przyczepności, w kultowej już formie wafla",https://supersklep.pl/i130444-buty-vans-authentic-black-black,Vans,supersklep (pl),https://static.supersklep.pl/1411091-buty-vans-authentic-black-black.jpg?t=google,in_stock,319.90 PLN,259.90 PLN,130444,true,"{""color"":""czarny"",""size"":""47""}",700053289000,VN000EE3BKA1,new,Buty > Miejskie > Wszystkie buty,"https://static.supersklep.pl/1411093-buty-vans-authentic-black-black.jpg?t=google,https://static.supersklep.pl/1411094-buty-vans-authentic-black-black.jpg?t=google,https://static.supersklep.pl/1411095-buty-vans-authentic-black-black.jpg?t=google,https://static.supersklep.pl/1411096-buty-vans-authentic-black-black.jpg?t=google,https://static.supersklep.pl/1411097-buty-vans-authentic-black-black.jpg?t=google,https://static.supersklep.pl/1411098-buty-vans-authentic-black-black.jpg?t=google,https://static.supersklep.pl/1411099-buty-vans-authentic-black-black.jpg?t=google,https://static.supersklep.pl/1411100-buty-vans-authentic-black-black.jpg?t=google,https://static.supersklep.pl/1411092-buty-vans-authentic-black-black.jpg?t=google",czarny,47,tekstylny,unisex,true,false,true
700053288850,"Buty Vans Authentic (black/black), 36.5","Vans, najbardziej rozpoznawalna marka butów do skateboardingu na całym świecie, od 66 lat dostarcza najwyższą jakość i komfort. Authentic to klasyczna sylwetka Vansa, łatwo rozpoznawalna po minimalistycznym stylu. Cholewka z płótna typu canvas, swoją elastycznością przypomina płótno malarskie gwarantując wysoką jakość i trwałość. Gruba wulkanizowana podeszwa środkowa i podeszwa z gumy wulkanizowanej z wzorem waflowym pozostaje niezmieniona, zapewniając niesamowitą przyczepność i amortyzację wstrząsów Materiał: tekstylny Okute otworki na sznurowadła Miękka, komfortowa wkładka wewnętrzna Z tyłu na podeszwie typowe dla klasycznych modeli Vansa uwypuklenie na sklejeniu gumy wraz z logo firmy tzw. ""gumka na gumkę"" Podeszwa: guma wulkanizowana o dużej przyczepności, w kultowej już formie wafla",https://supersklep.pl/i130444-buty-vans-authentic-black-black,Vans,supersklep (pl),https://static.supersklep.pl/1411091-buty-vans-authentic-black-black.jpg?t=google,in_stock,319.90 PLN,259.90 PLN,130444,true,"{""color"":""czarny"",""size"":""36.5""}",700053288850,VN000EE3BKA1,new,Buty > Miejskie > Wszystkie buty,"https://static.supersklep.pl/1411093-buty-vans-authentic-black-black.jpg?t=google,https://static.supersklep.pl/1411094-buty-vans-authentic-black-black.jpg?t=google,https://static.supersklep.pl/1411095-buty-vans-authentic-black-black.jpg?t=google,https://static.supersklep.pl/1411096-buty-vans-authentic-black-black.jpg?t=google,https://static.supersklep.pl/1411097-buty-vans-authentic-black-black.jpg?t=google,https://static.supersklep.pl/1411098-buty-vans-authentic-black-black.jpg?t=google,https://static.supersklep.pl/1411099-buty-vans-authentic-black-black.jpg?t=google,https://static.supersklep.pl/1411100-buty-vans-authentic-black-black.jpg?t=google,https://static.supersklep.pl/1411092-buty-vans-authentic-black-black.jpg?t=google",czarny,36.5,tekstylny,unisex,true,false,true
700053288935,"Buty Vans Authentic (black/black), 42","Vans, najbardziej rozpoznawalna marka butów do skateboardingu na całym świecie, od 66 lat dostarcza najwyższą jakość i komfort. Authentic to klasyczna sylwetka Vansa, łatwo rozpoznawalna po minimalistycznym stylu. Cholewka z płótna typu canvas, swoją elastycznością przypomina płótno malarskie gwarantując wysoką jakość i trwałość. Gruba wulkanizowana podeszwa środkowa i podeszwa z gumy wulkanizowanej z wzorem waflowym pozostaje niezmieniona, zapewniając niesamowitą przyczepność i amortyzację wstrząsów Materiał: tekstylny Okute otworki na sznurowadła Miękka, komfortowa wkładka wewnętrzna Z tyłu na podeszwie typowe dla klasycznych modeli Vansa uwypuklenie na sklejeniu gumy wraz z logo firmy tzw. ""gumka na gumkę"" Podeszwa: guma wulkanizowana o dużej przyczepności, w kultowej już formie wafla",https://supersklep.pl/i130444-buty-vans-authentic-black-black,Vans,supersklep (pl),https://static.supersklep.pl/1411091-buty-vans-authentic-black-black.jpg?t=google,in_stock,319.90 PLN,259.90 PLN,130444,true,"{""color"":""czarny"",""size"":""42""}",700053288935,VN000EE3BKA1,new,Buty > Miejskie > Wszystkie buty,"https://static.supersklep.pl/1411093-buty-vans-authentic-black-black.jpg?t=google,https://static.supersklep.pl/1411094-buty-vans-authentic-black-black.jpg?t=google,https://static.supersklep.pl/1411095-buty-vans-authentic-black-black.jpg?t=google,https://static.supersklep.pl/1411096-buty-vans-authentic-black-black.jpg?t=google,https://static.supersklep.pl/1411097-buty-vans-authentic-black-black.jpg?t=google,https://static.supersklep.pl/1411098-buty-vans-authentic-black-black.jpg?t=google,https://static.supersklep.pl/1411099-buty-vans-authentic-black-black.jpg?t=google,https://static.supersklep.pl/1411100-buty-vans-authentic-black-black.jpg?t=google,https://static.supersklep.pl/1411092-buty-vans-authentic-black-black.jpg?t=google",czarny,42,tekstylny,unisex,true,false,true
700053288904,"Buty Vans Authentic (black/black), 40","Vans, najbardziej rozpoznawalna marka butów do skateboardingu na całym świecie, od 66 lat dostarcza najwyższą jakość i komfort. Authentic to klasyczna sylwetka Vansa, łatwo rozpoznawalna po minimalistycznym stylu. Cholewka z płótna typu canvas, swoją elastycznością przypomina płótno malarskie gwarantując wysoką jakość i trwałość. Gruba wulkanizowana podeszwa środkowa i podeszwa z gumy wulkanizowanej z wzorem waflowym pozostaje niezmieniona, zapewniając niesamowitą przyczepność i amortyzację wstrząsów Materiał: tekstylny Okute otworki na sznurowadła Miękka, komfortowa wkładka wewnętrzna Z tyłu na podeszwie typowe dla klasycznych modeli Vansa uwypuklenie na sklejeniu gumy wraz z logo firmy tzw. ""gumka na gumkę"" Podeszwa: guma wulkanizowana o dużej przyczepności, w kultowej już formie wafla",https://supersklep.pl/i130444-buty-vans-authentic-black-black,Vans,supersklep (pl),https://static.supersklep.pl/1411091-buty-vans-authentic-black-black.jpg?t=google,in_stock,319.90 PLN,259.90 PLN,130444,true,"{""color"":""czarny"",""size"":""40""}",700053288904,VN000EE3BKA1,new,Buty > Miejskie > Wszystkie buty,"https://static.supersklep.pl/1411093-buty-vans-authentic-black-black.jpg?t=google,https://static.supersklep.pl/1411094-buty-vans-authentic-black-black.jpg?t=google,https://static.supersklep.pl/1411095-buty-vans-authentic-black-black.jpg?t=google,https://static.supersklep.pl/1411096-buty-vans-authentic-black-black.jpg?t=google,https://static.supersklep.pl/1411097-buty-vans-authentic-black-black.jpg?t=google,https://static.supersklep.pl/1411098-buty-vans-authentic-black-black.jpg?t=google,https://static.supersklep.pl/1411099-buty-vans-authentic-black-black.jpg?t=google,https://static.supersklep.pl/1411100-buty-vans-authentic-black-black.jpg?t=google,https://static.supersklep.pl/1411092-buty-vans-authentic-black-black.jpg?t=google",czarny,40,tekstylny,unisex,true,false,true
700053288966,"Buty Vans Authentic (black/black), 44","Vans, najbardziej rozpoznawalna marka butów do skateboardingu na całym świecie, od 66 lat dostarcza najwyższą jakość i komfort. Authentic to klasyczna sylwetka Vansa, łatwo rozpoznawalna po minimalistycznym stylu. Cholewka z płótna typu canvas, swoją elastycznością przypomina płótno malarskie gwarantując wysoką jakość i trwałość. Gruba wulkanizowana podeszwa środkowa i podeszwa z gumy wulkanizowanej z wzorem waflowym pozostaje niezmieniona, zapewniając niesamowitą przyczepność i amortyzację wstrząsów Materiał: tekstylny Okute otworki na sznurowadła Miękka, komfortowa wkładka wewnętrzna Z tyłu na podeszwie typowe dla klasycznych modeli Vansa uwypuklenie na sklejeniu gumy wraz z logo firmy tzw. ""gumka na gumkę"" Podeszwa: guma wulkanizowana o dużej przyczepności, w kultowej już formie wafla",https://supersklep.pl/i130444-buty-vans-authentic-black-black,Vans,supersklep (pl),https://static.supersklep.pl/1411091-buty-vans-authentic-black-black.jpg?t=google,in_stock,319.90 PLN,259.90 PLN,130444,true,"{""color"":""czarny"",""size"":""44""}",700053288966,VN000EE3BKA1,new,Buty > Miejskie > Wszystkie buty,"https://static.supersklep.pl/1411093-buty-vans-authentic-black-black.jpg?t=google,https://static.supersklep.pl/1411094-buty-vans-authentic-black-black.jpg?t=google,https://static.supersklep.pl/1411095-buty-vans-authentic-black-black.jpg?t=google,https://static.supersklep.pl/1411096-buty-vans-authentic-black-black.jpg?t=google,https://static.supersklep.pl/1411097-buty-vans-authentic-black-black.jpg?t=google,https://static.supersklep.pl/1411098-buty-vans-authentic-black-black.jpg?t=google,https://static.supersklep.pl/1411099-buty-vans-authentic-black-black.jpg?t=google,https://static.supersklep.pl/1411100-buty-vans-authentic-black-black.jpg?t=google,https://static.supersklep.pl/1411092-buty-vans-authentic-black-black.jpg?t=google",czarny,44,tekstylny,unisex,true,false,true
700053288881,"Buty Vans Authentic (black/black), 38.5","Vans, najbardziej rozpoznawalna marka butów do skateboardingu na całym świecie, od 66 lat dostarcza najwyższą jakość i komfort. Authentic to klasyczna sylwetka Vansa, łatwo rozpoznawalna po minimalistycznym stylu. Cholewka z płótna typu canvas, swoją elastycznością przypomina płótno malarskie gwarantując wysoką jakość i trwałość. Gruba wulkanizowana podeszwa środkowa i podeszwa z gumy wulkanizowanej z wzorem waflowym pozostaje niezmieniona, zapewniając niesamowitą przyczepność i amortyzację wstrząsów Materiał: tekstylny Okute otworki na sznurowadła Miękka, komfortowa wkładka wewnętrzna Z tyłu na podeszwie typowe dla klasycznych modeli Vansa uwypuklenie na sklejeniu gumy wraz z logo firmy tzw. ""gumka na gumkę"" Podeszwa: guma wulkanizowana o dużej przyczepności, w kultowej już formie wafla",https://supersklep.pl/i130444-buty-vans-authentic-black-black,Vans,supersklep (pl),https://static.supersklep.pl/1411091-buty-vans-authentic-black-black.jpg?t=google,in_stock,319.90 PLN,259.90 PLN,130444,true,"{""color"":""czarny"",""size"":""38.5""}",700053288881,VN000EE3BKA1,new,Buty > Miejskie > Wszystkie buty,"https://static.supersklep.pl/1411093-buty-vans-authentic-black-black.jpg?t=google,https://static.supersklep.pl/1411094-buty-vans-authentic-black-black.jpg?t=google,https://static.supersklep.pl/1411095-buty-vans-authentic-black-black.jpg?t=google,https://static.supersklep.pl/1411096-buty-vans-authentic-black-black.jpg?t=google,https://static.supersklep.pl/1411097-buty-vans-authentic-black-black.jpg?t=google,https://static.supersklep.pl/1411098-buty-vans-authentic-black-black.jpg?t=google,https://static.supersklep.pl/1411099-buty-vans-authentic-black-black.jpg?t=google,https://static.supersklep.pl/1411100-buty-vans-authentic-black-black.jpg?t=google,https://static.supersklep.pl/1411092-buty-vans-authentic-black-black.jpg?t=google",czarny,38.5,tekstylny,unisex,true,false,true
700053288874,"Buty Vans Authentic (black/black), 38","Vans, najbardziej rozpoznawalna marka butów do skateboardingu na całym świecie, od 66 lat dostarcza najwyższą jakość i komfort. Authentic to klasyczna sylwetka Vansa, łatwo rozpoznawalna po minimalistycznym stylu. Cholewka z płótna typu canvas, swoją elastycznością przypomina płótno malarskie gwarantując wysoką jakość i trwałość. Gruba wulkanizowana podeszwa środkowa i podeszwa z gumy wulkanizowanej z wzorem waflowym pozostaje niezmieniona, zapewniając niesamowitą przyczepność i amortyzację wstrząsów Materiał: tekstylny Okute otworki na sznurowadła Miękka, komfortowa wkładka wewnętrzna Z tyłu na podeszwie typowe dla klasycznych modeli Vansa uwypuklenie na sklejeniu gumy wraz z logo firmy tzw. ""gumka na gumkę"" Podeszwa: guma wulkanizowana o dużej przyczepności, w kultowej już formie wafla",https://supersklep.pl/i130444-buty-vans-authentic-black-black,Vans,supersklep (pl),https://static.supersklep.pl/1411091-buty-vans-authentic-black-black.jpg?t=google,in_stock,319.90 PLN,259.90 PLN,130444,true,"{""color"":""czarny"",""size"":""38""}",700053288874,VN000EE3BKA1,new,Buty > Miejskie > Wszystkie buty,"https://static.supersklep.pl/1411093-buty-vans-authentic-black-black.jpg?t=google,https://static.supersklep.pl/1411094-buty-vans-authentic-black-black.jpg?t=google,https://static.supersklep.pl/1411095-buty-vans-authentic-black-black.jpg?t=google,https://static.supersklep.pl/1411096-buty-vans-authentic-black-black.jpg?t=google,https://static.supersklep.pl/1411097-buty-vans-authentic-black-black.jpg?t=google,https://static.supersklep.pl/1411098-buty-vans-authentic-black-black.jpg?t=google,https://static.supersklep.pl/1411099-buty-vans-authentic-black-black.jpg?t=google,https://static.supersklep.pl/1411100-buty-vans-authentic-black-black.jpg?t=google,https://static.supersklep.pl/1411092-buty-vans-authentic-black-black.jpg?t=google",czarny,38,tekstylny,unisex,true,false,true
700053288959,"Buty Vans Authentic (black/black), 43","Vans, najbardziej rozpoznawalna marka butów do skateboardingu na całym świecie, od 66 lat dostarcza najwyższą jakość i komfort. Authentic to klasyczna sylwetka Vansa, łatwo rozpoznawalna po minimalistycznym stylu. Cholewka z płótna typu canvas, swoją elastycznością przypomina płótno malarskie gwarantując wysoką jakość i trwałość. Gruba wulkanizowana podeszwa środkowa i podeszwa z gumy wulkanizowanej z wzorem waflowym pozostaje niezmieniona, zapewniając niesamowitą przyczepność i amortyzację wstrząsów Materiał: tekstylny Okute otworki na sznurowadła Miękka, komfortowa wkładka wewnętrzna Z tyłu na podeszwie typowe dla klasycznych modeli Vansa uwypuklenie na sklejeniu gumy wraz z logo firmy tzw. ""gumka na gumkę"" Podeszwa: guma wulkanizowana o dużej przyczepności, w kultowej już formie wafla",https://supersklep.pl/i130444-buty-vans-authentic-black-black,Vans,supersklep (pl),https://static.supersklep.pl/1411091-buty-vans-authentic-black-black.jpg?t=google,in_stock,319.90 PLN,259.90 PLN,130444,true,"{""color"":""czarny"",""size"":""43""}",700053288959,VN000EE3BKA1,new,Buty > Miejskie > Wszystkie buty,"https://static.supersklep.pl/1411093-buty-vans-authentic-black-black.jpg?t=google,https://static.supersklep.pl/1411094-buty-vans-authentic-black-black.jpg?t=google,https://static.supersklep.pl/1411095-buty-vans-authentic-black-black.jpg?t=google,https://static.supersklep.pl/1411096-buty-vans-authentic-black-black.jpg?t=google,https://static.supersklep.pl/1411097-buty-vans-authentic-black-black.jpg?t=google,https://static.supersklep.pl/1411098-buty-vans-authentic-black-black.jpg?t=google,https://static.supersklep.pl/1411099-buty-vans-authentic-black-black.jpg?t=google,https://static.supersklep.pl/1411100-buty-vans-authentic-black-black.jpg?t=google,https://static.supersklep.pl/1411092-buty-vans-authentic-black-black.jpg?t=google",czarny,43,tekstylny,unisex,true,false,true
700053288973,"Buty Vans Authentic (black/black), 44.5","Vans, najbardziej rozpoznawalna marka butów do skateboardingu na całym świecie, od 66 lat dostarcza najwyższą jakość i komfort. Authentic to klasyczna sylwetka Vansa, łatwo rozpoznawalna po minimalistycznym stylu. Cholewka z płótna typu canvas, swoją elastycznością przypomina płótno malarskie gwarantując wysoką jakość i trwałość. Gruba wulkanizowana podeszwa środkowa i podeszwa z gumy wulkanizowanej z wzorem waflowym pozostaje niezmieniona, zapewniając niesamowitą przyczepność i amortyzację wstrząsów Materiał: tekstylny Okute otworki na sznurowadła Miękka, komfortowa wkładka wewnętrzna Z tyłu na podeszwie typowe dla klasycznych modeli Vansa uwypuklenie na sklejeniu gumy wraz z logo firmy tzw. ""gumka na gumkę"" Podeszwa: guma wulkanizowana o dużej przyczepności, w kultowej już formie wafla",https://supersklep.pl/i130444-buty-vans-authentic-black-black,Vans,supersklep (pl),https://static.supersklep.pl/1411091-buty-vans-authentic-black-black.jpg?t=google,in_stock,319.90 PLN,259.90 PLN,130444,true,"{""color"":""czarny"",""size"":""44.5""}",700053288973,VN000EE3BKA1,new,Buty > Miejskie > Wszystkie buty,"https://static.supersklep.pl/1411093-buty-vans-authentic-black-black.jpg?t=google,https://static.supersklep.pl/1411094-buty-vans-authentic-black-black.jpg?t=google,https://static.supersklep.pl/1411095-buty-vans-authentic-black-black.jpg?t=google,https://static.supersklep.pl/1411096-buty-vans-authentic-black-black.jpg?t=google,https://static.supersklep.pl/1411097-buty-vans-authentic-black-black.jpg?t=google,https://static.supersklep.pl/1411098-buty-vans-authentic-black-black.jpg?t=google,https://static.supersklep.pl/1411099-buty-vans-authentic-black-black.jpg?t=google,https://static.supersklep.pl/1411100-buty-vans-authentic-black-black.jpg?t=google,https://static.supersklep.pl/1411092-buty-vans-authentic-black-black.jpg?t=google",czarny,44.5,tekstylny,unisex,true,false,true
700053288942,"Buty Vans Authentic (black/black), 42.5","Vans, najbardziej rozpoznawalna marka butów do skateboardingu na całym świecie, od 66 lat dostarcza najwyższą jakość i komfort. Authentic to klasyczna sylwetka Vansa, łatwo rozpoznawalna po minimalistycznym stylu. Cholewka z płótna typu canvas, swoją elastycznością przypomina płótno malarskie gwarantując wysoką jakość i trwałość. Gruba wulkanizowana podeszwa środkowa i podeszwa z gumy wulkanizowanej z wzorem waflowym pozostaje niezmieniona, zapewniając niesamowitą przyczepność i amortyzację wstrząsów Materiał: tekstylny Okute otworki na sznurowadła Miękka, komfortowa wkładka wewnętrzna Z tyłu na podeszwie typowe dla klasycznych modeli Vansa uwypuklenie na sklejeniu gumy wraz z logo firmy tzw. ""gumka na gumkę"" Podeszwa: guma wulkanizowana o dużej przyczepności, w kultowej już formie wafla",https://supersklep.pl/i130444-buty-vans-authentic-black-black,Vans,supersklep (pl),https://static.supersklep.pl/1411091-buty-vans-authentic-black-black.jpg?t=google,in_stock,319.90 PLN,259.90 PLN,130444,true,"{""color"":""czarny"",""size"":""42.5""}",700053288942,VN000EE3BKA1,new,Buty > Miejskie > Wszystkie buty,"https://static.supersklep.pl/1411093-buty-vans-authentic-black-black.jpg?t=google,https://static.supersklep.pl/1411094-buty-vans-authentic-black-black.jpg?t=google,https://static.supersklep.pl/1411095-buty-vans-authentic-black-black.jpg?t=google,https://static.supersklep.pl/1411096-buty-vans-authentic-black-black.jpg?t=google,https://static.supersklep.pl/1411097-buty-vans-authentic-black-black.jpg?t=google,https://static.supersklep.pl/1411098-buty-vans-authentic-black-black.jpg?t=google,https://static.supersklep.pl/1411099-buty-vans-authentic-black-black.jpg?t=google,https://static.supersklep.pl/1411100-buty-vans-authentic-black-black.jpg?t=google,https://static.supersklep.pl/1411092-buty-vans-authentic-black-black.jpg?t=google",czarny,42.5,tekstylny,unisex,true,false,true
700053289109,"Buty Vans Authentic (navy), 40.5","Vans, najbardziej rozpoznawalna marka butów do skateboardingu na całym świecie, od 66 lat dostarcza najwyższą jakość i komfort. Authentic to klasyczna sylwetka Vansa, łatwo rozpoznawalna po minimalistycznym stylu. Cholewka z płótna typu canvas, swoją elastycznością przypomina płótno malarskie gwarantując wysoką jakość i trwałość. Gruba wulkanizowana podeszwa środkowa i podeszwa z gumy wulkanizowanej z wzorem waflowym pozostaje niezmieniona, zapewniając niesamowitą przyczepność i amortyzację wstrząsów Materiał: tekstylny Okute otworki na sznurowadła Miękka, komfortowa wkładka wewnętrzna Z tyłu na podeszwie typowe dla klasycznych modeli Vansa uwypuklenie na sklejeniu gumy wraz z logo firmy tzw. ""gumka na gumkę"" Podeszwa: guma wulkanizowana o dużej przyczepności, w kultowej już formie wafla",https://supersklep.pl/i131046-buty-vans-authentic-navy,Vans,supersklep (pl),https://static.supersklep.pl/1032238-buty-vans-authentic-navy.jpg?t=google,in_stock,319.90 PLN,219.90 PLN,131046,true,"{""color"":""niebieski"",""size"":""40.5""}",700053289109,VN000EE3NVY1,new,Buty > Miejskie > Wszystkie buty,"https://static.supersklep.pl/1032239-buty-vans-authentic-navy.jpg?t=google,https://static.supersklep.pl/1032240-buty-vans-authentic-navy.jpg?t=google,https://static.supersklep.pl/1032241-buty-vans-authentic-navy.jpg?t=google,https://static.supersklep.pl/1032242-buty-vans-authentic-navy.jpg?t=google,https://static.supersklep.pl/1032243-buty-vans-authentic-navy.jpg?t=google,https://static.supersklep.pl/1032244-buty-vans-authentic-navy.jpg?t=google,https://static.supersklep.pl/1032245-buty-vans-authentic-navy.jpg?t=google,https://static.supersklep.pl/1032246-buty-vans-authentic-navy.jpg?t=google",niebieski,40.5,tekstylny,unisex,true,false,true
700053289079,"Buty Vans Authentic (navy), 38.5","Vans, najbardziej rozpoznawalna marka butów do skateboardingu na całym świecie, od 66 lat dostarcza najwyższą jakość i komfort. Authentic to klasyczna sylwetka Vansa, łatwo rozpoznawalna po minimalistycznym stylu. Cholewka z płótna typu canvas, swoją elastycznością przypomina płótno malarskie gwarantując wysoką jakość i trwałość. Gruba wulkanizowana podeszwa środkowa i podeszwa z gumy wulkanizowanej z wzorem waflowym pozostaje niezmieniona, zapewniając niesamowitą przyczepność i amortyzację wstrząsów Materiał: tekstylny Okute otworki na sznurowadła Miękka, komfortowa wkładka wewnętrzna Z tyłu na podeszwie typowe dla klasycznych modeli Vansa uwypuklenie na sklejeniu gumy wraz z logo firmy tzw. ""gumka na gumkę"" Podeszwa: guma wulkanizowana o dużej przyczepności, w kultowej już formie wafla",https://supersklep.pl/i131046-buty-vans-authentic-navy,Vans,supersklep (pl),https://static.supersklep.pl/1032238-buty-vans-authentic-navy.jpg?t=google,in_stock,319.90 PLN,219.90 PLN,131046,true,"{""color"":""niebieski"",""size"":""38.5""}",700053289079,VN000EE3NVY1,new,Buty > Miejskie > Wszystkie buty,"https://static.supersklep.pl/1032239-buty-vans-authentic-navy.jpg?t=google,https://static.supersklep.pl/1032240-buty-vans-authentic-navy.jpg?t=google,https://static.supersklep.pl/1032241-buty-vans-authentic-navy.jpg?t=google,https://static.supersklep.pl/1032242-buty-vans-authentic-navy.jpg?t=google,https://static.supersklep.pl/1032243-buty-vans-authentic-navy.jpg?t=google,https://static.supersklep.pl/1032244-buty-vans-authentic-navy.jpg?t=google,https://static.supersklep.pl/1032245-buty-vans-authentic-navy.jpg?t=google,https://static.supersklep.pl/1032246-buty-vans-authentic-navy.jpg?t=google",niebieski,38.5,tekstylny,unisex,true,false,true
700053289062,"Buty Vans Authentic (navy), 38","Vans, najbardziej rozpoznawalna marka butów do skateboardingu na całym świecie, od 66 lat dostarcza najwyższą jakość i komfort. Authentic to klasyczna sylwetka Vansa, łatwo rozpoznawalna po minimalistycznym stylu. Cholewka z płótna typu canvas, swoją elastycznością przypomina płótno malarskie gwarantując wysoką jakość i trwałość. Gruba wulkanizowana podeszwa środkowa i podeszwa z gumy wulkanizowanej z wzorem waflowym pozostaje niezmieniona, zapewniając niesamowitą przyczepność i amortyzację wstrząsów Materiał: tekstylny Okute otworki na sznurowadła Miękka, komfortowa wkładka wewnętrzna Z tyłu na podeszwie typowe dla klasycznych modeli Vansa uwypuklenie na sklejeniu gumy wraz z logo firmy tzw. ""gumka na gumkę"" Podeszwa: guma wulkanizowana o dużej przyczepności, w kultowej już formie wafla",https://supersklep.pl/i131046-buty-vans-authentic-navy,Vans,supersklep (pl),https://static.supersklep.pl/1032238-buty-vans-authentic-navy.jpg?t=google,in_stock,319.90 PLN,219.90 PLN,131046,true,"{""color"":""niebieski"",""size"":""38""}",700053289062,VN000EE3NVY1,new,Buty > Miejskie > Wszystkie buty,"https://static.supersklep.pl/1032239-buty-vans-authentic-navy.jpg?t=google,https://static.supersklep.pl/1032240-buty-vans-authentic-navy.jpg?t=google,https://static.supersklep.pl/1032241-buty-vans-authentic-navy.jpg?t=google,https://static.supersklep.pl/1032242-buty-vans-authentic-navy.jpg?t=google,https://static.supersklep.pl/1032243-buty-vans-authentic-navy.jpg?t=google,https://static.supersklep.pl/1032244-buty-vans-authentic-navy.jpg?t=google,https://static.supersklep.pl/1032245-buty-vans-authentic-navy.jpg?t=google,https://static.supersklep.pl/1032246-buty-vans-authentic-navy.jpg?t=google",niebieski,38,tekstylny,unisex,true,false,true
700053289055,"Buty Vans Authentic (navy), 37","Vans, najbardziej rozpoznawalna marka butów do skateboardingu na całym świecie, od 66 lat dostarcza najwyższą jakość i komfort. Authentic to klasyczna sylwetka Vansa, łatwo rozpoznawalna po minimalistycznym stylu. Cholewka z płótna typu canvas, swoją elastycznością przypomina płótno malarskie gwarantując wysoką jakość i trwałość. Gruba wulkanizowana podeszwa środkowa i podeszwa z gumy wulkanizowanej z wzorem waflowym pozostaje niezmieniona, zapewniając niesamowitą przyczepność i amortyzację wstrząsów Materiał: tekstylny Okute otworki na sznurowadła Miękka, komfortowa wkładka wewnętrzna Z tyłu na podeszwie typowe dla klasycznych modeli Vansa uwypuklenie na sklejeniu gumy wraz z logo firmy tzw. ""gumka na gumkę"" Podeszwa: guma wulkanizowana o dużej przyczepności, w kultowej już formie wafla",https://supersklep.pl/i131046-buty-vans-authentic-navy,Vans,supersklep (pl),https://static.supersklep.pl/1032238-buty-vans-authentic-navy.jpg?t=google,in_stock,319.90 PLN,219.90 PLN,131046,true,"{""color"":""niebieski"",""size"":""37""}",700053289055,VN000EE3NVY1,new,Buty > Miejskie > Wszystkie buty,"https://static.supersklep.pl/1032239-buty-vans-authentic-navy.jpg?t=google,https://static.supersklep.pl/1032240-buty-vans-authentic-navy.jpg?t=google,https://static.supersklep.pl/1032241-buty-vans-authentic-navy.jpg?t=google,https://static.supersklep.pl/1032242-buty-vans-authentic-navy.jpg?t=google,https://static.supersklep.pl/1032243-buty-vans-authentic-navy.jpg?t=google,https://static.supersklep.pl/1032244-buty-vans-authentic-navy.jpg?t=google,https://static.supersklep.pl/1032245-buty-vans-authentic-navy.jpg?t=google,https://static.supersklep.pl/1032246-buty-vans-authentic-navy.jpg?t=google",niebieski,37,tekstylny,unisex,true,false,true
700053288737,"Buty Vans Authentic (red), 41","Vans, najbardziej rozpoznawalna marka butów do skateboardingu na całym świecie, od 66 lat dostarcza najwyższą jakość i komfort. Authentic to klasyczna sylwetka Vansa, łatwo rozpoznawalna po minimalistycznym stylu. Cholewka z płótna typu canvas, swoją elastycznością przypomina płótno malarskie gwarantując wysoką jakość i trwałość. Gruba wulkanizowana podeszwa środkowa i podeszwa z gumy wulkanizowanej z wzorem waflowym pozostaje niezmieniona, zapewniając niesamowitą przyczepność i amortyzację wstrząsów Materiał: tekstylny Okute otworki na sznurowadła Miękka, komfortowa wkładka wewnętrzna Z tyłu na podeszwie typowe dla klasycznych modeli Vansa uwypuklenie na sklejeniu gumy wraz z logo firmy tzw. ""gumka na gumkę"" Podeszwa: guma wulkanizowana o dużej przyczepności, w kultowej już formie wafla",https://supersklep.pl/i131047-buty-vans-authentic-red,Vans,supersklep (pl),https://static.supersklep.pl/1410927-buty-vans-authentic-red.jpg?t=google,in_stock,319.90 PLN,219.90 PLN,131047,true,"{""color"":""czerwony"",""size"":""41""}",700053288737,VN000EE3RED1,new,Buty > Miejskie > Wszystkie buty,"https://static.supersklep.pl/1410929-buty-vans-authentic-red.jpg?t=google,https://static.supersklep.pl/1410930-buty-vans-authentic-red.jpg?t=google,https://static.supersklep.pl/1410931-buty-vans-authentic-red.jpg?t=google,https://static.supersklep.pl/1410932-buty-vans-authentic-red.jpg?t=google,https://static.supersklep.pl/1410933-buty-vans-authentic-red.jpg?t=google,https://static.supersklep.pl/1410934-buty-vans-authentic-red.jpg?t=google,https://static.supersklep.pl/1410935-buty-vans-authentic-red.jpg?t=google,https://static.supersklep.pl/1410936-buty-vans-authentic-red.jpg?t=google,https://static.supersklep.pl/1410928-buty-vans-authentic-red.jpg?t=google",czerwony,41,tekstylny,unisex,true,false,true
700053288690,"Buty Vans Authentic (red), 38.5","Vans, najbardziej rozpoznawalna marka butów do skateboardingu na całym świecie, od 66 lat dostarcza najwyższą jakość i komfort. Authentic to klasyczna sylwetka Vansa, łatwo rozpoznawalna po minimalistycznym stylu. Cholewka z płótna typu canvas, swoją elastycznością przypomina płótno malarskie gwarantując wysoką jakość i trwałość. Gruba wulkanizowana podeszwa środkowa i podeszwa z gumy wulkanizowanej z wzorem waflowym pozostaje niezmieniona, zapewniając niesamowitą przyczepność i amortyzację wstrząsów Materiał: tekstylny Okute otworki na sznurowadła Miękka, komfortowa wkładka wewnętrzna Z tyłu na podeszwie typowe dla klasycznych modeli Vansa uwypuklenie na sklejeniu gumy wraz z logo firmy tzw. ""gumka na gumkę"" Podeszwa: guma wulkanizowana o dużej przyczepności, w kultowej już formie wafla",https://supersklep.pl/i131047-buty-vans-authentic-red,Vans,supersklep (pl),https://static.supersklep.pl/1410927-buty-vans-authentic-red.jpg?t=google,in_stock,319.90 PLN,219.90 PLN,131047,true,"{""color"":""czerwony"",""size"":""38.5""}",700053288690,VN000EE3RED1,new,Buty > Miejskie > Wszystkie buty,"https://static.supersklep.pl/1410929-buty-vans-authentic-red.jpg?t=google,https://static.supersklep.pl/1410930-buty-vans-authentic-red.jpg?t=google,https://static.supersklep.pl/1410931-buty-vans-authentic-red.jpg?t=google,https://static.supersklep.pl/1410932-buty-vans-authentic-red.jpg?t=google,https://static.supersklep.pl/1410933-buty-vans-authentic-red.jpg?t=google,https://static.supersklep.pl/1410934-buty-vans-authentic-red.jpg?t=google,https://static.supersklep.pl/1410935-buty-vans-authentic-red.jpg?t=google,https://static.supersklep.pl/1410936-buty-vans-authentic-red.jpg?t=google,https://static.supersklep.pl/1410928-buty-vans-authentic-red.jpg?t=google",czerwony,38.5,tekstylny,unisex,true,false,true
700053288744,"Buty Vans Authentic (red), 42","Vans, najbardziej rozpoznawalna marka butów do skateboardingu na całym świecie, od 66 lat dostarcza najwyższą jakość i komfort. Authentic to klasyczna sylwetka Vansa, łatwo rozpoznawalna po minimalistycznym stylu. Cholewka z płótna typu canvas, swoją elastycznością przypomina płótno malarskie gwarantując wysoką jakość i trwałość. Gruba wulkanizowana podeszwa środkowa i podeszwa z gumy wulkanizowanej z wzorem waflowym pozostaje niezmieniona, zapewniając niesamowitą przyczepność i amortyzację wstrząsów Materiał: tekstylny Okute otworki na sznurowadła Miękka, komfortowa wkładka wewnętrzna Z tyłu na podeszwie typowe dla klasycznych modeli Vansa uwypuklenie na sklejeniu gumy wraz z logo firmy tzw. ""gumka na gumkę"" Podeszwa: guma wulkanizowana o dużej przyczepności, w kultowej już formie wafla",https://supersklep.pl/i131047-buty-vans-authentic-red,Vans,supersklep (pl),https://static.supersklep.pl/1410927-buty-vans-authentic-red.jpg?t=google,in_stock,319.90 PLN,219.90 PLN,131047,true,"{""color"":""czerwony"",""size"":""42""}",700053288744,VN000EE3RED1,new,Buty > Miejskie > Wszystkie buty,"https://static.supersklep.pl/1410929-buty-vans-authentic-red.jpg?t=google,https://static.supersklep.pl/1410930-buty-vans-authentic-red.jpg?t=google,https://static.supersklep.pl/1410931-buty-vans-authentic-red.jpg?t=google,https://static.supersklep.pl/1410932-buty-vans-authentic-red.jpg?t=google,https://static.supersklep.pl/1410933-buty-vans-authentic-red.jpg?t=google,https://static.supersklep.pl/1410934-buty-vans-authentic-red.jpg?t=google,https://static.supersklep.pl/1410935-buty-vans-authentic-red.jpg?t=google,https://static.supersklep.pl/1410936-buty-vans-authentic-red.jpg?t=google,https://static.supersklep.pl/1410928-buty-vans-authentic-red.jpg?t=google",czerwony,42,tekstylny,unisex,true,false,true
700053288751,"Buty Vans Authentic (red), 42.5","Vans, najbardziej rozpoznawalna marka butów do skateboardingu na całym świecie, od 66 lat dostarcza najwyższą jakość i komfort. Authentic to klasyczna sylwetka Vansa, łatwo rozpoznawalna po minimalistycznym stylu. Cholewka z płótna typu canvas, swoją elastycznością przypomina płótno malarskie gwarantując wysoką jakość i trwałość. Gruba wulkanizowana podeszwa środkowa i podeszwa z gumy wulkanizowanej z wzorem waflowym pozostaje niezmieniona, zapewniając niesamowitą przyczepność i amortyzację wstrząsów Materiał: tekstylny Okute otworki na sznurowadła Miękka, komfortowa wkładka wewnętrzna Z tyłu na podeszwie typowe dla klasycznych modeli Vansa uwypuklenie na sklejeniu gumy wraz z logo firmy tzw. ""gumka na gumkę"" Podeszwa: guma wulkanizowana o dużej przyczepności, w kultowej już formie wafla",https://supersklep.pl/i131047-buty-vans-authentic-red,Vans,supersklep (pl),https://static.supersklep.pl/1410927-buty-vans-authentic-red.jpg?t=google,in_stock,319.90 PLN,219.90 PLN,131047,true,"{""color"":""czerwony"",""size"":""42.5""}",700053288751,VN000EE3RED1,new,Buty > Miejskie > Wszystkie buty,"https://static.supersklep.pl/1410929-buty-vans-authentic-red.jpg?t=google,https://static.supersklep.pl/1410930-buty-vans-authentic-red.jpg?t=google,https://static.supersklep.pl/1410931-buty-vans-authentic-red.jpg?t=google,https://static.supersklep.pl/1410932-buty-vans-authentic-red.jpg?t=google,https://static.supersklep.pl/1410933-buty-vans-authentic-red.jpg?t=google,https://static.supersklep.pl/1410934-buty-vans-authentic-red.jpg?t=google,https://static.supersklep.pl/1410935-buty-vans-authentic-red.jpg?t=google,https://static.supersklep.pl/1410936-buty-vans-authentic-red.jpg?t=google,https://static.supersklep.pl/1410928-buty-vans-authentic-red.jpg?t=google",czerwony,42.5,tekstylny,unisex,true,false,true
700053288799,"Buty Vans Authentic (red), 45","Vans, najbardziej rozpoznawalna marka butów do skateboardingu na całym świecie, od 66 lat dostarcza najwyższą jakość i komfort. Authentic to klasyczna sylwetka Vansa, łatwo rozpoznawalna po minimalistycznym stylu. Cholewka z płótna typu canvas, swoją elastycznością przypomina płótno malarskie gwarantując wysoką jakość i trwałość. Gruba wulkanizowana podeszwa środkowa i podeszwa z gumy wulkanizowanej z wzorem waflowym pozostaje niezmieniona, zapewniając niesamowitą przyczepność i amortyzację wstrząsów Materiał: tekstylny Okute otworki na sznurowadła Miękka, komfortowa wkładka wewnętrzna Z tyłu na podeszwie typowe dla klasycznych modeli Vansa uwypuklenie na sklejeniu gumy wraz z logo firmy tzw. ""gumka na gumkę"" Podeszwa: guma wulkanizowana o dużej przyczepności, w kultowej już formie wafla",https://supersklep.pl/i131047-buty-vans-authentic-red,Vans,supersklep (pl),https://static.supersklep.pl/1410927-buty-vans-authentic-red.jpg?t=google,in_stock,319.90 PLN,219.90 PLN,131047,true,"{""color"":""czerwony"",""size"":""45""}",700053288799,VN000EE3RED1,new,Buty > Miejskie > Wszystkie buty,"https://static.supersklep.pl/1410929-buty-vans-authentic-red.jpg?t=google,https://static.supersklep.pl/1410930-buty-vans-authentic-red.jpg?t=google,https://static.supersklep.pl/1410931-buty-vans-authentic-red.jpg?t=google,https://static.supersklep.pl/1410932-buty-vans-authentic-red.jpg?t=google,https://static.supersklep.pl/1410933-buty-vans-authentic-red.jpg?t=google,https://static.supersklep.pl/1410934-buty-vans-authentic-red.jpg?t=google,https://static.supersklep.pl/1410935-buty-vans-authentic-red.jpg?t=google,https://static.supersklep.pl/1410936-buty-vans-authentic-red.jpg?t=google,https://static.supersklep.pl/1410928-buty-vans-authentic-red.jpg?t=google",czerwony,45,tekstylny,unisex,true,false,true
700053288720,"Buty Vans Authentic (red), 40.5","Vans, najbardziej rozpoznawalna marka butów do skateboardingu na całym świecie, od 66 lat dostarcza najwyższą jakość i komfort. Authentic to klasyczna sylwetka Vansa, łatwo rozpoznawalna po minimalistycznym stylu. Cholewka z płótna typu canvas, swoją elastycznością przypomina płótno malarskie gwarantując wysoką jakość i trwałość. Gruba wulkanizowana podeszwa środkowa i podeszwa z gumy wulkanizowanej z wzorem waflowym pozostaje niezmieniona, zapewniając niesamowitą przyczepność i amortyzację wstrząsów Materiał: tekstylny Okute otworki na sznurowadła Miękka, komfortowa wkładka wewnętrzna Z tyłu na podeszwie typowe dla klasycznych modeli Vansa uwypuklenie na sklejeniu gumy wraz z logo firmy tzw. ""gumka na gumkę"" Podeszwa: guma wulkanizowana o dużej przyczepności, w kultowej już formie wafla",https://supersklep.pl/i131047-buty-vans-authentic-red,Vans,supersklep (pl),https://static.supersklep.pl/1410927-buty-vans-authentic-red.jpg?t=google,in_stock,319.90 PLN,219.90 PLN,131047,true,"{""color"":""czerwony"",""size"":""40.5""}",700053288720,VN000EE3RED1,new,Buty > Miejskie > Wszystkie buty,"https://static.supersklep.pl/1410929-buty-vans-authentic-red.jpg?t=google,https://static.supersklep.pl/1410930-buty-vans-authentic-red.jpg?t=google,https://static.supersklep.pl/1410931-buty-vans-authentic-red.jpg?t=google,https://static.supersklep.pl/1410932-buty-vans-authentic-red.jpg?t=google,https://static.supersklep.pl/1410933-buty-vans-authentic-red.jpg?t=google,https://static.supersklep.pl/1410934-buty-vans-authentic-red.jpg?t=google,https://static.supersklep.pl/1410935-buty-vans-authentic-red.jpg?t=google,https://static.supersklep.pl/1410936-buty-vans-authentic-red.jpg?t=google,https://static.supersklep.pl/1410928-buty-vans-authentic-red.jpg?t=google",czerwony,40.5,tekstylny,unisex,true,false,true
700053288713,"Buty Vans Authentic (red), 40","Vans, najbardziej rozpoznawalna marka butów do skateboardingu na całym świecie, od 66 lat dostarcza najwyższą jakość i komfort. Authentic to klasyczna sylwetka Vansa, łatwo rozpoznawalna po minimalistycznym stylu. Cholewka z płótna typu canvas, swoją elastycznością przypomina płótno malarskie gwarantując wysoką jakość i trwałość. Gruba wulkanizowana podeszwa środkowa i podeszwa z gumy wulkanizowanej z wzorem waflowym pozostaje niezmieniona, zapewniając niesamowitą przyczepność i amortyzację wstrząsów Materiał: tekstylny Okute otworki na sznurowadła Miękka, komfortowa wkładka wewnętrzna Z tyłu na podeszwie typowe dla klasycznych modeli Vansa uwypuklenie na sklejeniu gumy wraz z logo firmy tzw. ""gumka na gumkę"" Podeszwa: guma wulkanizowana o dużej przyczepności, w kultowej już formie wafla",https://supersklep.pl/i131047-buty-vans-authentic-red,Vans,supersklep (pl),https://static.supersklep.pl/1410927-buty-vans-authentic-red.jpg?t=google,in_stock,319.90 PLN,219.90 PLN,131047,true,"{""color"":""czerwony"",""size"":""40""}",700053288713,VN000EE3RED1,new,Buty > Miejskie > Wszystkie buty,"https://static.supersklep.pl/1410929-buty-vans-authentic-red.jpg?t=google,https://static.supersklep.pl/1410930-buty-vans-authentic-red.jpg?t=google,https://static.supersklep.pl/1410931-buty-vans-authentic-red.jpg?t=google,https://static.supersklep.pl/1410932-buty-vans-authentic-red.jpg?t=google,https://static.supersklep.pl/1410933-buty-vans-authentic-red.jpg?t=google,https://static.supersklep.pl/1410934-buty-vans-authentic-red.jpg?t=google,https://static.supersklep.pl/1410935-buty-vans-authentic-red.jpg?t=google,https://static.supersklep.pl/1410936-buty-vans-authentic-red.jpg?t=google,https://static.supersklep.pl/1410928-buty-vans-authentic-red.jpg?t=google",czerwony,40,tekstylny,unisex,true,false,true
700053288805,"Buty Vans Authentic (red), 46","Vans, najbardziej rozpoznawalna marka butów do skateboardingu na całym świecie, od 66 lat dostarcza najwyższą jakość i komfort. Authentic to klasyczna sylwetka Vansa, łatwo rozpoznawalna po minimalistycznym stylu. Cholewka z płótna typu canvas, swoją elastycznością przypomina płótno malarskie gwarantując wysoką jakość i trwałość. Gruba wulkanizowana podeszwa środkowa i podeszwa z gumy wulkanizowanej z wzorem waflowym pozostaje niezmieniona, zapewniając niesamowitą przyczepność i amortyzację wstrząsów Materiał: tekstylny Okute otworki na sznurowadła Miękka, komfortowa wkładka wewnętrzna Z tyłu na podeszwie typowe dla klasycznych modeli Vansa uwypuklenie na sklejeniu gumy wraz z logo firmy tzw. ""gumka na gumkę"" Podeszwa: guma wulkanizowana o dużej przyczepności, w kultowej już formie wafla",https://supersklep.pl/i131047-buty-vans-authentic-red,Vans,supersklep (pl),https://static.supersklep.pl/1410927-buty-vans-authentic-red.jpg?t=google,in_stock,319.90 PLN,219.90 PLN,131047,true,"{""color"":""czerwony"",""size"":""46""}",700053288805,VN000EE3RED1,new,Buty > Miejskie > Wszystkie buty,"https://static.supersklep.pl/1410929-buty-vans-authentic-red.jpg?t=google,https://static.supersklep.pl/1410930-buty-vans-authentic-red.jpg?t=google,https://static.supersklep.pl/1410931-buty-vans-authentic-red.jpg?t=google,https://static.supersklep.pl/1410932-buty-vans-authentic-red.jpg?t=google,https://static.supersklep.pl/1410933-buty-vans-authentic-red.jpg?t=google,https://static.supersklep.pl/1410934-buty-vans-authentic-red.jpg?t=google,https://static.supersklep.pl/1410935-buty-vans-authentic-red.jpg?t=google,https://static.supersklep.pl/1410936-buty-vans-authentic-red.jpg?t=google,https://static.supersklep.pl/1410928-buty-vans-authentic-red.jpg?t=google",czerwony,46,tekstylny,unisex,true,false,true
700053288706,"Buty Vans Authentic (red), 39","Vans, najbardziej rozpoznawalna marka butów do skateboardingu na całym świecie, od 66 lat dostarcza najwyższą jakość i komfort. Authentic to klasyczna sylwetka Vansa, łatwo rozpoznawalna po minimalistycznym stylu. Cholewka z płótna typu canvas, swoją elastycznością przypomina płótno malarskie gwarantując wysoką jakość i trwałość. Gruba wulkanizowana podeszwa środkowa i podeszwa z gumy wulkanizowanej z wzorem waflowym pozostaje niezmieniona, zapewniając niesamowitą przyczepność i amortyzację wstrząsów Materiał: tekstylny Okute otworki na sznurowadła Miękka, komfortowa wkładka wewnętrzna Z tyłu na podeszwie typowe dla klasycznych modeli Vansa uwypuklenie na sklejeniu gumy wraz z logo firmy tzw. ""gumka na gumkę"" Podeszwa: guma wulkanizowana o dużej przyczepności, w kultowej już formie wafla",https://supersklep.pl/i131047-buty-vans-authentic-red,Vans,supersklep (pl),https://static.supersklep.pl/1410927-buty-vans-authentic-red.jpg?t=google,in_stock,319.90 PLN,219.90 PLN,131047,true,"{""color"":""czerwony"",""size"":""39""}",700053288706,VN000EE3RED1,new,Buty > Miejskie > Wszystkie buty,"https://static.supersklep.pl/1410929-buty-vans-authentic-red.jpg?t=google,https://static.supersklep.pl/1410930-buty-vans-authentic-red.jpg?t=google,https://static.supersklep.pl/1410931-buty-vans-authentic-red.jpg?t=google,https://static.supersklep.pl/1410932-buty-vans-authentic-red.jpg?t=google,https://static.supersklep.pl/1410933-buty-vans-authentic-red.jpg?t=google,https://static.supersklep.pl/1410934-buty-vans-authentic-red.jpg?t=google,https://static.supersklep.pl/1410935-buty-vans-authentic-red.jpg?t=google,https://static.supersklep.pl/1410936-buty-vans-authentic-red.jpg?t=google,https://static.supersklep.pl/1410928-buty-vans-authentic-red.jpg?t=google",czerwony,39,tekstylny,unisex,true,false,true
700053287969,"Buty Vans Authentic (black), 37","Vans, najbardziej rozpoznawalna marka butów do skateboardingu na całym świecie, od 66 lat dostarcza najwyższą jakość i komfort. Authentic to klasyczna sylwetka Vansa, łatwo rozpoznawalna po minimalistycznym stylu. Cholewka z płótna typu canvas, swoją elastycznością przypomina płótno malarskie gwarantując wysoką jakość i trwałość. Gruba wulkanizowana podeszwa środkowa i podeszwa z gumy wulkanizowanej z wzorem waflowym pozostaje niezmieniona, zapewniając niesamowitą przyczepność i amortyzację wstrząsów Materiał: tekstylny Okute otworki na sznurowadła Miękka, komfortowa wkładka wewnętrzna Z tyłu na podeszwie typowe dla klasycznych modeli Vansa uwypuklenie na sklejeniu gumy wraz z logo firmy tzw. ""gumka na gumkę"" Podeszwa: guma wulkanizowana o dużej przyczepności, w kultowej już formie wafla",https://supersklep.pl/i131417-buty-vans-authentic-black,Vans,supersklep (pl),https://static.supersklep.pl/1410747-buty-vans-authentic-black.jpg?t=google,in_stock,319.90 PLN,239.90 PLN,131417,true,"{""color"":""czarny"",""size"":""37""}",700053287969,VN000EE3BLK1,new,Buty > Miejskie > Wszystkie buty,"https://static.supersklep.pl/1410748-buty-vans-authentic-black.jpg?t=google,https://static.supersklep.pl/1410749-buty-vans-authentic-black.jpg?t=google,https://static.supersklep.pl/1410750-buty-vans-authentic-black.jpg?t=google,https://static.supersklep.pl/1410751-buty-vans-authentic-black.jpg?t=google,https://static.supersklep.pl/1410752-buty-vans-authentic-black.jpg?t=google,https://static.supersklep.pl/1410753-buty-vans-authentic-black.jpg?t=google,https://static.supersklep.pl/1410754-buty-vans-authentic-black.jpg?t=google,https://static.supersklep.pl/1410755-buty-vans-authentic-black.jpg?t=google",czarny,37,tekstylny,unisex,true,false,true
700053287945,"Buty Vans Authentic (black), 36","Vans, najbardziej rozpoznawalna marka butów do skateboardingu na całym świecie, od 66 lat dostarcza najwyższą jakość i komfort. Authentic to klasyczna sylwetka Vansa, łatwo rozpoznawalna po minimalistycznym stylu. Cholewka z płótna typu canvas, swoją elastycznością przypomina płótno malarskie gwarantując wysoką jakość i trwałość. Gruba wulkanizowana podeszwa środkowa i podeszwa z gumy wulkanizowanej z wzorem waflowym pozostaje niezmieniona, zapewniając niesamowitą przyczepność i amortyzację wstrząsów Materiał: tekstylny Okute otworki na sznurowadła Miękka, komfortowa wkładka wewnętrzna Z tyłu na podeszwie typowe dla klasycznych modeli Vansa uwypuklenie na sklejeniu gumy wraz z logo firmy tzw. ""gumka na gumkę"" Podeszwa: guma wulkanizowana o dużej przyczepności, w kultowej już formie wafla",https://supersklep.pl/i131417-buty-vans-authentic-black,Vans,supersklep (pl),https://static.supersklep.pl/1410747-buty-vans-authentic-black.jpg?t=google,in_stock,319.90 PLN,239.90 PLN,131417,true,"{""color"":""czarny"",""size"":""36""}",700053287945,VN000EE3BLK1,new,Buty > Miejskie > Wszystkie buty,"https://static.supersklep.pl/1410748-buty-vans-authentic-black.jpg?t=google,https://static.supersklep.pl/1410749-buty-vans-authentic-black.jpg?t=google,https://static.supersklep.pl/1410750-buty-vans-authentic-black.jpg?t=google,https://static.supersklep.pl/1410751-buty-vans-authentic-black.jpg?t=google,https://static.supersklep.pl/1410752-buty-vans-authentic-black.jpg?t=google,https://static.supersklep.pl/1410753-buty-vans-authentic-black.jpg?t=google,https://static.supersklep.pl/1410754-buty-vans-authentic-black.jpg?t=google,https://static.supersklep.pl/1410755-buty-vans-authentic-black.jpg?t=google",czarny,36,tekstylny,unisex,true,false,true
700053288539,"Buty Vans Authentic (black), 40.5","Vans, najbardziej rozpoznawalna marka butów do skateboardingu na całym świecie, od 66 lat dostarcza najwyższą jakość i komfort. Authentic to klasyczna sylwetka Vansa, łatwo rozpoznawalna po minimalistycznym stylu. Cholewka z płótna typu canvas, swoją elastycznością przypomina płótno malarskie gwarantując wysoką jakość i trwałość. Gruba wulkanizowana podeszwa środkowa i podeszwa z gumy wulkanizowanej z wzorem waflowym pozostaje niezmieniona, zapewniając niesamowitą przyczepność i amortyzację wstrząsów Materiał: tekstylny Okute otworki na sznurowadła Miękka, komfortowa wkładka wewnętrzna Z tyłu na podeszwie typowe dla klasycznych modeli Vansa uwypuklenie na sklejeniu gumy wraz z logo firmy tzw. ""gumka na gumkę"" Podeszwa: guma wulkanizowana o dużej przyczepności, w kultowej już formie wafla",https://supersklep.pl/i131417-buty-vans-authentic-black,Vans,supersklep (pl),https://static.supersklep.pl/1410747-buty-vans-authentic-black.jpg?t=google,in_stock,319.90 PLN,239.90 PLN,131417,true,"{""color"":""czarny"",""size"":""40.5""}",700053288539,VN000EE3BLK1,new,Buty > Miejskie > Wszystkie buty,"https://static.supersklep.pl/1410748-buty-vans-authentic-black.jpg?t=google,https://static.supersklep.pl/1410749-buty-vans-authentic-black.jpg?t=google,https://static.supersklep.pl/1410750-buty-vans-authentic-black.jpg?t=google,https://static.supersklep.pl/1410751-buty-vans-authentic-black.jpg?t=google,https://static.supersklep.pl/1410752-buty-vans-authentic-black.jpg?t=google,https://static.supersklep.pl/1410753-buty-vans-authentic-black.jpg?t=google,https://static.supersklep.pl/1410754-buty-vans-authentic-black.jpg?t=google,https://static.supersklep.pl/1410755-buty-vans-authentic-black.jpg?t=google",czarny,40.5,tekstylny,unisex,true,false,true
700053288515,"Buty Vans Authentic (black), 39","Vans, najbardziej rozpoznawalna marka butów do skateboardingu na całym świecie, od 66 lat dostarcza najwyższą jakość i komfort. Authentic to klasyczna sylwetka Vansa, łatwo rozpoznawalna po minimalistycznym stylu. Cholewka z płótna typu canvas, swoją elastycznością przypomina płótno malarskie gwarantując wysoką jakość i trwałość. Gruba wulkanizowana podeszwa środkowa i podeszwa z gumy wulkanizowanej z wzorem waflowym pozostaje niezmieniona, zapewniając niesamowitą przyczepność i amortyzację wstrząsów Materiał: tekstylny Okute otworki na sznurowadła Miękka, komfortowa wkładka wewnętrzna Z tyłu na podeszwie typowe dla klasycznych modeli Vansa uwypuklenie na sklejeniu gumy wraz z logo firmy tzw. ""gumka na gumkę"" Podeszwa: guma wulkanizowana o dużej przyczepności, w kultowej już formie wafla",https://supersklep.pl/i131417-buty-vans-authentic-black,Vans,supersklep (pl),https://static.supersklep.pl/1410747-buty-vans-authentic-black.jpg?t=google,in_stock,319.90 PLN,239.90 PLN,131417,true,"{""color"":""czarny"",""size"":""39""}",700053288515,VN000EE3BLK1,new,Buty > Miejskie > Wszystkie buty,"https://static.supersklep.pl/1410748-buty-vans-authentic-black.jpg?t=google,https://static.supersklep.pl/1410749-buty-vans-authentic-black.jpg?t=google,https://static.supersklep.pl/1410750-buty-vans-authentic-black.jpg?t=google,https://static.supersklep.pl/1410751-buty-vans-authentic-black.jpg?t=google,https://static.supersklep.pl/1410752-buty-vans-authentic-black.jpg?t=google,https://static.supersklep.pl/1410753-buty-vans-authentic-black.jpg?t=google,https://static.supersklep.pl/1410754-buty-vans-authentic-black.jpg?t=google,https://static.supersklep.pl/1410755-buty-vans-authentic-black.jpg?t=google",czarny,39,tekstylny,unisex,true,false,true
700053288607,"Buty Vans Authentic (black), 45","Vans, najbardziej rozpoznawalna marka butów do skateboardingu na całym świecie, od 66 lat dostarcza najwyższą jakość i komfort. Authentic to klasyczna sylwetka Vansa, łatwo rozpoznawalna po minimalistycznym stylu. Cholewka z płótna typu canvas, swoją elastycznością przypomina płótno malarskie gwarantując wysoką jakość i trwałość. Gruba wulkanizowana podeszwa środkowa i podeszwa z gumy wulkanizowanej z wzorem waflowym pozostaje niezmieniona, zapewniając niesamowitą przyczepność i amortyzację wstrząsów Materiał: tekstylny Okute otworki na sznurowadła Miękka, komfortowa wkładka wewnętrzna Z tyłu na podeszwie typowe dla klasycznych modeli Vansa uwypuklenie na sklejeniu gumy wraz z logo firmy tzw. ""gumka na gumkę"" Podeszwa: guma wulkanizowana o dużej przyczepności, w kultowej już formie wafla",https://supersklep.pl/i131417-buty-vans-authentic-black,Vans,supersklep (pl),https://static.supersklep.pl/1410747-buty-vans-authentic-black.jpg?t=google,in_stock,319.90 PLN,239.90 PLN,131417,true,"{""color"":""czarny"",""size"":""45""}",700053288607,VN000EE3BLK1,new,Buty > Miejskie > Wszystkie buty,"https://static.supersklep.pl/1410748-buty-vans-authentic-black.jpg?t=google,https://static.supersklep.pl/1410749-buty-vans-authentic-black.jpg?t=google,https://static.supersklep.pl/1410750-buty-vans-authentic-black.jpg?t=google,https://static.supersklep.pl/1410751-buty-vans-authentic-black.jpg?t=google,https://static.supersklep.pl/1410752-buty-vans-authentic-black.jpg?t=google,https://static.supersklep.pl/1410753-buty-vans-authentic-black.jpg?t=google,https://static.supersklep.pl/1410754-buty-vans-authentic-black.jpg?t=google,https://static.supersklep.pl/1410755-buty-vans-authentic-black.jpg?t=google",czarny,45,tekstylny,unisex,true,false,true
700053288591,"Buty Vans Authentic (black), 44.5","Vans, najbardziej rozpoznawalna marka butów do skateboardingu na całym świecie, od 66 lat dostarcza najwyższą jakość i komfort. Authentic to klasyczna sylwetka Vansa, łatwo rozpoznawalna po minimalistycznym stylu. Cholewka z płótna typu canvas, swoją elastycznością przypomina płótno malarskie gwarantując wysoką jakość i trwałość. Gruba wulkanizowana podeszwa środkowa i podeszwa z gumy wulkanizowanej z wzorem waflowym pozostaje niezmieniona, zapewniając niesamowitą przyczepność i amortyzację wstrząsów Materiał: tekstylny Okute otworki na sznurowadła Miękka, komfortowa wkładka wewnętrzna Z tyłu na podeszwie typowe dla klasycznych modeli Vansa uwypuklenie na sklejeniu gumy wraz z logo firmy tzw. ""gumka na gumkę"" Podeszwa: guma wulkanizowana o dużej przyczepności, w kultowej już formie wafla",https://supersklep.pl/i131417-buty-vans-authentic-black,Vans,supersklep (pl),https://static.supersklep.pl/1410747-buty-vans-authentic-black.jpg?t=google,in_stock,319.90 PLN,239.90 PLN,131417,true,"{""color"":""czarny"",""size"":""44.5""}",700053288591,VN000EE3BLK1,new,Buty > Miejskie > Wszystkie buty,"https://static.supersklep.pl/1410748-buty-vans-authentic-black.jpg?t=google,https://static.supersklep.pl/1410749-buty-vans-authentic-black.jpg?t=google,https://static.supersklep.pl/1410750-buty-vans-authentic-black.jpg?t=google,https://static.supersklep.pl/1410751-buty-vans-authentic-black.jpg?t=google,https://static.supersklep.pl/1410752-buty-vans-authentic-black.jpg?t=google,https://static.supersklep.pl/1410753-buty-vans-authentic-black.jpg?t=google,https://static.supersklep.pl/1410754-buty-vans-authentic-black.jpg?t=google,https://static.supersklep.pl/1410755-buty-vans-authentic-black.jpg?t=google",czarny,44.5,tekstylny,unisex,true,false,true
700053288621,"Buty Vans Authentic (black), 47","Vans, najbardziej rozpoznawalna marka butów do skateboardingu na całym świecie, od 66 lat dostarcza najwyższą jakość i komfort. Authentic to klasyczna sylwetka Vansa, łatwo rozpoznawalna po minimalistycznym stylu. Cholewka z płótna typu canvas, swoją elastycznością przypomina płótno malarskie gwarantując wysoką jakość i trwałość. Gruba wulkanizowana podeszwa środkowa i podeszwa z gumy wulkanizowanej z wzorem waflowym pozostaje niezmieniona, zapewniając niesamowitą przyczepność i amortyzację wstrząsów Materiał: tekstylny Okute otworki na sznurowadła Miękka, komfortowa wkładka wewnętrzna Z tyłu na podeszwie typowe dla klasycznych modeli Vansa uwypuklenie na sklejeniu gumy wraz z logo firmy tzw. ""gumka na gumkę"" Podeszwa: guma wulkanizowana o dużej przyczepności, w kultowej już formie wafla",https://supersklep.pl/i131417-buty-vans-authentic-black,Vans,supersklep (pl),https://static.supersklep.pl/1410747-buty-vans-authentic-black.jpg?t=google,in_stock,319.90 PLN,239.90 PLN,131417,true,"{""color"":""czarny"",""size"":""47""}",700053288621,VN000EE3BLK1,new,Buty > Miejskie > Wszystkie buty,"https://static.supersklep.pl/1410748-buty-vans-authentic-black.jpg?t=google,https://static.supersklep.pl/1410749-buty-vans-authentic-black.jpg?t=google,https://static.supersklep.pl/1410750-buty-vans-authentic-black.jpg?t=google,https://static.supersklep.pl/1410751-buty-vans-authentic-black.jpg?t=google,https://static.supersklep.pl/1410752-buty-vans-authentic-black.jpg?t=google,https://static.supersklep.pl/1410753-buty-vans-authentic-black.jpg?t=google,https://static.supersklep.pl/1410754-buty-vans-authentic-black.jpg?t=google,https://static.supersklep.pl/1410755-buty-vans-authentic-black.jpg?t=google",czarny,47,tekstylny,unisex,true,false,true
700053288584,"Buty Vans Authentic (black), 44","Vans, najbardziej rozpoznawalna marka butów do skateboardingu na całym świecie, od 66 lat dostarcza najwyższą jakość i komfort. Authentic to klasyczna sylwetka Vansa, łatwo rozpoznawalna po minimalistycznym stylu. Cholewka z płótna typu canvas, swoją elastycznością przypomina płótno malarskie gwarantując wysoką jakość i trwałość. Gruba wulkanizowana podeszwa środkowa i podeszwa z gumy wulkanizowanej z wzorem waflowym pozostaje niezmieniona, zapewniając niesamowitą przyczepność i amortyzację wstrząsów Materiał: tekstylny Okute otworki na sznurowadła Miękka, komfortowa wkładka wewnętrzna Z tyłu na podeszwie typowe dla klasycznych modeli Vansa uwypuklenie na sklejeniu gumy wraz z logo firmy tzw. ""gumka na gumkę"" Podeszwa: guma wulkanizowana o dużej przyczepności, w kultowej już formie wafla",https://supersklep.pl/i131417-buty-vans-authentic-black,Vans,supersklep (pl),https://static.supersklep.pl/1410747-buty-vans-authentic-black.jpg?t=google,in_stock,319.90 PLN,239.90 PLN,131417,true,"{""color"":""czarny"",""size"":""44""}",700053288584,VN000EE3BLK1,new,Buty > Miejskie > Wszystkie buty,"https://static.supersklep.pl/1410748-buty-vans-authentic-black.jpg?t=google,https://static.supersklep.pl/1410749-buty-vans-authentic-black.jpg?t=google,https://static.supersklep.pl/1410750-buty-vans-authentic-black.jpg?t=google,https://static.supersklep.pl/1410751-buty-vans-authentic-black.jpg?t=google,https://static.supersklep.pl/1410752-buty-vans-authentic-black.jpg?t=google,https://static.supersklep.pl/1410753-buty-vans-authentic-black.jpg?t=google,https://static.supersklep.pl/1410754-buty-vans-authentic-black.jpg?t=google,https://static.supersklep.pl/1410755-buty-vans-authentic-black.jpg?t=google",czarny,44,tekstylny,unisex,true,false,true
700053288577,"Buty Vans Authentic (black), 43","Vans, najbardziej rozpoznawalna marka butów do skateboardingu na całym świecie, od 66 lat dostarcza najwyższą jakość i komfort. Authentic to klasyczna sylwetka Vansa, łatwo rozpoznawalna po minimalistycznym stylu. Cholewka z płótna typu canvas, swoją elastycznością przypomina płótno malarskie gwarantując wysoką jakość i trwałość. Gruba wulkanizowana podeszwa środkowa i podeszwa z gumy wulkanizowanej z wzorem waflowym pozostaje niezmieniona, zapewniając niesamowitą przyczepność i amortyzację wstrząsów Materiał: tekstylny Okute otworki na sznurowadła Miękka, komfortowa wkładka wewnętrzna Z tyłu na podeszwie typowe dla klasycznych modeli Vansa uwypuklenie na sklejeniu gumy wraz z logo firmy tzw. ""gumka na gumkę"" Podeszwa: guma wulkanizowana o dużej przyczepności, w kultowej już formie wafla",https://supersklep.pl/i131417-buty-vans-authentic-black,Vans,supersklep (pl),https://static.supersklep.pl/1410747-buty-vans-authentic-black.jpg?t=google,in_stock,319.90 PLN,239.90 PLN,131417,true,"{""color"":""czarny"",""size"":""43""}",700053288577,VN000EE3BLK1,new,Buty > Miejskie > Wszystkie buty,"https://static.supersklep.pl/1410748-buty-vans-authentic-black.jpg?t=google,https://static.supersklep.pl/1410749-buty-vans-authentic-black.jpg?t=google,https://static.supersklep.pl/1410750-buty-vans-authentic-black.jpg?t=google,https://static.supersklep.pl/1410751-buty-vans-authentic-black.jpg?t=google,https://static.supersklep.pl/1410752-buty-vans-authentic-black.jpg?t=google,https://static.supersklep.pl/1410753-buty-vans-authentic-black.jpg?t=google,https://static.supersklep.pl/1410754-buty-vans-authentic-black.jpg?t=google,https://static.supersklep.pl/1410755-buty-vans-authentic-black.jpg?t=google",czarny,43,tekstylny,unisex,true,false,true
700053287976,"Buty Vans Authentic (black), 38","Vans, najbardziej rozpoznawalna marka butów do skateboardingu na całym świecie, od 66 lat dostarcza najwyższą jakość i komfort. Authentic to klasyczna sylwetka Vansa, łatwo rozpoznawalna po minimalistycznym stylu. Cholewka z płótna typu canvas, swoją elastycznością przypomina płótno malarskie gwarantując wysoką jakość i trwałość. Gruba wulkanizowana podeszwa środkowa i podeszwa z gumy wulkanizowanej z wzorem waflowym pozostaje niezmieniona, zapewniając niesamowitą przyczepność i amortyzację wstrząsów Materiał: tekstylny Okute otworki na sznurowadła Miękka, komfortowa wkładka wewnętrzna Z tyłu na podeszwie typowe dla klasycznych modeli Vansa uwypuklenie na sklejeniu gumy wraz z logo firmy tzw. ""gumka na gumkę"" Podeszwa: guma wulkanizowana o dużej przyczepności, w kultowej już formie wafla",https://supersklep.pl/i131417-buty-vans-authentic-black,Vans,supersklep (pl),https://static.supersklep.pl/1410747-buty-vans-authentic-black.jpg?t=google,in_stock,319.90 PLN,239.90 PLN,131417,true,"{""color"":""czarny"",""size"":""38""}",700053287976,VN000EE3BLK1,new,Buty > Miejskie > Wszystkie buty,"https://static.supersklep.pl/1410748-buty-vans-authentic-black.jpg?t=google,https://static.supersklep.pl/1410749-buty-vans-authentic-black.jpg?t=google,https://static.supersklep.pl/1410750-buty-vans-authentic-black.jpg?t=google,https://static.supersklep.pl/1410751-buty-vans-authentic-black.jpg?t=google,https://static.supersklep.pl/1410752-buty-vans-authentic-black.jpg?t=google,https://static.supersklep.pl/1410753-buty-vans-authentic-black.jpg?t=google,https://static.supersklep.pl/1410754-buty-vans-authentic-black.jpg?t=google,https://static.supersklep.pl/1410755-buty-vans-authentic-black.jpg?t=google",czarny,38,tekstylny,unisex,true,false,true
700053288522,"Buty Vans Authentic (black), 40","Vans, najbardziej rozpoznawalna marka butów do skateboardingu na całym świecie, od 66 lat dostarcza najwyższą jakość i komfort. Authentic to klasyczna sylwetka Vansa, łatwo rozpoznawalna po minimalistycznym stylu. Cholewka z płótna typu canvas, swoją elastycznością przypomina płótno malarskie gwarantując wysoką jakość i trwałość. Gruba wulkanizowana podeszwa środkowa i podeszwa z gumy wulkanizowanej z wzorem waflowym pozostaje niezmieniona, zapewniając niesamowitą przyczepność i amortyzację wstrząsów Materiał: tekstylny Okute otworki na sznurowadła Miękka, komfortowa wkładka wewnętrzna Z tyłu na podeszwie typowe dla klasycznych modeli Vansa uwypuklenie na sklejeniu gumy wraz z logo firmy tzw. ""gumka na gumkę"" Podeszwa: guma wulkanizowana o dużej przyczepności, w kultowej już formie wafla",https://supersklep.pl/i131417-buty-vans-authentic-black,Vans,supersklep (pl),https://static.supersklep.pl/1410747-buty-vans-authentic-black.jpg?t=google,in_stock,319.90 PLN,239.90 PLN,131417,true,"{""color"":""czarny"",""size"":""40""}",700053288522,VN000EE3BLK1,new,Buty > Miejskie > Wszystkie buty,"https://static.supersklep.pl/1410748-buty-vans-authentic-black.jpg?t=google,https://static.supersklep.pl/1410749-buty-vans-authentic-black.jpg?t=google,https://static.supersklep.pl/1410750-buty-vans-authentic-black.jpg?t=google,https://static.supersklep.pl/1410751-buty-vans-authentic-black.jpg?t=google,https://static.supersklep.pl/1410752-buty-vans-authentic-black.jpg?t=google,https://static.supersklep.pl/1410753-buty-vans-authentic-black.jpg?t=google,https://static.supersklep.pl/1410754-buty-vans-authentic-black.jpg?t=google,https://static.supersklep.pl/1410755-buty-vans-authentic-black.jpg?t=google",czarny,40,tekstylny,unisex,true,false,true
700053288553,"Buty Vans Authentic (black), 42","Vans, najbardziej rozpoznawalna marka butów do skateboardingu na całym świecie, od 66 lat dostarcza najwyższą jakość i komfort. Authentic to klasyczna sylwetka Vansa, łatwo rozpoznawalna po minimalistycznym stylu. Cholewka z płótna typu canvas, swoją elastycznością przypomina płótno malarskie gwarantując wysoką jakość i trwałość. Gruba wulkanizowana podeszwa środkowa i podeszwa z gumy wulkanizowanej z wzorem waflowym pozostaje niezmieniona, zapewniając niesamowitą przyczepność i amortyzację wstrząsów Materiał: tekstylny Okute otworki na sznurowadła Miękka, komfortowa wkładka wewnętrzna Z tyłu na podeszwie typowe dla klasycznych modeli Vansa uwypuklenie na sklejeniu gumy wraz z logo firmy tzw. ""gumka na gumkę"" Podeszwa: guma wulkanizowana o dużej przyczepności, w kultowej już formie wafla",https://supersklep.pl/i131417-buty-vans-authentic-black,Vans,supersklep (pl),https://static.supersklep.pl/1410747-buty-vans-authentic-black.jpg?t=google,in_stock,319.90 PLN,239.90 PLN,131417,true,"{""color"":""czarny"",""size"":""42""}",700053288553,VN000EE3BLK1,new,Buty > Miejskie > Wszystkie buty,"https://static.supersklep.pl/1410748-buty-vans-authentic-black.jpg?t=google,https://static.supersklep.pl/1410749-buty-vans-authentic-black.jpg?t=google,https://static.supersklep.pl/1410750-buty-vans-authentic-black.jpg?t=google,https://static.supersklep.pl/1410751-buty-vans-authentic-black.jpg?t=google,https://static.supersklep.pl/1410752-buty-vans-authentic-black.jpg?t=google,https://static.supersklep.pl/1410753-buty-vans-authentic-black.jpg?t=google,https://static.supersklep.pl/1410754-buty-vans-authentic-black.jpg?t=google,https://static.supersklep.pl/1410755-buty-vans-authentic-black.jpg?t=google",czarny,42,tekstylny,unisex,true,false,true
700053288560,"Buty Vans Authentic (black), 42.5","Vans, najbardziej rozpoznawalna marka butów do skateboardingu na całym świecie, od 66 lat dostarcza najwyższą jakość i komfort. Authentic to klasyczna sylwetka Vansa, łatwo rozpoznawalna po minimalistycznym stylu. Cholewka z płótna typu canvas, swoją elastycznością przypomina płótno malarskie gwarantując wysoką jakość i trwałość. Gruba wulkanizowana podeszwa środkowa i podeszwa z gumy wulkanizowanej z wzorem waflowym pozostaje niezmieniona, zapewniając niesamowitą przyczepność i amortyzację wstrząsów Materiał: tekstylny Okute otworki na sznurowadła Miękka, komfortowa wkładka wewnętrzna Z tyłu na podeszwie typowe dla klasycznych modeli Vansa uwypuklenie na sklejeniu gumy wraz z logo firmy tzw. ""gumka na gumkę"" Podeszwa: guma wulkanizowana o dużej przyczepności, w kultowej już formie wafla",https://supersklep.pl/i131417-buty-vans-authentic-black,Vans,supersklep (pl),https://static.supersklep.pl/1410747-buty-vans-authentic-black.jpg?t=google,in_stock,319.90 PLN,239.90 PLN,131417,true,"{""color"":""czarny"",""size"":""42.5""}",700053288560,VN000EE3BLK1,new,Buty > Miejskie > Wszystkie buty,"https://static.supersklep.pl/1410748-buty-vans-authentic-black.jpg?t=google,https://static.supersklep.pl/1410749-buty-vans-authentic-black.jpg?t=google,https://static.supersklep.pl/1410750-buty-vans-authentic-black.jpg?t=google,https://static.supersklep.pl/1410751-buty-vans-authentic-black.jpg?t=google,https://static.supersklep.pl/1410752-buty-vans-authentic-black.jpg?t=google,https://static.supersklep.pl/1410753-buty-vans-authentic-black.jpg?t=google,https://static.supersklep.pl/1410754-buty-vans-authentic-black.jpg?t=google,https://static.supersklep.pl/1410755-buty-vans-authentic-black.jpg?t=google",czarny,42.5,tekstylny,unisex,true,false,true
700053333796,"Buty Vans Classic Slip On (black), 36.5","Klasyczna estetyka łączy się z całkowicie nową stylistyką w kultowych butach wsuwanych, Vans Slip-On. Nasze ulubione niskoprofilowe buty na deskę lub na plażę, Vans Slip-On wyposażone są w elastyczne pasy boczne i wyściełany kołnierz dla dodatkowego komfortu, a także gumowe podeszwy z bieżnikiem w kultowej już formie wafla, zapewniające lepszą trakcję i przyczepność. Przeglądaj szeroką gamę kolorów, takich jak białe, czarne, różowe czy zielone, lub wybierz wzory, takie jak nasza słynna szachownica. Jeśli szukasz sznurowanej alternatywy, wypróbuj Vans Authentic Wsuwane Materiał: tekstylny Podeszwa: guma wulkanizowana o dużej przyczepności, w kultowej już dla Vans formie wafla Komfortowa, miękka wkładka wewnętrzna Bardzo lekkie i zarazem solidne",https://supersklep.pl/i153907-buty-vans-classic-slip-on-black,Vans,supersklep (pl),https://static.supersklep.pl/1410756-buty-vans-classic-slip-on-black.jpg?t=google,in_stock,319.90 PLN,,153907,true,"{""color"":""czarny"",""size"":""36.5""}",700053333796,VN000EYEBLK1,new,Buty > Miejskie > Wszystkie buty,"https://static.supersklep.pl/1410758-buty-vans-classic-slip-on-black.jpg?t=google,https://static.supersklep.pl/1410759-buty-vans-classic-slip-on-black.jpg?t=google,https://static.supersklep.pl/1410760-buty-vans-classic-slip-on-black.jpg?t=google,https://static.supersklep.pl/1410761-buty-vans-classic-slip-on-black.jpg?t=google,https://static.supersklep.pl/1410762-buty-vans-classic-slip-on-black.jpg?t=google,https://static.supersklep.pl/1410763-buty-vans-classic-slip-on-black.jpg?t=google,https://static.supersklep.pl/1410764-buty-vans-classic-slip-on-black.jpg?t=google,https://static.supersklep.pl/1410765-buty-vans-classic-slip-on-black.jpg?t=google,https://static.supersklep.pl/1410757-buty-vans-classic-slip-on-black.jpg?t=google",czarny,36.5,tekstylny,unisex,true,false,true
700053333925,"Buty Vans Classic Slip On (black), 45","Klasyczna estetyka łączy się z całkowicie nową stylistyką w kultowych butach wsuwanych, Vans Slip-On. Nasze ulubione niskoprofilowe buty na deskę lub na plażę, Vans Slip-On wyposażone są w elastyczne pasy boczne i wyściełany kołnierz dla dodatkowego komfortu, a także gumowe podeszwy z bieżnikiem w kultowej już formie wafla, zapewniające lepszą trakcję i przyczepność. Przeglądaj szeroką gamę kolorów, takich jak białe, czarne, różowe czy zielone, lub wybierz wzory, takie jak nasza słynna szachownica. Jeśli szukasz sznurowanej alternatywy, wypróbuj Vans Authentic Wsuwane Materiał: tekstylny Podeszwa: guma wulkanizowana o dużej przyczepności, w kultowej już dla Vans formie wafla Komfortowa, miękka wkładka wewnętrzna Bardzo lekkie i zarazem solidne",https://supersklep.pl/i153907-buty-vans-classic-slip-on-black,Vans,supersklep (pl),https://static.supersklep.pl/1410756-buty-vans-classic-slip-on-black.jpg?t=google,in_stock,319.90 PLN,,153907,true,"{""color"":""czarny"",""size"":""45""}",700053333925,VN000EYEBLK1,new,Buty > Miejskie > Wszystkie buty,"https://static.supersklep.pl/1410758-buty-vans-classic-slip-on-black.jpg?t=google,https://static.supersklep.pl/1410759-buty-vans-classic-slip-on-black.jpg?t=google,https://static.supersklep.pl/1410760-buty-vans-classic-slip-on-black.jpg?t=google,https://static.supersklep.pl/1410761-buty-vans-classic-slip-on-black.jpg?t=google,https://static.supersklep.pl/1410762-buty-vans-classic-slip-on-black.jpg?t=google,https://static.supersklep.pl/1410763-buty-vans-classic-slip-on-black.jpg?t=google,https://static.supersklep.pl/1410764-buty-vans-classic-slip-on-black.jpg?t=google,https://static.supersklep.pl/1410765-buty-vans-classic-slip-on-black.jpg?t=google,https://static.supersklep.pl/1410757-buty-vans-classic-slip-on-black.jpg?t=google",czarny,45,tekstylny,unisex,true,false,true
700053375802,"Buty Vans Classic Slip On (black), 48","Klasyczna estetyka łączy się z całkowicie nową stylistyką w kultowych butach wsuwanych, Vans Slip-On. Nasze ulubione niskoprofilowe buty na deskę lub na plażę, Vans Slip-On wyposażone są w elastyczne pasy boczne i wyściełany kołnierz dla dodatkowego komfortu, a także gumowe podeszwy z bieżnikiem w kultowej już formie wafla, zapewniające lepszą trakcję i przyczepność. Przeglądaj szeroką gamę kolorów, takich jak białe, czarne, różowe czy zielone, lub wybierz wzory, takie jak nasza słynna szachownica. Jeśli szukasz sznurowanej alternatywy, wypróbuj Vans Authentic Wsuwane Materiał: tekstylny Podeszwa: guma wulkanizowana o dużej przyczepności, w kultowej już dla Vans formie wafla Komfortowa, miękka wkładka wewnętrzna Bardzo lekkie i zarazem solidne",https://supersklep.pl/i153907-buty-vans-classic-slip-on-black,Vans,supersklep (pl),https://static.supersklep.pl/1410756-buty-vans-classic-slip-on-black.jpg?t=google,in_stock,319.90 PLN,,153907,true,"{""color"":""czarny"",""size"":""48""}",700053375802,VN000EYEBLK1,new,Buty > Miejskie > Wszystkie buty,"https://static.supersklep.pl/1410758-buty-vans-classic-slip-on-black.jpg?t=google,https://static.supersklep.pl/1410759-buty-vans-classic-slip-on-black.jpg?t=google,https://static.supersklep.pl/1410760-buty-vans-classic-slip-on-black.jpg?t=google,https://static.supersklep.pl/1410761-buty-vans-classic-slip-on-black.jpg?t=google,https://static.supersklep.pl/1410762-buty-vans-classic-slip-on-black.jpg?t=google,https://static.supersklep.pl/1410763-buty-vans-classic-slip-on-black.jpg?t=google,https://static.supersklep.pl/1410764-buty-vans-classic-slip-on-black.jpg?t=google,https://static.supersklep.pl/1410765-buty-vans-classic-slip-on-black.jpg?t=google,https://static.supersklep.pl/1410757-buty-vans-classic-slip-on-black.jpg?t=google",czarny,48,tekstylny,unisex,true,false,true
700053375819,"Buty Vans Classic Slip On (black), 49","Klasyczna estetyka łączy się z całkowicie nową stylistyką w kultowych butach wsuwanych, Vans Slip-On. Nasze ulubione niskoprofilowe buty na deskę lub na plażę, Vans Slip-On wyposażone są w elastyczne pasy boczne i wyściełany kołnierz dla dodatkowego komfortu, a także gumowe podeszwy z bieżnikiem w kultowej już formie wafla, zapewniające lepszą trakcję i przyczepność. Przeglądaj szeroką gamę kolorów, takich jak białe, czarne, różowe czy zielone, lub wybierz wzory, takie jak nasza słynna szachownica. Jeśli szukasz sznurowanej alternatywy, wypróbuj Vans Authentic Wsuwane Materiał: tekstylny Podeszwa: guma wulkanizowana o dużej przyczepności, w kultowej już dla Vans formie wafla Komfortowa, miękka wkładka wewnętrzna Bardzo lekkie i zarazem solidne",https://supersklep.pl/i153907-buty-vans-classic-slip-on-black,Vans,supersklep (pl),https://static.supersklep.pl/1410756-buty-vans-classic-slip-on-black.jpg?t=google,in_stock,319.90 PLN,,153907,true,"{""color"":""czarny"",""size"":""49""}",700053375819,VN000EYEBLK1,new,Buty > Miejskie > Wszystkie buty,"https://static.supersklep.pl/1410758-buty-vans-classic-slip-on-black.jpg?t=google,https://static.supersklep.pl/1410759-buty-vans-classic-slip-on-black.jpg?t=google,https://static.supersklep.pl/1410760-buty-vans-classic-slip-on-black.jpg?t=google,https://static.supersklep.pl/1410761-buty-vans-classic-slip-on-black.jpg?t=google,https://static.supersklep.pl/1410762-buty-vans-classic-slip-on-black.jpg?t=google,https://static.supersklep.pl/1410763-buty-vans-classic-slip-on-black.jpg?t=google,https://static.supersklep.pl/1410764-buty-vans-classic-slip-on-black.jpg?t=google,https://static.supersklep.pl/1410765-buty-vans-classic-slip-on-black.jpg?t=google,https://static.supersklep.pl/1410757-buty-vans-classic-slip-on-black.jpg?t=google",czarny,49,tekstylny,unisex,true,false,true
700053333789,"Buty Vans Classic Slip On (black), 36","Klasyczna estetyka łączy się z całkowicie nową stylistyką w kultowych butach wsuwanych, Vans Slip-On. Nasze ulubione niskoprofilowe buty na deskę lub na plażę, Vans Slip-On wyposażone są w elastyczne pasy boczne i wyściełany kołnierz dla dodatkowego komfortu, a także gumowe podeszwy z bieżnikiem w kultowej już formie wafla, zapewniające lepszą trakcję i przyczepność. Przeglądaj szeroką gamę kolorów, takich jak białe, czarne, różowe czy zielone, lub wybierz wzory, takie jak nasza słynna szachownica. Jeśli szukasz sznurowanej alternatywy, wypróbuj Vans Authentic Wsuwane Materiał: tekstylny Podeszwa: guma wulkanizowana o dużej przyczepności, w kultowej już dla Vans formie wafla Komfortowa, miękka wkładka wewnętrzna Bardzo lekkie i zarazem solidne",https://supersklep.pl/i153907-buty-vans-classic-slip-on-black,Vans,supersklep (pl),https://static.supersklep.pl/1410756-buty-vans-classic-slip-on-black.jpg?t=google,in_stock,319.90 PLN,,153907,true,"{""color"":""czarny"",""size"":""36""}",700053333789,VN000EYEBLK1,new,Buty > Miejskie > Wszystkie buty,"https://static.supersklep.pl/1410758-buty-vans-classic-slip-on-black.jpg?t=google,https://static.supersklep.pl/1410759-buty-vans-classic-slip-on-black.jpg?t=google,https://static.supersklep.pl/1410760-buty-vans-classic-slip-on-black.jpg?t=google,https://static.supersklep.pl/1410761-buty-vans-classic-slip-on-black.jpg?t=google,https://static.supersklep.pl/1410762-buty-vans-classic-slip-on-black.jpg?t=google,https://static.supersklep.pl/1410763-buty-vans-classic-slip-on-black.jpg?t=google,https://static.supersklep.pl/1410764-buty-vans-classic-slip-on-black.jpg?t=google,https://static.supersklep.pl/1410765-buty-vans-classic-slip-on-black.jpg?t=google,https://static.supersklep.pl/1410757-buty-vans-classic-slip-on-black.jpg?t=google",czarny,36,tekstylny,unisex,true,false,true
700053333918,"Buty Vans Classic Slip On (black), 44.5","Klasyczna estetyka łączy się z całkowicie nową stylistyką w kultowych butach wsuwanych, Vans Slip-On. Nasze ulubione niskoprofilowe buty na deskę lub na plażę, Vans Slip-On wyposażone są w elastyczne pasy boczne i wyściełany kołnierz dla dodatkowego komfortu, a także gumowe podeszwy z bieżnikiem w kultowej już formie wafla, zapewniające lepszą trakcję i przyczepność. Przeglądaj szeroką gamę kolorów, takich jak białe, czarne, różowe czy zielone, lub wybierz wzory, takie jak nasza słynna szachownica. Jeśli szukasz sznurowanej alternatywy, wypróbuj Vans Authentic Wsuwane Materiał: tekstylny Podeszwa: guma wulkanizowana o dużej przyczepności, w kultowej już dla Vans formie wafla Komfortowa, miękka wkładka wewnętrzna Bardzo lekkie i zarazem solidne",https://supersklep.pl/i153907-buty-vans-classic-slip-on-black,Vans,supersklep (pl),https://static.supersklep.pl/1410756-buty-vans-classic-slip-on-black.jpg?t=google,in_stock,319.90 PLN,,153907,true,"{""color"":""czarny"",""size"":""44.5""}",700053333918,VN000EYEBLK1,new,Buty > Miejskie > Wszystkie buty,"https://static.supersklep.pl/1410758-buty-vans-classic-slip-on-black.jpg?t=google,https://static.supersklep.pl/1410759-buty-vans-classic-slip-on-black.jpg?t=google,https://static.supersklep.pl/1410760-buty-vans-classic-slip-on-black.jpg?t=google,https://static.supersklep.pl/1410761-buty-vans-classic-slip-on-black.jpg?t=google,https://static.supersklep.pl/1410762-buty-vans-classic-slip-on-black.jpg?t=google,https://static.supersklep.pl/1410763-buty-vans-classic-slip-on-black.jpg?t=google,https://static.supersklep.pl/1410764-buty-vans-classic-slip-on-black.jpg?t=google,https://static.supersklep.pl/1410765-buty-vans-classic-slip-on-black.jpg?t=google,https://static.supersklep.pl/1410757-buty-vans-classic-slip-on-black.jpg?t=google",czarny,44.5,tekstylny,unisex,true,false,true
700053333826,"Buty Vans Classic Slip On (black), 38.5","Klasyczna estetyka łączy się z całkowicie nową stylistyką w kultowych butach wsuwanych, Vans Slip-On. Nasze ulubione niskoprofilowe buty na deskę lub na plażę, Vans Slip-On wyposażone są w elastyczne pasy boczne i wyściełany kołnierz dla dodatkowego komfortu, a także gumowe podeszwy z bieżnikiem w kultowej już formie wafla, zapewniające lepszą trakcję i przyczepność. Przeglądaj szeroką gamę kolorów, takich jak białe, czarne, różowe czy zielone, lub wybierz wzory, takie jak nasza słynna szachownica. Jeśli szukasz sznurowanej alternatywy, wypróbuj Vans Authentic Wsuwane Materiał: tekstylny Podeszwa: guma wulkanizowana o dużej przyczepności, w kultowej już dla Vans formie wafla Komfortowa, miękka wkładka wewnętrzna Bardzo lekkie i zarazem solidne",https://supersklep.pl/i153907-buty-vans-classic-slip-on-black,Vans,supersklep (pl),https://static.supersklep.pl/1410756-buty-vans-classic-slip-on-black.jpg?t=google,in_stock,319.90 PLN,,153907,true,"{""color"":""czarny"",""size"":""38.5""}",700053333826,VN000EYEBLK1,new,Buty > Miejskie > Wszystkie buty,"https://static.supersklep.pl/1410758-buty-vans-classic-slip-on-black.jpg?t=google,https://static.supersklep.pl/1410759-buty-vans-classic-slip-on-black.jpg?t=google,https://static.supersklep.pl/1410760-buty-vans-classic-slip-on-black.jpg?t=google,https://static.supersklep.pl/1410761-buty-vans-classic-slip-on-black.jpg?t=google,https://static.supersklep.pl/1410762-buty-vans-classic-slip-on-black.jpg?t=google,https://static.supersklep.pl/1410763-buty-vans-classic-slip-on-black.jpg?t=google,https://static.supersklep.pl/1410764-buty-vans-classic-slip-on-black.jpg?t=google,https://static.supersklep.pl/1410765-buty-vans-classic-slip-on-black.jpg?t=google,https://static.supersklep.pl/1410757-buty-vans-classic-slip-on-black.jpg?t=google",czarny,38.5,tekstylny,unisex,true,false,true
887040637898,"Buty Vans Era (black/black), 36.5","Stworzone z myślą o wygodzie buty Vans Era składają się z solidnej cholewki, metalowych oczek, wyściełanego kołnierza dla lepszego wsparcia kostki i charakterystycznej gumowej podeszwy z bieżnikiem w kultowej formie wafla. W porównaniu z innymi modelami Vans, takimi jak Vans Authentic i Vans Slip-Ons, dodatkowe wyściółki Ery sprawiają, że jest to idealny wybór dla deskorolkarzy, którzy potrzebują trochę większej ochrony stopy Materiał: tekstylny Podeszwa: guma wulkanizowana o dużej przyczepności, w kultowej już formie wafla Miękka, komfortowa wkładka wewnętrzna z materiału typu EVA Okute otworki na sznurowadła Lekko gąbkowany kołnierz Lekkie i wygodne",https://supersklep.pl/i159959-buty-vans-era-black-black,Vans,supersklep (pl),https://static.supersklep.pl/1411131-buty-vans-era-black-black.jpg?t=google,in_stock,299.90 PLN,119.90 PLN,159959,true,"{""color"":""czarny"",""size"":""36.5""}",887040637898,VN000QFKBKA1,new,Buty > Miejskie > Wszystkie buty,"https://static.supersklep.pl/1411133-buty-vans-era-black-black.jpg?t=google,https://static.supersklep.pl/1411134-buty-vans-era-black-black.jpg?t=google,https://static.supersklep.pl/1411135-buty-vans-era-black-black.jpg?t=google,https://static.supersklep.pl/1411136-buty-vans-era-black-black.jpg?t=google,https://static.supersklep.pl/1411137-buty-vans-era-black-black.jpg?t=google,https://static.supersklep.pl/1411138-buty-vans-era-black-black.jpg?t=google,https://static.supersklep.pl/1411139-buty-vans-era-black-black.jpg?t=google,https://static.supersklep.pl/1411140-buty-vans-era-black-black.jpg?t=google,https://static.supersklep.pl/1411132-buty-vans-era-black-black.jpg?t=google",czarny,36.5,tekstylny,male,true,false,true
700053843547,"Buty Vans Old Skool (black/black), 40.5","""Old Skool"" to perfekcyjny remake, klasycznego już modelu z lat 70-tych. Mimo swojego nieskomplikowanego kroju, odznacza się wyjątkowym stylem i jakością wykonania. Nowo skonstruowane cholewki z płótna i zamszu mieszczą uproszczone jednoczęściowe wnętrza z dodatkowym podparciem łuku i nową wyściółką odprowadzającą wilgoć, która zapewnia, że zawsze będziesz czuł się komfortowo. Zaokrąglony nosek i miękkie linie sprawiają, że Old School są jednymi z bardziej uniwersalnie wyglądających butów, bez poświęcenia jakości, której szuka każdy skateboarder Cholewka z zamszu i materiału tekstylnego zapewnia lekkość i wygodę Lekko wyściełany kołnierz Komfortowa, miękka wkładka wewnętrzna Gumowa, wulkanizowana podeszwa o charakterystycznej strukturze wafla odznacza się dużą przyczepnością i trwałością Lekkie i solidne",https://supersklep.pl/i159990-buty-vans-old-skool-black-black,Vans,supersklep (pl),https://static.supersklep.pl/1410957-buty-vans-old-skool-black-black.jpg?t=google,in_stock,369.90 PLN,259.90 PLN,159990,true,"{""color"":""czarny"",""size"":""40.5""}",700053843547,VN000D3HBKA1,new,Buty > Miejskie > Wszystkie buty,"https://static.supersklep.pl/1410959-buty-vans-old-skool-black-black.jpg?t=google,https://static.supersklep.pl/1410960-buty-vans-old-skool-black-black.jpg?t=google,https://static.supersklep.pl/1410961-buty-vans-old-skool-black-black.jpg?t=google,https://static.supersklep.pl/1410962-buty-vans-old-skool-black-black.jpg?t=google,https://static.supersklep.pl/1410963-buty-vans-old-skool-black-black.jpg?t=google,https://static.supersklep.pl/1410964-buty-vans-old-skool-black-black.jpg?t=google,https://static.supersklep.pl/1410965-buty-vans-old-skool-black-black.jpg?t=google,https://static.supersklep.pl/1410966-buty-vans-old-skool-black-black.jpg?t=google,https://static.supersklep.pl/1410958-buty-vans-old-skool-black-black.jpg?t=google",czarny,40.5,tekstylny,unisex,true,false,true
700054014106,"Buty Vans Old Skool (black/black), 49","""Old Skool"" to perfekcyjny remake, klasycznego już modelu z lat 70-tych. Mimo swojego nieskomplikowanego kroju, odznacza się wyjątkowym stylem i jakością wykonania. Nowo skonstruowane cholewki z płótna i zamszu mieszczą uproszczone jednoczęściowe wnętrza z dodatkowym podparciem łuku i nową wyściółką odprowadzającą wilgoć, która zapewnia, że zawsze będziesz czuł się komfortowo. Zaokrąglony nosek i miękkie linie sprawiają, że Old School są jednymi z bardziej uniwersalnie wyglądających butów, bez poświęcenia jakości, której szuka każdy skateboarder Cholewka z zamszu i materiału tekstylnego zapewnia lekkość i wygodę Lekko wyściełany kołnierz Komfortowa, miękka wkładka wewnętrzna Gumowa, wulkanizowana podeszwa o charakterystycznej strukturze wafla odznacza się dużą przyczepnością i trwałością Lekkie i solidne",https://supersklep.pl/i159990-buty-vans-old-skool-black-black,Vans,supersklep (pl),https://static.supersklep.pl/1410957-buty-vans-old-skool-black-black.jpg?t=google,in_stock,369.90 PLN,259.90 PLN,159990,true,"{""color"":""czarny"",""size"":""49""}",700054014106,VN000D3HBKA1,new,Buty > Miejskie > Wszystkie buty,"https://static.supersklep.pl/1410959-buty-vans-old-skool-black-black.jpg?t=google,https://static.supersklep.pl/1410960-buty-vans-old-skool-black-black.jpg?t=google,https://static.supersklep.pl/1410961-buty-vans-old-skool-black-black.jpg?t=google,https://static.supersklep.pl/1410962-buty-vans-old-skool-black-black.jpg?t=google,https://static.supersklep.pl/1410963-buty-vans-old-skool-black-black.jpg?t=google,https://static.supersklep.pl/1410964-buty-vans-old-skool-black-black.jpg?t=google,https://static.supersklep.pl/1410965-buty-vans-old-skool-black-black.jpg?t=google,https://static.supersklep.pl/1410966-buty-vans-old-skool-black-black.jpg?t=google,https://static.supersklep.pl/1410958-buty-vans-old-skool-black-black.jpg?t=google",czarny,49,tekstylny,unisex,true,false,true
700053843509,"Buty Vans Old Skool (black/black), 38","""Old Skool"" to perfekcyjny remake, klasycznego już modelu z lat 70-tych. Mimo swojego nieskomplikowanego kroju, odznacza się wyjątkowym stylem i jakością wykonania. Nowo skonstruowane cholewki z płótna i zamszu mieszczą uproszczone jednoczęściowe wnętrza z dodatkowym podparciem łuku i nową wyściółką odprowadzającą wilgoć, która zapewnia, że zawsze będziesz czuł się komfortowo. Zaokrąglony nosek i miękkie linie sprawiają, że Old School są jednymi z bardziej uniwersalnie wyglądających butów, bez poświęcenia jakości, której szuka każdy skateboarder Cholewka z zamszu i materiału tekstylnego zapewnia lekkość i wygodę Lekko wyściełany kołnierz Komfortowa, miękka wkładka wewnętrzna Gumowa, wulkanizowana podeszwa o charakterystycznej strukturze wafla odznacza się dużą przyczepnością i trwałością Lekkie i solidne",https://supersklep.pl/i159990-buty-vans-old-skool-black-black,Vans,supersklep (pl),https://static.supersklep.pl/1410957-buty-vans-old-skool-black-black.jpg?t=google,in_stock,369.90 PLN,259.90 PLN,159990,true,"{""color"":""czarny"",""size"":""38""}",700053843509,VN000D3HBKA1,new,Buty > Miejskie > Wszystkie buty,"https://static.supersklep.pl/1410959-buty-vans-old-skool-black-black.jpg?t=google,https://static.supersklep.pl/1410960-buty-vans-old-skool-black-black.jpg?t=google,https://static.supersklep.pl/1410961-buty-vans-old-skool-black-black.jpg?t=google,https://static.supersklep.pl/1410962-buty-vans-old-skool-black-black.jpg?t=google,https://static.supersklep.pl/1410963-buty-vans-old-skool-black-black.jpg?t=google,https://static.supersklep.pl/1410964-buty-vans-old-skool-black-black.jpg?t=google,https://static.supersklep.pl/1410965-buty-vans-old-skool-black-black.jpg?t=google,https://static.supersklep.pl/1410966-buty-vans-old-skool-black-black.jpg?t=google,https://static.supersklep.pl/1410958-buty-vans-old-skool-black-black.jpg?t=google",czarny,38,tekstylny,unisex,true,false,true
700053843585,"Buty Vans Old Skool (black/black), 43","""Old Skool"" to perfekcyjny remake, klasycznego już modelu z lat 70-tych. Mimo swojego nieskomplikowanego kroju, odznacza się wyjątkowym stylem i jakością wykonania. Nowo skonstruowane cholewki z płótna i zamszu mieszczą uproszczone jednoczęściowe wnętrza z dodatkowym podparciem łuku i nową wyściółką odprowadzającą wilgoć, która zapewnia, że zawsze będziesz czuł się komfortowo. Zaokrąglony nosek i miękkie linie sprawiają, że Old School są jednymi z bardziej uniwersalnie wyglądających butów, bez poświęcenia jakości, której szuka każdy skateboarder Cholewka z zamszu i materiału tekstylnego zapewnia lekkość i wygodę Lekko wyściełany kołnierz Komfortowa, miękka wkładka wewnętrzna Gumowa, wulkanizowana podeszwa o charakterystycznej strukturze wafla odznacza się dużą przyczepnością i trwałością Lekkie i solidne",https://supersklep.pl/i159990-buty-vans-old-skool-black-black,Vans,supersklep (pl),https://static.supersklep.pl/1410957-buty-vans-old-skool-black-black.jpg?t=google,in_stock,369.90 PLN,259.90 PLN,159990,true,"{""color"":""czarny"",""size"":""43""}",700053843585,VN000D3HBKA1,new,Buty > Miejskie > Wszystkie buty,"https://static.supersklep.pl/1410959-buty-vans-old-skool-black-black.jpg?t=google,https://static.supersklep.pl/1410960-buty-vans-old-skool-black-black.jpg?t=google,https://static.supersklep.pl/1410961-buty-vans-old-skool-black-black.jpg?t=google,https://static.supersklep.pl/1410962-buty-vans-old-skool-black-black.jpg?t=google,https://static.supersklep.pl/1410963-buty-vans-old-skool-black-black.jpg?t=google,https://static.supersklep.pl/1410964-buty-vans-old-skool-black-black.jpg?t=google,https://static.supersklep.pl/1410965-buty-vans-old-skool-black-black.jpg?t=google,https://static.supersklep.pl/1410966-buty-vans-old-skool-black-black.jpg?t=google,https://static.supersklep.pl/1410958-buty-vans-old-skool-black-black.jpg?t=google",czarny,43,tekstylny,unisex,true,false,true
700053843493,"Buty Vans Old Skool (black/black), 37","""Old Skool"" to perfekcyjny remake, klasycznego już modelu z lat 70-tych. Mimo swojego nieskomplikowanego kroju, odznacza się wyjątkowym stylem i jakością wykonania. Nowo skonstruowane cholewki z płótna i zamszu mieszczą uproszczone jednoczęściowe wnętrza z dodatkowym podparciem łuku i nową wyściółką odprowadzającą wilgoć, która zapewnia, że zawsze będziesz czuł się komfortowo. Zaokrąglony nosek i miękkie linie sprawiają, że Old School są jednymi z bardziej uniwersalnie wyglądających butów, bez poświęcenia jakości, której szuka każdy skateboarder Cholewka z zamszu i materiału tekstylnego zapewnia lekkość i wygodę Lekko wyściełany kołnierz Komfortowa, miękka wkładka wewnętrzna Gumowa, wulkanizowana podeszwa o charakterystycznej strukturze wafla odznacza się dużą przyczepnością i trwałością Lekkie i solidne",https://supersklep.pl/i159990-buty-vans-old-skool-black-black,Vans,supersklep (pl),https://static.supersklep.pl/1410957-buty-vans-old-skool-black-black.jpg?t=google,in_stock,369.90 PLN,259.90 PLN,159990,true,"{""color"":""czarny"",""size"":""37""}",700053843493,VN000D3HBKA1,new,Buty > Miejskie > Wszystkie buty,"https://static.supersklep.pl/1410959-buty-vans-old-skool-black-black.jpg?t=google,https://static.supersklep.pl/1410960-buty-vans-old-skool-black-black.jpg?t=google,https://static.supersklep.pl/1410961-buty-vans-old-skool-black-black.jpg?t=google,https://static.supersklep.pl/1410962-buty-vans-old-skool-black-black.jpg?t=google,https://static.supersklep.pl/1410963-buty-vans-old-skool-black-black.jpg?t=google,https://static.supersklep.pl/1410964-buty-vans-old-skool-black-black.jpg?t=google,https://static.supersklep.pl/1410965-buty-vans-old-skool-black-black.jpg?t=google,https://static.supersklep.pl/1410966-buty-vans-old-skool-black-black.jpg?t=google,https://static.supersklep.pl/1410958-buty-vans-old-skool-black-black.jpg?t=google",czarny,37,tekstylny,unisex,true,false,true
700053843578,"Buty Vans Old Skool (black/black), 42.5","""Old Skool"" to perfekcyjny remake, klasycznego już modelu z lat 70-tych. Mimo swojego nieskomplikowanego kroju, odznacza się wyjątkowym stylem i jakością wykonania. Nowo skonstruowane cholewki z płótna i zamszu mieszczą uproszczone jednoczęściowe wnętrza z dodatkowym podparciem łuku i nową wyściółką odprowadzającą wilgoć, która zapewnia, że zawsze będziesz czuł się komfortowo. Zaokrąglony nosek i miękkie linie sprawiają, że Old School są jednymi z bardziej uniwersalnie wyglądających butów, bez poświęcenia jakości, której szuka każdy skateboarder Cholewka z zamszu i materiału tekstylnego zapewnia lekkość i wygodę Lekko wyściełany kołnierz Komfortowa, miękka wkładka wewnętrzna Gumowa, wulkanizowana podeszwa o charakterystycznej strukturze wafla odznacza się dużą przyczepnością i trwałością Lekkie i solidne",https://supersklep.pl/i159990-buty-vans-old-skool-black-black,Vans,supersklep (pl),https://static.supersklep.pl/1410957-buty-vans-old-skool-black-black.jpg?t=google,in_stock,369.90 PLN,259.90 PLN,159990,true,"{""color"":""czarny"",""size"":""42.5""}",700053843578,VN000D3HBKA1,new,Buty > Miejskie > Wszystkie buty,"https://static.supersklep.pl/1410959-buty-vans-old-skool-black-black.jpg?t=google,https://static.supersklep.pl/1410960-buty-vans-old-skool-black-black.jpg?t=google,https://static.supersklep.pl/1410961-buty-vans-old-skool-black-black.jpg?t=google,https://static.supersklep.pl/1410962-buty-vans-old-skool-black-black.jpg?t=google,https://static.supersklep.pl/1410963-buty-vans-old-skool-black-black.jpg?t=google,https://static.supersklep.pl/1410964-buty-vans-old-skool-black-black.jpg?t=google,https://static.supersklep.pl/1410965-buty-vans-old-skool-black-black.jpg?t=google,https://static.supersklep.pl/1410966-buty-vans-old-skool-black-black.jpg?t=google,https://static.supersklep.pl/1410958-buty-vans-old-skool-black-black.jpg?t=google",czarny,42.5,tekstylny,unisex,true,false,true
700054014144,"Buty Vans Old Skool (black/black), 50","""Old Skool"" to perfekcyjny remake, klasycznego już modelu z lat 70-tych. Mimo swojego nieskomplikowanego kroju, odznacza się wyjątkowym stylem i jakością wykonania. Nowo skonstruowane cholewki z płótna i zamszu mieszczą uproszczone jednoczęściowe wnętrza z dodatkowym podparciem łuku i nową wyściółką odprowadzającą wilgoć, która zapewnia, że zawsze będziesz czuł się komfortowo. Zaokrąglony nosek i miękkie linie sprawiają, że Old School są jednymi z bardziej uniwersalnie wyglądających butów, bez poświęcenia jakości, której szuka każdy skateboarder Cholewka z zamszu i materiału tekstylnego zapewnia lekkość i wygodę Lekko wyściełany kołnierz Komfortowa, miękka wkładka wewnętrzna Gumowa, wulkanizowana podeszwa o charakterystycznej strukturze wafla odznacza się dużą przyczepnością i trwałością Lekkie i solidne",https://supersklep.pl/i159990-buty-vans-old-skool-black-black,Vans,supersklep (pl),https://static.supersklep.pl/1410957-buty-vans-old-skool-black-black.jpg?t=google,in_stock,369.90 PLN,259.90 PLN,159990,true,"{""color"":""czarny"",""size"":""50""}",700054014144,VN000D3HBKA1,new,Buty > Miejskie > Wszystkie buty,"https://static.supersklep.pl/1410959-buty-vans-old-skool-black-black.jpg?t=google,https://static.supersklep.pl/1410960-buty-vans-old-skool-black-black.jpg?t=google,https://static.supersklep.pl/1410961-buty-vans-old-skool-black-black.jpg?t=google,https://static.supersklep.pl/1410962-buty-vans-old-skool-black-black.jpg?t=google,https://static.supersklep.pl/1410963-buty-vans-old-skool-black-black.jpg?t=google,https://static.supersklep.pl/1410964-buty-vans-old-skool-black-black.jpg?t=google,https://static.supersklep.pl/1410965-buty-vans-old-skool-black-black.jpg?t=google,https://static.supersklep.pl/1410966-buty-vans-old-skool-black-black.jpg?t=google,https://static.supersklep.pl/1410958-buty-vans-old-skool-black-black.jpg?t=google",czarny,50,tekstylny,unisex,true,false,true
700053843530,"Buty Vans Old Skool (black/black), 40","""Old Skool"" to perfekcyjny remake, klasycznego już modelu z lat 70-tych. Mimo swojego nieskomplikowanego kroju, odznacza się wyjątkowym stylem i jakością wykonania. Nowo skonstruowane cholewki z płótna i zamszu mieszczą uproszczone jednoczęściowe wnętrza z dodatkowym podparciem łuku i nową wyściółką odprowadzającą wilgoć, która zapewnia, że zawsze będziesz czuł się komfortowo. Zaokrąglony nosek i miękkie linie sprawiają, że Old School są jednymi z bardziej uniwersalnie wyglądających butów, bez poświęcenia jakości, której szuka każdy skateboarder Cholewka z zamszu i materiału tekstylnego zapewnia lekkość i wygodę Lekko wyściełany kołnierz Komfortowa, miękka wkładka wewnętrzna Gumowa, wulkanizowana podeszwa o charakterystycznej strukturze wafla odznacza się dużą przyczepnością i trwałością Lekkie i solidne",https://supersklep.pl/i159990-buty-vans-old-skool-black-black,Vans,supersklep (pl),https://static.supersklep.pl/1410957-buty-vans-old-skool-black-black.jpg?t=google,in_stock,369.90 PLN,259.90 PLN,159990,true,"{""color"":""czarny"",""size"":""40""}",700053843530,VN000D3HBKA1,new,Buty > Miejskie > Wszystkie buty,"https://static.supersklep.pl/1410959-buty-vans-old-skool-black-black.jpg?t=google,https://static.supersklep.pl/1410960-buty-vans-old-skool-black-black.jpg?t=google,https://static.supersklep.pl/1410961-buty-vans-old-skool-black-black.jpg?t=google,https://static.supersklep.pl/1410962-buty-vans-old-skool-black-black.jpg?t=google,https://static.supersklep.pl/1410963-buty-vans-old-skool-black-black.jpg?t=google,https://static.supersklep.pl/1410964-buty-vans-old-skool-black-black.jpg?t=google,https://static.supersklep.pl/1410965-buty-vans-old-skool-black-black.jpg?t=google,https://static.supersklep.pl/1410966-buty-vans-old-skool-black-black.jpg?t=google,https://static.supersklep.pl/1410958-buty-vans-old-skool-black-black.jpg?t=google",czarny,40,tekstylny,unisex,true,false,true
700053843608,"Buty Vans Old Skool (black/black), 44.5","""Old Skool"" to perfekcyjny remake, klasycznego już modelu z lat 70-tych. Mimo swojego nieskomplikowanego kroju, odznacza się wyjątkowym stylem i jakością wykonania. Nowo skonstruowane cholewki z płótna i zamszu mieszczą uproszczone jednoczęściowe wnętrza z dodatkowym podparciem łuku i nową wyściółką odprowadzającą wilgoć, która zapewnia, że zawsze będziesz czuł się komfortowo. Zaokrąglony nosek i miękkie linie sprawiają, że Old School są jednymi z bardziej uniwersalnie wyglądających butów, bez poświęcenia jakości, której szuka każdy skateboarder Cholewka z zamszu i materiału tekstylnego zapewnia lekkość i wygodę Lekko wyściełany kołnierz Komfortowa, miękka wkładka wewnętrzna Gumowa, wulkanizowana podeszwa o charakterystycznej strukturze wafla odznacza się dużą przyczepnością i trwałością Lekkie i solidne",https://supersklep.pl/i159990-buty-vans-old-skool-black-black,Vans,supersklep (pl),https://static.supersklep.pl/1410957-buty-vans-old-skool-black-black.jpg?t=google,in_stock,369.90 PLN,259.90 PLN,159990,true,"{""color"":""czarny"",""size"":""44.5""}",700053843608,VN000D3HBKA1,new,Buty > Miejskie > Wszystkie buty,"https://static.supersklep.pl/1410959-buty-vans-old-skool-black-black.jpg?t=google,https://static.supersklep.pl/1410960-buty-vans-old-skool-black-black.jpg?t=google,https://static.supersklep.pl/1410961-buty-vans-old-skool-black-black.jpg?t=google,https://static.supersklep.pl/1410962-buty-vans-old-skool-black-black.jpg?t=google,https://static.supersklep.pl/1410963-buty-vans-old-skool-black-black.jpg?t=google,https://static.supersklep.pl/1410964-buty-vans-old-skool-black-black.jpg?t=google,https://static.supersklep.pl/1410965-buty-vans-old-skool-black-black.jpg?t=google,https://static.supersklep.pl/1410966-buty-vans-old-skool-black-black.jpg?t=google,https://static.supersklep.pl/1410958-buty-vans-old-skool-black-black.jpg?t=google",czarny,44.5,tekstylny,unisex,true,false,true
700054014090,"Buty Vans Old Skool (black/black), 48","""Old Skool"" to perfekcyjny remake, klasycznego już modelu z lat 70-tych. Mimo swojego nieskomplikowanego kroju, odznacza się wyjątkowym stylem i jakością wykonania. Nowo skonstruowane cholewki z płótna i zamszu mieszczą uproszczone jednoczęściowe wnętrza z dodatkowym podparciem łuku i nową wyściółką odprowadzającą wilgoć, która zapewnia, że zawsze będziesz czuł się komfortowo. Zaokrąglony nosek i miękkie linie sprawiają, że Old School są jednymi z bardziej uniwersalnie wyglądających butów, bez poświęcenia jakości, której szuka każdy skateboarder Cholewka z zamszu i materiału tekstylnego zapewnia lekkość i wygodę Lekko wyściełany kołnierz Komfortowa, miękka wkładka wewnętrzna Gumowa, wulkanizowana podeszwa o charakterystycznej strukturze wafla odznacza się dużą przyczepnością i trwałością Lekkie i solidne",https://supersklep.pl/i159990-buty-vans-old-skool-black-black,Vans,supersklep (pl),https://static.supersklep.pl/1410957-buty-vans-old-skool-black-black.jpg?t=google,in_stock,369.90 PLN,259.90 PLN,159990,true,"{""color"":""czarny"",""size"":""48""}",700054014090,VN000D3HBKA1,new,Buty > Miejskie > Wszystkie buty,"https://static.supersklep.pl/1410959-buty-vans-old-skool-black-black.jpg?t=google,https://static.supersklep.pl/1410960-buty-vans-old-skool-black-black.jpg?t=google,https://static.supersklep.pl/1410961-buty-vans-old-skool-black-black.jpg?t=google,https://static.supersklep.pl/1410962-buty-vans-old-skool-black-black.jpg?t=google,https://static.supersklep.pl/1410963-buty-vans-old-skool-black-black.jpg?t=google,https://static.supersklep.pl/1410964-buty-vans-old-skool-black-black.jpg?t=google,https://static.supersklep.pl/1410965-buty-vans-old-skool-black-black.jpg?t=google,https://static.supersklep.pl/1410966-buty-vans-old-skool-black-black.jpg?t=google,https://static.supersklep.pl/1410958-buty-vans-old-skool-black-black.jpg?t=google",czarny,48,tekstylny,unisex,true,false,true
700053843615,"Buty Vans Old Skool (black/black), 45","""Old Skool"" to perfekcyjny remake, klasycznego już modelu z lat 70-tych. Mimo swojego nieskomplikowanego kroju, odznacza się wyjątkowym stylem i jakością wykonania. Nowo skonstruowane cholewki z płótna i zamszu mieszczą uproszczone jednoczęściowe wnętrza z dodatkowym podparciem łuku i nową wyściółką odprowadzającą wilgoć, która zapewnia, że zawsze będziesz czuł się komfortowo. Zaokrąglony nosek i miękkie linie sprawiają, że Old School są jednymi z bardziej uniwersalnie wyglądających butów, bez poświęcenia jakości, której szuka każdy skateboarder Cholewka z zamszu i materiału tekstylnego zapewnia lekkość i wygodę Lekko wyściełany kołnierz Komfortowa, miękka wkładka wewnętrzna Gumowa, wulkanizowana podeszwa o charakterystycznej strukturze wafla odznacza się dużą przyczepnością i trwałością Lekkie i solidne",https://supersklep.pl/i159990-buty-vans-old-skool-black-black,Vans,supersklep (pl),https://static.supersklep.pl/1410957-buty-vans-old-skool-black-black.jpg?t=google,in_stock,369.90 PLN,259.90 PLN,159990,true,"{""color"":""czarny"",""size"":""45""}",700053843615,VN000D3HBKA1,new,Buty > Miejskie > Wszystkie buty,"https://static.supersklep.pl/1410959-buty-vans-old-skool-black-black.jpg?t=google,https://static.supersklep.pl/1410960-buty-vans-old-skool-black-black.jpg?t=google,https://static.supersklep.pl/1410961-buty-vans-old-skool-black-black.jpg?t=google,https://static.supersklep.pl/1410962-buty-vans-old-skool-black-black.jpg?t=google,https://static.supersklep.pl/1410963-buty-vans-old-skool-black-black.jpg?t=google,https://static.supersklep.pl/1410964-buty-vans-old-skool-black-black.jpg?t=google,https://static.supersklep.pl/1410965-buty-vans-old-skool-black-black.jpg?t=google,https://static.supersklep.pl/1410966-buty-vans-old-skool-black-black.jpg?t=google,https://static.supersklep.pl/1410958-buty-vans-old-skool-black-black.jpg?t=google",czarny,45,tekstylny,unisex,true,false,true
700053843592,"Buty Vans Old Skool (black/black), 44","""Old Skool"" to perfekcyjny remake, klasycznego już modelu z lat 70-tych. Mimo swojego nieskomplikowanego kroju, odznacza się wyjątkowym stylem i jakością wykonania. Nowo skonstruowane cholewki z płótna i zamszu mieszczą uproszczone jednoczęściowe wnętrza z dodatkowym podparciem łuku i nową wyściółką odprowadzającą wilgoć, która zapewnia, że zawsze będziesz czuł się komfortowo. Zaokrąglony nosek i miękkie linie sprawiają, że Old School są jednymi z bardziej uniwersalnie wyglądających butów, bez poświęcenia jakości, której szuka każdy skateboarder Cholewka z zamszu i materiału tekstylnego zapewnia lekkość i wygodę Lekko wyściełany kołnierz Komfortowa, miękka wkładka wewnętrzna Gumowa, wulkanizowana podeszwa o charakterystycznej strukturze wafla odznacza się dużą przyczepnością i trwałością Lekkie i solidne",https://supersklep.pl/i159990-buty-vans-old-skool-black-black,Vans,supersklep (pl),https://static.supersklep.pl/1410957-buty-vans-old-skool-black-black.jpg?t=google,in_stock,369.90 PLN,259.90 PLN,159990,true,"{""color"":""czarny"",""size"":""44""}",700053843592,VN000D3HBKA1,new,Buty > Miejskie > Wszystkie buty,"https://static.supersklep.pl/1410959-buty-vans-old-skool-black-black.jpg?t=google,https://static.supersklep.pl/1410960-buty-vans-old-skool-black-black.jpg?t=google,https://static.supersklep.pl/1410961-buty-vans-old-skool-black-black.jpg?t=google,https://static.supersklep.pl/1410962-buty-vans-old-skool-black-black.jpg?t=google,https://static.supersklep.pl/1410963-buty-vans-old-skool-black-black.jpg?t=google,https://static.supersklep.pl/1410964-buty-vans-old-skool-black-black.jpg?t=google,https://static.supersklep.pl/1410965-buty-vans-old-skool-black-black.jpg?t=google,https://static.supersklep.pl/1410966-buty-vans-old-skool-black-black.jpg?t=google,https://static.supersklep.pl/1410958-buty-vans-old-skool-black-black.jpg?t=google",czarny,44,tekstylny,unisex,true,false,true
700053804050,"Buty Vans Old Skool (navy), 38.5","""Old Skool"" to perfekcyjny remake, klasycznego już modelu z lat 70-tych. Mimo swojego nieskomplikowanego kroju, odznacza się wyjątkowym stylem i jakością wykonania. Nowo skonstruowane cholewki z płótna i zamszu mieszczą uproszczone jednoczęściowe wnętrza z dodatkowym podparciem łuku i nową wyściółką odprowadzającą wilgoć, która zapewnia, że zawsze będziesz czuł się komfortowo. Zaokrąglony nosek i miękkie linie sprawiają, że Old School są jednymi z bardziej uniwersalnie wyglądających butów, bez poświęcenia jakości, której szuka każdy skateboarder Cholewka z zamszu i materiału tekstylnego zapewnia lekkość i wygodę Lekko wyściełany kołnierz Komfortowa, miękka wkładka wewnętrzna Gumowa, wulkanizowana podeszwa o charakterystycznej strukturze wafla odznacza się dużą przyczepnością i trwałością Lekkie i solidne",https://supersklep.pl/i183396-buty-vans-old-skool-navy,Vans,supersklep (pl),https://static.supersklep.pl/1411101-buty-vans-old-skool-navy.jpg?t=google,in_stock,369.90 PLN,229.90 PLN,183396,true,"{""color"":""granatowy"",""size"":""38.5""}",700053804050,VN000D3HNVY1,new,Buty > Miejskie > Wszystkie buty,"https://static.supersklep.pl/1411103-buty-vans-old-skool-navy.jpg?t=google,https://static.supersklep.pl/1411104-buty-vans-old-skool-navy.jpg?t=google,https://static.supersklep.pl/1411105-buty-vans-old-skool-navy.jpg?t=google,https://static.supersklep.pl/1411106-buty-vans-old-skool-navy.jpg?t=google,https://static.supersklep.pl/1411107-buty-vans-old-skool-navy.jpg?t=google,https://static.supersklep.pl/1411108-buty-vans-old-skool-navy.jpg?t=google,https://static.supersklep.pl/1411109-buty-vans-old-skool-navy.jpg?t=google,https://static.supersklep.pl/1411110-buty-vans-old-skool-navy.jpg?t=google,https://static.supersklep.pl/1411102-buty-vans-old-skool-navy.jpg?t=google",granatowy,38.5,tekstylny,unisex,true,false,true
700053804159,"Buty Vans Old Skool (navy), 42.5","""Old Skool"" to perfekcyjny remake, klasycznego już modelu z lat 70-tych. Mimo swojego nieskomplikowanego kroju, odznacza się wyjątkowym stylem i jakością wykonania. Nowo skonstruowane cholewki z płótna i zamszu mieszczą uproszczone jednoczęściowe wnętrza z dodatkowym podparciem łuku i nową wyściółką odprowadzającą wilgoć, która zapewnia, że zawsze będziesz czuł się komfortowo. Zaokrąglony nosek i miękkie linie sprawiają, że Old School są jednymi z bardziej uniwersalnie wyglądających butów, bez poświęcenia jakości, której szuka każdy skateboarder Cholewka z zamszu i materiału tekstylnego zapewnia lekkość i wygodę Lekko wyściełany kołnierz Komfortowa, miękka wkładka wewnętrzna Gumowa, wulkanizowana podeszwa o charakterystycznej strukturze wafla odznacza się dużą przyczepnością i trwałością Lekkie i solidne",https://supersklep.pl/i183396-buty-vans-old-skool-navy,Vans,supersklep (pl),https://static.supersklep.pl/1411101-buty-vans-old-skool-navy.jpg?t=google,in_stock,369.90 PLN,229.90 PLN,183396,true,"{""color"":""granatowy"",""size"":""42.5""}",700053804159,VN000D3HNVY1,new,Buty > Miejskie > Wszystkie buty,"https://static.supersklep.pl/1411103-buty-vans-old-skool-navy.jpg?t=google,https://static.supersklep.pl/1411104-buty-vans-old-skool-navy.jpg?t=google,https://static.supersklep.pl/1411105-buty-vans-old-skool-navy.jpg?t=google,https://static.supersklep.pl/1411106-buty-vans-old-skool-navy.jpg?t=google,https://static.supersklep.pl/1411107-buty-vans-old-skool-navy.jpg?t=google,https://static.supersklep.pl/1411108-buty-vans-old-skool-navy.jpg?t=google,https://static.supersklep.pl/1411109-buty-vans-old-skool-navy.jpg?t=google,https://static.supersklep.pl/1411110-buty-vans-old-skool-navy.jpg?t=google,https://static.supersklep.pl/1411102-buty-vans-old-skool-navy.jpg?t=google",granatowy,42.5,tekstylny,unisex,true,false,true
700053804012,"Buty Vans Old Skool (navy), 36","""Old Skool"" to perfekcyjny remake, klasycznego już modelu z lat 70-tych. Mimo swojego nieskomplikowanego kroju, odznacza się wyjątkowym stylem i jakością wykonania. Nowo skonstruowane cholewki z płótna i zamszu mieszczą uproszczone jednoczęściowe wnętrza z dodatkowym podparciem łuku i nową wyściółką odprowadzającą wilgoć, która zapewnia, że zawsze będziesz czuł się komfortowo. Zaokrąglony nosek i miękkie linie sprawiają, że Old School są jednymi z bardziej uniwersalnie wyglądających butów, bez poświęcenia jakości, której szuka każdy skateboarder Cholewka z zamszu i materiału tekstylnego zapewnia lekkość i wygodę Lekko wyściełany kołnierz Komfortowa, miękka wkładka wewnętrzna Gumowa, wulkanizowana podeszwa o charakterystycznej strukturze wafla odznacza się dużą przyczepnością i trwałością Lekkie i solidne",https://supersklep.pl/i183396-buty-vans-old-skool-navy,Vans,supersklep (pl),https://static.supersklep.pl/1411101-buty-vans-old-skool-navy.jpg?t=google,in_stock,369.90 PLN,229.90 PLN,183396,true,"{""color"":""granatowy"",""size"":""36""}",700053804012,VN000D3HNVY1,new,Buty > Miejskie > Wszystkie buty,"https://static.supersklep.pl/1411103-buty-vans-old-skool-navy.jpg?t=google,https://static.supersklep.pl/1411104-buty-vans-old-skool-navy.jpg?t=google,https://static.supersklep.pl/1411105-buty-vans-old-skool-navy.jpg?t=google,https://static.supersklep.pl/1411106-buty-vans-old-skool-navy.jpg?t=google,https://static.supersklep.pl/1411107-buty-vans-old-skool-navy.jpg?t=google,https://static.supersklep.pl/1411108-buty-vans-old-skool-navy.jpg?t=google,https://static.supersklep.pl/1411109-buty-vans-old-skool-navy.jpg?t=google,https://static.supersklep.pl/1411110-buty-vans-old-skool-navy.jpg?t=google,https://static.supersklep.pl/1411102-buty-vans-old-skool-navy.jpg?t=google",granatowy,36,tekstylny,unisex,true,false,true
700053804029,"Buty Vans Old Skool (navy), 36.5","""Old Skool"" to perfekcyjny remake, klasycznego już modelu z lat 70-tych. Mimo swojego nieskomplikowanego kroju, odznacza się wyjątkowym stylem i jakością wykonania. Nowo skonstruowane cholewki z płótna i zamszu mieszczą uproszczone jednoczęściowe wnętrza z dodatkowym podparciem łuku i nową wyściółką odprowadzającą wilgoć, która zapewnia, że zawsze będziesz czuł się komfortowo. Zaokrąglony nosek i miękkie linie sprawiają, że Old School są jednymi z bardziej uniwersalnie wyglądających butów, bez poświęcenia jakości, której szuka każdy skateboarder Cholewka z zamszu i materiału tekstylnego zapewnia lekkość i wygodę Lekko wyściełany kołnierz Komfortowa, miękka wkładka wewnętrzna Gumowa, wulkanizowana podeszwa o charakterystycznej strukturze wafla odznacza się dużą przyczepnością i trwałością Lekkie i solidne",https://supersklep.pl/i183396-buty-vans-old-skool-navy,Vans,supersklep (pl),https://static.supersklep.pl/1411101-buty-vans-old-skool-navy.jpg?t=google,in_stock,369.90 PLN,229.90 PLN,183396,true,"{""color"":""granatowy"",""size"":""36.5""}",700053804029,VN000D3HNVY1,new,Buty > Miejskie > Wszystkie buty,"https://static.supersklep.pl/1411103-buty-vans-old-skool-navy.jpg?t=google,https://static.supersklep.pl/1411104-buty-vans-old-skool-navy.jpg?t=google,https://static.supersklep.pl/1411105-buty-vans-old-skool-navy.jpg?t=google,https://static.supersklep.pl/1411106-buty-vans-old-skool-navy.jpg?t=google,https://static.supersklep.pl/1411107-buty-vans-old-skool-navy.jpg?t=google,https://static.supersklep.pl/1411108-buty-vans-old-skool-navy.jpg?t=google,https://static.supersklep.pl/1411109-buty-vans-old-skool-navy.jpg?t=google,https://static.supersklep.pl/1411110-buty-vans-old-skool-navy.jpg?t=google,https://static.supersklep.pl/1411102-buty-vans-old-skool-navy.jpg?t=google",granatowy,36.5,tekstylny,unisex,true,false,true
700053803749,"Buty Vans Old Skool (black/white), 36","""Old Skool"" to perfekcyjny remake, modelu z lat 70-tych. To klasyczne buty, które zdobyły uznanie na całym świecie. Model ten jest wizytówką marki Vans i stanowi ikonę stylu skateboardowego. Buty te charakteryzują się wygodnym i trwałym wykonaniem, a także modnym, minimalistycznym designem. Górna część butów została wykonana z trwałej tkaniny w kolorze czarnym, która zapewnia wysoką odporność na uszkodzenia i trwałość. Wokół czubka i na pięcie znajdują się charakterystyczne dla modelu Vans paski w kolorze białym. Buty posiadają sznurowanie, co pozwala na idealne dopasowanie do stopy. Wnętrze butów pokryte jest miękkim materiałem, który zapewnia komfort podczas użytkowania. Wkładka wykonana jest z materiału tekstylnego, który pozwala na swobodny przepływ powietrza i utrzymanie odpowiedniej temperatury wewnątrz buta. Podeszwa butów wykonana jest z gumy, która zapewnia przyczepność do podłoża oraz amortyzację podczas chodzenia. Cholewka z zamszu i materiału tekstylnego zapewnia lekkość i wygodę Lekko wyściełany kołnierz Komfortowa, miękka wkładka wewnętrzna Gumowa, wulkanizowana podeszwa o charakterystycznej strukturze wafla odznacza się dużą przyczepnością i trwałością Lekkie i solidne",https://supersklep.pl/i185399-buty-vans-old-skool-black-white,Vans,supersklep (pl),https://static.supersklep.pl/1410937-buty-vans-old-skool-black-white.jpg?t=google,in_stock,369.90 PLN,269.90 PLN,185399,true,"{""color"":""czarny"",""size"":""36""}",700053803749,VN000D3HY281,new,Buty > Miejskie > Wszystkie buty,"https://static.supersklep.pl/1410939-buty-vans-old-skool-black-white.jpg?t=google,https://static.supersklep.pl/1410940-buty-vans-old-skool-black-white.jpg?t=google,https://static.supersklep.pl/1410941-buty-vans-old-skool-black-white.jpg?t=google,https://static.supersklep.pl/1410942-buty-vans-old-skool-black-white.jpg?t=google,https://static.supersklep.pl/1410943-buty-vans-old-skool-black-white.jpg?t=google,https://static.supersklep.pl/1410944-buty-vans-old-skool-black-white.jpg?t=google,https://static.supersklep.pl/1410945-buty-vans-old-skool-black-white.jpg?t=google,https://static.supersklep.pl/1410946-buty-vans-old-skool-black-white.jpg?t=google,https://static.supersklep.pl/1410938-buty-vans-old-skool-black-white.jpg?t=google",czarny,36,tekstylny,unisex,true,false,true
700053803763,"Buty Vans Old Skool (black/white), 37","""Old Skool"" to perfekcyjny remake, modelu z lat 70-tych. To klasyczne buty, które zdobyły uznanie na całym świecie. Model ten jest wizytówką marki Vans i stanowi ikonę stylu skateboardowego. Buty te charakteryzują się wygodnym i trwałym wykonaniem, a także modnym, minimalistycznym designem. Górna część butów została wykonana z trwałej tkaniny w kolorze czarnym, która zapewnia wysoką odporność na uszkodzenia i trwałość. Wokół czubka i na pięcie znajdują się charakterystyczne dla modelu Vans paski w kolorze białym. Buty posiadają sznurowanie, co pozwala na idealne dopasowanie do stopy. Wnętrze butów pokryte jest miękkim materiałem, który zapewnia komfort podczas użytkowania. Wkładka wykonana jest z materiału tekstylnego, który pozwala na swobodny przepływ powietrza i utrzymanie odpowiedniej temperatury wewnątrz buta. Podeszwa butów wykonana jest z gumy, która zapewnia przyczepność do podłoża oraz amortyzację podczas chodzenia. Cholewka z zamszu i materiału tekstylnego zapewnia lekkość i wygodę Lekko wyściełany kołnierz Komfortowa, miękka wkładka wewnętrzna Gumowa, wulkanizowana podeszwa o charakterystycznej strukturze wafla odznacza się dużą przyczepnością i trwałością Lekkie i solidne",https://supersklep.pl/i185399-buty-vans-old-skool-black-white,Vans,supersklep (pl),https://static.supersklep.pl/1410937-buty-vans-old-skool-black-white.jpg?t=google,in_stock,369.90 PLN,269.90 PLN,185399,true,"{""color"":""czarny"",""size"":""37""}",700053803763,VN000D3HY281,new,Buty > Miejskie > Wszystkie buty,"https://static.supersklep.pl/1410939-buty-vans-old-skool-black-white.jpg?t=google,https://static.supersklep.pl/1410940-buty-vans-old-skool-black-white.jpg?t=google,https://static.supersklep.pl/1410941-buty-vans-old-skool-black-white.jpg?t=google,https://static.supersklep.pl/1410942-buty-vans-old-skool-black-white.jpg?t=google,https://static.supersklep.pl/1410943-buty-vans-old-skool-black-white.jpg?t=google,https://static.supersklep.pl/1410944-buty-vans-old-skool-black-white.jpg?t=google,https://static.supersklep.pl/1410945-buty-vans-old-skool-black-white.jpg?t=google,https://static.supersklep.pl/1410946-buty-vans-old-skool-black-white.jpg?t=google,https://static.supersklep.pl/1410938-buty-vans-old-skool-black-white.jpg?t=google",czarny,37,tekstylny,unisex,true,false,true
700053815674,"Buty Vans Old Skool (black/white), 50","""Old Skool"" to perfekcyjny remake, modelu z lat 70-tych. To klasyczne buty, które zdobyły uznanie na całym świecie. Model ten jest wizytówką marki Vans i stanowi ikonę stylu skateboardowego. Buty te charakteryzują się wygodnym i trwałym wykonaniem, a także modnym, minimalistycznym designem. Górna część butów została wykonana z trwałej tkaniny w kolorze czarnym, która zapewnia wysoką odporność na uszkodzenia i trwałość. Wokół czubka i na pięcie znajdują się charakterystyczne dla modelu Vans paski w kolorze białym. Buty posiadają sznurowanie, co pozwala na idealne dopasowanie do stopy. Wnętrze butów pokryte jest miękkim materiałem, który zapewnia komfort podczas użytkowania. Wkładka wykonana jest z materiału tekstylnego, który pozwala na swobodny przepływ powietrza i utrzymanie odpowiedniej temperatury wewnątrz buta. Podeszwa butów wykonana jest z gumy, która zapewnia przyczepność do podłoża oraz amortyzację podczas chodzenia. Cholewka z zamszu i materiału tekstylnego zapewnia lekkość i wygodę Lekko wyściełany kołnierz Komfortowa, miękka wkładka wewnętrzna Gumowa, wulkanizowana podeszwa o charakterystycznej strukturze wafla odznacza się dużą przyczepnością i trwałością Lekkie i solidne",https://supersklep.pl/i185399-buty-vans-old-skool-black-white,Vans,supersklep (pl),https://static.supersklep.pl/1410937-buty-vans-old-skool-black-white.jpg?t=google,in_stock,369.90 PLN,269.90 PLN,185399,true,"{""color"":""czarny"",""size"":""50""}",700053815674,VN000D3HY281,new,Buty > Miejskie > Wszystkie buty,"https://static.supersklep.pl/1410939-buty-vans-old-skool-black-white.jpg?t=google,https://static.supersklep.pl/1410940-buty-vans-old-skool-black-white.jpg?t=google,https://static.supersklep.pl/1410941-buty-vans-old-skool-black-white.jpg?t=google,https://static.supersklep.pl/1410942-buty-vans-old-skool-black-white.jpg?t=google,https://static.supersklep.pl/1410943-buty-vans-old-skool-black-white.jpg?t=google,https://static.supersklep.pl/1410944-buty-vans-old-skool-black-white.jpg?t=google,https://static.supersklep.pl/1410945-buty-vans-old-skool-black-white.jpg?t=google,https://static.supersklep.pl/1410946-buty-vans-old-skool-black-white.jpg?t=google,https://static.supersklep.pl/1410938-buty-vans-old-skool-black-white.jpg?t=google",czarny,50,tekstylny,unisex,true,false,true
700053815629,"Buty Vans Old Skool (black/white), 49","""Old Skool"" to perfekcyjny remake, modelu z lat 70-tych. To klasyczne buty, które zdobyły uznanie na całym świecie. Model ten jest wizytówką marki Vans i stanowi ikonę stylu skateboardowego. Buty te charakteryzują się wygodnym i trwałym wykonaniem, a także modnym, minimalistycznym designem. Górna część butów została wykonana z trwałej tkaniny w kolorze czarnym, która zapewnia wysoką odporność na uszkodzenia i trwałość. Wokół czubka i na pięcie znajdują się charakterystyczne dla modelu Vans paski w kolorze białym. Buty posiadają sznurowanie, co pozwala na idealne dopasowanie do stopy. Wnętrze butów pokryte jest miękkim materiałem, który zapewnia komfort podczas użytkowania. Wkładka wykonana jest z materiału tekstylnego, który pozwala na swobodny przepływ powietrza i utrzymanie odpowiedniej temperatury wewnątrz buta. Podeszwa butów wykonana jest z gumy, która zapewnia przyczepność do podłoża oraz amortyzację podczas chodzenia. Cholewka z zamszu i materiału tekstylnego zapewnia lekkość i wygodę Lekko wyściełany kołnierz Komfortowa, miękka wkładka wewnętrzna Gumowa, wulkanizowana podeszwa o charakterystycznej strukturze wafla odznacza się dużą przyczepnością i trwałością Lekkie i solidne",https://supersklep.pl/i185399-buty-vans-old-skool-black-white,Vans,supersklep (pl),https://static.supersklep.pl/1410937-buty-vans-old-skool-black-white.jpg?t=google,in_stock,369.90 PLN,269.90 PLN,185399,true,"{""color"":""czarny"",""size"":""49""}",700053815629,VN000D3HY281,new,Buty > Miejskie > Wszystkie buty,"https://static.supersklep.pl/1410939-buty-vans-old-skool-black-white.jpg?t=google,https://static.supersklep.pl/1410940-buty-vans-old-skool-black-white.jpg?t=google,https://static.supersklep.pl/1410941-buty-vans-old-skool-black-white.jpg?t=google,https://static.supersklep.pl/1410942-buty-vans-old-skool-black-white.jpg?t=google,https://static.supersklep.pl/1410943-buty-vans-old-skool-black-white.jpg?t=google,https://static.supersklep.pl/1410944-buty-vans-old-skool-black-white.jpg?t=google,https://static.supersklep.pl/1410945-buty-vans-old-skool-black-white.jpg?t=google,https://static.supersklep.pl/1410946-buty-vans-old-skool-black-white.jpg?t=google,https://static.supersklep.pl/1410938-buty-vans-old-skool-black-white.jpg?t=google",czarny,49,tekstylny,unisex,true,false,true
700053803787,"Buty Vans Old Skool (black/white), 38.5","""Old Skool"" to perfekcyjny remake, modelu z lat 70-tych. To klasyczne buty, które zdobyły uznanie na całym świecie. Model ten jest wizytówką marki Vans i stanowi ikonę stylu skateboardowego. Buty te charakteryzują się wygodnym i trwałym wykonaniem, a także modnym, minimalistycznym designem. Górna część butów została wykonana z trwałej tkaniny w kolorze czarnym, która zapewnia wysoką odporność na uszkodzenia i trwałość. Wokół czubka i na pięcie znajdują się charakterystyczne dla modelu Vans paski w kolorze białym. Buty posiadają sznurowanie, co pozwala na idealne dopasowanie do stopy. Wnętrze butów pokryte jest miękkim materiałem, który zapewnia komfort podczas użytkowania. Wkładka wykonana jest z materiału tekstylnego, który pozwala na swobodny przepływ powietrza i utrzymanie odpowiedniej temperatury wewnątrz buta. Podeszwa butów wykonana jest z gumy, która zapewnia przyczepność do podłoża oraz amortyzację podczas chodzenia. Cholewka z zamszu i materiału tekstylnego zapewnia lekkość i wygodę Lekko wyściełany kołnierz Komfortowa, miękka wkładka wewnętrzna Gumowa, wulkanizowana podeszwa o charakterystycznej strukturze wafla odznacza się dużą przyczepnością i trwałością Lekkie i solidne",https://supersklep.pl/i185399-buty-vans-old-skool-black-white,Vans,supersklep (pl),https://static.supersklep.pl/1410937-buty-vans-old-skool-black-white.jpg?t=google,in_stock,369.90 PLN,269.90 PLN,185399,true,"{""color"":""czarny"",""size"":""38.5""}",700053803787,VN000D3HY281,new,Buty > Miejskie > Wszystkie buty,"https://static.supersklep.pl/1410939-buty-vans-old-skool-black-white.jpg?t=google,https://static.supersklep.pl/1410940-buty-vans-old-skool-black-white.jpg?t=google,https://static.supersklep.pl/1410941-buty-vans-old-skool-black-white.jpg?t=google,https://static.supersklep.pl/1410942-buty-vans-old-skool-black-white.jpg?t=google,https://static.supersklep.pl/1410943-buty-vans-old-skool-black-white.jpg?t=google,https://static.supersklep.pl/1410944-buty-vans-old-skool-black-white.jpg?t=google,https://static.supersklep.pl/1410945-buty-vans-old-skool-black-white.jpg?t=google,https://static.supersklep.pl/1410946-buty-vans-old-skool-black-white.jpg?t=google,https://static.supersklep.pl/1410938-buty-vans-old-skool-black-white.jpg?t=google",czarny,38.5,tekstylny,unisex,true,false,true
700053803848,"Buty Vans Old Skool (black/white), 40","""Old Skool"" to perfekcyjny remake, modelu z lat 70-tych. To klasyczne buty, które zdobyły uznanie na całym świecie. Model ten jest wizytówką marki Vans i stanowi ikonę stylu skateboardowego. Buty te charakteryzują się wygodnym i trwałym wykonaniem, a także modnym, minimalistycznym designem. Górna część butów została wykonana z trwałej tkaniny w kolorze czarnym, która zapewnia wysoką odporność na uszkodzenia i trwałość. Wokół czubka i na pięcie znajdują się charakterystyczne dla modelu Vans paski w kolorze białym. Buty posiadają sznurowanie, co pozwala na idealne dopasowanie do stopy. Wnętrze butów pokryte jest miękkim materiałem, który zapewnia komfort podczas użytkowania. Wkładka wykonana jest z materiału tekstylnego, który pozwala na swobodny przepływ powietrza i utrzymanie odpowiedniej temperatury wewnątrz buta. Podeszwa butów wykonana jest z gumy, która zapewnia przyczepność do podłoża oraz amortyzację podczas chodzenia. Cholewka z zamszu i materiału tekstylnego zapewnia lekkość i wygodę Lekko wyściełany kołnierz Komfortowa, miękka wkładka wewnętrzna Gumowa, wulkanizowana podeszwa o charakterystycznej strukturze wafla odznacza się dużą przyczepnością i trwałością Lekkie i solidne",https://supersklep.pl/i185399-buty-vans-old-skool-black-white,Vans,supersklep (pl),https://static.supersklep.pl/1410937-buty-vans-old-skool-black-white.jpg?t=google,in_stock,369.90 PLN,269.90 PLN,185399,true,"{""color"":""czarny"",""size"":""40""}",700053803848,VN000D3HY281,new,Buty > Miejskie > Wszystkie buty,"https://static.supersklep.pl/1410939-buty-vans-old-skool-black-white.jpg?t=google,https://static.supersklep.pl/1410940-buty-vans-old-skool-black-white.jpg?t=google,https://static.supersklep.pl/1410941-buty-vans-old-skool-black-white.jpg?t=google,https://static.supersklep.pl/1410942-buty-vans-old-skool-black-white.jpg?t=google,https://static.supersklep.pl/1410943-buty-vans-old-skool-black-white.jpg?t=google,https://static.supersklep.pl/1410944-buty-vans-old-skool-black-white.jpg?t=google,https://static.supersklep.pl/1410945-buty-vans-old-skool-black-white.jpg?t=google,https://static.supersklep.pl/1410946-buty-vans-old-skool-black-white.jpg?t=google,https://static.supersklep.pl/1410938-buty-vans-old-skool-black-white.jpg?t=google",czarny,40,tekstylny,unisex,true,false,true
700053803770,"Buty Vans Old Skool (black/white), 38","""Old Skool"" to perfekcyjny remake, modelu z lat 70-tych. To klasyczne buty, które zdobyły uznanie na całym świecie. Model ten jest wizytówką marki Vans i stanowi ikonę stylu skateboardowego. Buty te charakteryzują się wygodnym i trwałym wykonaniem, a także modnym, minimalistycznym designem. Górna część butów została wykonana z trwałej tkaniny w kolorze czarnym, która zapewnia wysoką odporność na uszkodzenia i trwałość. Wokół czubka i na pięcie znajdują się charakterystyczne dla modelu Vans paski w kolorze białym. Buty posiadają sznurowanie, co pozwala na idealne dopasowanie do stopy. Wnętrze butów pokryte jest miękkim materiałem, który zapewnia komfort podczas użytkowania. Wkładka wykonana jest z materiału tekstylnego, który pozwala na swobodny przepływ powietrza i utrzymanie odpowiedniej temperatury wewnątrz buta. Podeszwa butów wykonana jest z gumy, która zapewnia przyczepność do podłoża oraz amortyzację podczas chodzenia. Cholewka z zamszu i materiału tekstylnego zapewnia lekkość i wygodę Lekko wyściełany kołnierz Komfortowa, miękka wkładka wewnętrzna Gumowa, wulkanizowana podeszwa o charakterystycznej strukturze wafla odznacza się dużą przyczepnością i trwałością Lekkie i solidne",https://supersklep.pl/i185399-buty-vans-old-skool-black-white,Vans,supersklep (pl),https://static.supersklep.pl/1410937-buty-vans-old-skool-black-white.jpg?t=google,in_stock,369.90 PLN,269.90 PLN,185399,true,"{""color"":""czarny"",""size"":""38""}",700053803770,VN000D3HY281,new,Buty > Miejskie > Wszystkie buty,"https://static.supersklep.pl/1410939-buty-vans-old-skool-black-white.jpg?t=google,https://static.supersklep.pl/1410940-buty-vans-old-skool-black-white.jpg?t=google,https://static.supersklep.pl/1410941-buty-vans-old-skool-black-white.jpg?t=google,https://static.supersklep.pl/1410942-buty-vans-old-skool-black-white.jpg?t=google,https://static.supersklep.pl/1410943-buty-vans-old-skool-black-white.jpg?t=google,https://static.supersklep.pl/1410944-buty-vans-old-skool-black-white.jpg?t=google,https://static.supersklep.pl/1410945-buty-vans-old-skool-black-white.jpg?t=google,https://static.supersklep.pl/1410946-buty-vans-old-skool-black-white.jpg?t=google,https://static.supersklep.pl/1410938-buty-vans-old-skool-black-white.jpg?t=google",czarny,38,tekstylny,unisex,true,false,true
700053803855,"Buty Vans Old Skool (black/white), 40.5","""Old Skool"" to perfekcyjny remake, modelu z lat 70-tych. To klasyczne buty, które zdobyły uznanie na całym świecie. Model ten jest wizytówką marki Vans i stanowi ikonę stylu skateboardowego. Buty te charakteryzują się wygodnym i trwałym wykonaniem, a także modnym, minimalistycznym designem. Górna część butów została wykonana z trwałej tkaniny w kolorze czarnym, która zapewnia wysoką odporność na uszkodzenia i trwałość. Wokół czubka i na pięcie znajdują się charakterystyczne dla modelu Vans paski w kolorze białym. Buty posiadają sznurowanie, co pozwala na idealne dopasowanie do stopy. Wnętrze butów pokryte jest miękkim materiałem, który zapewnia komfort podczas użytkowania. Wkładka wykonana jest z materiału tekstylnego, który pozwala na swobodny przepływ powietrza i utrzymanie odpowiedniej temperatury wewnątrz buta. Podeszwa butów wykonana jest z gumy, która zapewnia przyczepność do podłoża oraz amortyzację podczas chodzenia. Cholewka z zamszu i materiału tekstylnego zapewnia lekkość i wygodę Lekko wyściełany kołnierz Komfortowa, miękka wkładka wewnętrzna Gumowa, wulkanizowana podeszwa o charakterystycznej strukturze wafla odznacza się dużą przyczepnością i trwałością Lekkie i solidne",https://supersklep.pl/i185399-buty-vans-old-skool-black-white,Vans,supersklep (pl),https://static.supersklep.pl/1410937-buty-vans-old-skool-black-white.jpg?t=google,in_stock,369.90 PLN,269.90 PLN,185399,true,"{""color"":""czarny"",""size"":""40.5""}",700053803855,VN000D3HY281,new,Buty > Miejskie > Wszystkie buty,"https://static.supersklep.pl/1410939-buty-vans-old-skool-black-white.jpg?t=google,https://static.supersklep.pl/1410940-buty-vans-old-skool-black-white.jpg?t=google,https://static.supersklep.pl/1410941-buty-vans-old-skool-black-white.jpg?t=google,https://static.supersklep.pl/1410942-buty-vans-old-skool-black-white.jpg?t=google,https://static.supersklep.pl/1410943-buty-vans-old-skool-black-white.jpg?t=google,https://static.supersklep.pl/1410944-buty-vans-old-skool-black-white.jpg?t=google,https://static.supersklep.pl/1410945-buty-vans-old-skool-black-white.jpg?t=google,https://static.supersklep.pl/1410946-buty-vans-old-skool-black-white.jpg?t=google,https://static.supersklep.pl/1410938-buty-vans-old-skool-black-white.jpg?t=google",czarny,40.5,tekstylny,unisex,true,false,true
700053815612,"Buty Vans Old Skool (black/white), 48","""Old Skool"" to perfekcyjny remake, modelu z lat 70-tych. To klasyczne buty, które zdobyły uznanie na całym świecie. Model ten jest wizytówką marki Vans i stanowi ikonę stylu skateboardowego. Buty te charakteryzują się wygodnym i trwałym wykonaniem, a także modnym, minimalistycznym designem. Górna część butów została wykonana z trwałej tkaniny w kolorze czarnym, która zapewnia wysoką odporność na uszkodzenia i trwałość. Wokół czubka i na pięcie znajdują się charakterystyczne dla modelu Vans paski w kolorze białym. Buty posiadają sznurowanie, co pozwala na idealne dopasowanie do stopy. Wnętrze butów pokryte jest miękkim materiałem, który zapewnia komfort podczas użytkowania. Wkładka wykonana jest z materiału tekstylnego, który pozwala na swobodny przepływ powietrza i utrzymanie odpowiedniej temperatury wewnątrz buta. Podeszwa butów wykonana jest z gumy, która zapewnia przyczepność do podłoża oraz amortyzację podczas chodzenia. Cholewka z zamszu i materiału tekstylnego zapewnia lekkość i wygodę Lekko wyściełany kołnierz Komfortowa, miękka wkładka wewnętrzna Gumowa, wulkanizowana podeszwa o charakterystycznej strukturze wafla odznacza się dużą przyczepnością i trwałością Lekkie i solidne",https://supersklep.pl/i185399-buty-vans-old-skool-black-white,Vans,supersklep (pl),https://static.supersklep.pl/1410937-buty-vans-old-skool-black-white.jpg?t=google,in_stock,369.90 PLN,269.90 PLN,185399,true,"{""color"":""czarny"",""size"":""48""}",700053815612,VN000D3HY281,new,Buty > Miejskie > Wszystkie buty,"https://static.supersklep.pl/1410939-buty-vans-old-skool-black-white.jpg?t=google,https://static.supersklep.pl/1410940-buty-vans-old-skool-black-white.jpg?t=google,https://static.supersklep.pl/1410941-buty-vans-old-skool-black-white.jpg?t=google,https://static.supersklep.pl/1410942-buty-vans-old-skool-black-white.jpg?t=google,https://static.supersklep.pl/1410943-buty-vans-old-skool-black-white.jpg?t=google,https://static.supersklep.pl/1410944-buty-vans-old-skool-black-white.jpg?t=google,https://static.supersklep.pl/1410945-buty-vans-old-skool-black-white.jpg?t=google,https://static.supersklep.pl/1410946-buty-vans-old-skool-black-white.jpg?t=google,https://static.supersklep.pl/1410938-buty-vans-old-skool-black-white.jpg?t=google",czarny,48,tekstylny,unisex,true,false,true
700053803794,"Buty Vans Old Skool (black/white), 39","""Old Skool"" to perfekcyjny remake, modelu z lat 70-tych. To klasyczne buty, które zdobyły uznanie na całym świecie. Model ten jest wizytówką marki Vans i stanowi ikonę stylu skateboardowego. Buty te charakteryzują się wygodnym i trwałym wykonaniem, a także modnym, minimalistycznym designem. Górna część butów została wykonana z trwałej tkaniny w kolorze czarnym, która zapewnia wysoką odporność na uszkodzenia i trwałość. Wokół czubka i na pięcie znajdują się charakterystyczne dla modelu Vans paski w kolorze białym. Buty posiadają sznurowanie, co pozwala na idealne dopasowanie do stopy. Wnętrze butów pokryte jest miękkim materiałem, który zapewnia komfort podczas użytkowania. Wkładka wykonana jest z materiału tekstylnego, który pozwala na swobodny przepływ powietrza i utrzymanie odpowiedniej temperatury wewnątrz buta. Podeszwa butów wykonana jest z gumy, która zapewnia przyczepność do podłoża oraz amortyzację podczas chodzenia. Cholewka z zamszu i materiału tekstylnego zapewnia lekkość i wygodę Lekko wyściełany kołnierz Komfortowa, miękka wkładka wewnętrzna Gumowa, wulkanizowana podeszwa o charakterystycznej strukturze wafla odznacza się dużą przyczepnością i trwałością Lekkie i solidne",https://supersklep.pl/i185399-buty-vans-old-skool-black-white,Vans,supersklep (pl),https://static.supersklep.pl/1410937-buty-vans-old-skool-black-white.jpg?t=google,in_stock,369.90 PLN,269.90 PLN,185399,true,"{""color"":""czarny"",""size"":""39""}",700053803794,VN000D3HY281,new,Buty > Miejskie > Wszystkie buty,"https://static.supersklep.pl/1410939-buty-vans-old-skool-black-white.jpg?t=google,https://static.supersklep.pl/1410940-buty-vans-old-skool-black-white.jpg?t=google,https://static.supersklep.pl/1410941-buty-vans-old-skool-black-white.jpg?t=google,https://static.supersklep.pl/1410942-buty-vans-old-skool-black-white.jpg?t=google,https://static.supersklep.pl/1410943-buty-vans-old-skool-black-white.jpg?t=google,https://static.supersklep.pl/1410944-buty-vans-old-skool-black-white.jpg?t=google,https://static.supersklep.pl/1410945-buty-vans-old-skool-black-white.jpg?t=google,https://static.supersklep.pl/1410946-buty-vans-old-skool-black-white.jpg?t=google,https://static.supersklep.pl/1410938-buty-vans-old-skool-black-white.jpg?t=google",czarny,39,tekstylny,unisex,true,false,true
700053803985,"Buty Vans Old Skool (black/white), 47","""Old Skool"" to perfekcyjny remake, modelu z lat 70-tych. To klasyczne buty, które zdobyły uznanie na całym świecie. Model ten jest wizytówką marki Vans i stanowi ikonę stylu skateboardowego. Buty te charakteryzują się wygodnym i trwałym wykonaniem, a także modnym, minimalistycznym designem. Górna część butów została wykonana z trwałej tkaniny w kolorze czarnym, która zapewnia wysoką odporność na uszkodzenia i trwałość. Wokół czubka i na pięcie znajdują się charakterystyczne dla modelu Vans paski w kolorze białym. Buty posiadają sznurowanie, co pozwala na idealne dopasowanie do stopy. Wnętrze butów pokryte jest miękkim materiałem, który zapewnia komfort podczas użytkowania. Wkładka wykonana jest z materiału tekstylnego, który pozwala na swobodny przepływ powietrza i utrzymanie odpowiedniej temperatury wewnątrz buta. Podeszwa butów wykonana jest z gumy, która zapewnia przyczepność do podłoża oraz amortyzację podczas chodzenia. Cholewka z zamszu i materiału tekstylnego zapewnia lekkość i wygodę Lekko wyściełany kołnierz Komfortowa, miękka wkładka wewnętrzna Gumowa, wulkanizowana podeszwa o charakterystycznej strukturze wafla odznacza się dużą przyczepnością i trwałością Lekkie i solidne",https://supersklep.pl/i185399-buty-vans-old-skool-black-white,Vans,supersklep (pl),https://static.supersklep.pl/1410937-buty-vans-old-skool-black-white.jpg?t=google,in_stock,369.90 PLN,269.90 PLN,185399,true,"{""color"":""czarny"",""size"":""47""}",700053803985,VN000D3HY281,new,Buty > Miejskie > Wszystkie buty,"https://static.supersklep.pl/1410939-buty-vans-old-skool-black-white.jpg?t=google,https://static.supersklep.pl/1410940-buty-vans-old-skool-black-white.jpg?t=google,https://static.supersklep.pl/1410941-buty-vans-old-skool-black-white.jpg?t=google,https://static.supersklep.pl/1410942-buty-vans-old-skool-black-white.jpg?t=google,https://static.supersklep.pl/1410943-buty-vans-old-skool-black-white.jpg?t=google,https://static.supersklep.pl/1410944-buty-vans-old-skool-black-white.jpg?t=google,https://static.supersklep.pl/1410945-buty-vans-old-skool-black-white.jpg?t=google,https://static.supersklep.pl/1410946-buty-vans-old-skool-black-white.jpg?t=google,https://static.supersklep.pl/1410938-buty-vans-old-skool-black-white.jpg?t=google",czarny,47,tekstylny,unisex,true,false,true
700053803862,"Buty Vans Old Skool (black/white), 41","""Old Skool"" to perfekcyjny remake, modelu z lat 70-tych. To klasyczne buty, które zdobyły uznanie na całym świecie. Model ten jest wizytówką marki Vans i stanowi ikonę stylu skateboardowego. Buty te charakteryzują się wygodnym i trwałym wykonaniem, a także modnym, minimalistycznym designem. Górna część butów została wykonana z trwałej tkaniny w kolorze czarnym, która zapewnia wysoką odporność na uszkodzenia i trwałość. Wokół czubka i na pięcie znajdują się charakterystyczne dla modelu Vans paski w kolorze białym. Buty posiadają sznurowanie, co pozwala na idealne dopasowanie do stopy. Wnętrze butów pokryte jest miękkim materiałem, który zapewnia komfort podczas użytkowania. Wkładka wykonana jest z materiału tekstylnego, który pozwala na swobodny przepływ powietrza i utrzymanie odpowiedniej temperatury wewnątrz buta. Podeszwa butów wykonana jest z gumy, która zapewnia przyczepność do podłoża oraz amortyzację podczas chodzenia. Cholewka z zamszu i materiału tekstylnego zapewnia lekkość i wygodę Lekko wyściełany kołnierz Komfortowa, miękka wkładka wewnętrzna Gumowa, wulkanizowana podeszwa o charakterystycznej strukturze wafla odznacza się dużą przyczepnością i trwałością Lekkie i solidne",https://supersklep.pl/i185399-buty-vans-old-skool-black-white,Vans,supersklep (pl),https://static.supersklep.pl/1410937-buty-vans-old-skool-black-white.jpg?t=google,in_stock,369.90 PLN,269.90 PLN,185399,true,"{""color"":""czarny"",""size"":""41""}",700053803862,VN000D3HY281,new,Buty > Miejskie > Wszystkie buty,"https://static.supersklep.pl/1410939-buty-vans-old-skool-black-white.jpg?t=google,https://static.supersklep.pl/1410940-buty-vans-old-skool-black-white.jpg?t=google,https://static.supersklep.pl/1410941-buty-vans-old-skool-black-white.jpg?t=google,https://static.supersklep.pl/1410942-buty-vans-old-skool-black-white.jpg?t=google,https://static.supersklep.pl/1410943-buty-vans-old-skool-black-white.jpg?t=google,https://static.supersklep.pl/1410944-buty-vans-old-skool-black-white.jpg?t=google,https://static.supersklep.pl/1410945-buty-vans-old-skool-black-white.jpg?t=google,https://static.supersklep.pl/1410946-buty-vans-old-skool-black-white.jpg?t=google,https://static.supersklep.pl/1410938-buty-vans-old-skool-black-white.jpg?t=google",czarny,41,tekstylny,unisex,true,false,true
700053803923,"Buty Vans Old Skool (black/white), 42.5","""Old Skool"" to perfekcyjny remake, modelu z lat 70-tych. To klasyczne buty, które zdobyły uznanie na całym świecie. Model ten jest wizytówką marki Vans i stanowi ikonę stylu skateboardowego. Buty te charakteryzują się wygodnym i trwałym wykonaniem, a także modnym, minimalistycznym designem. Górna część butów została wykonana z trwałej tkaniny w kolorze czarnym, która zapewnia wysoką odporność na uszkodzenia i trwałość. Wokół czubka i na pięcie znajdują się charakterystyczne dla modelu Vans paski w kolorze białym. Buty posiadają sznurowanie, co pozwala na idealne dopasowanie do stopy. Wnętrze butów pokryte jest miękkim materiałem, który zapewnia komfort podczas użytkowania. Wkładka wykonana jest z materiału tekstylnego, który pozwala na swobodny przepływ powietrza i utrzymanie odpowiedniej temperatury wewnątrz buta. Podeszwa butów wykonana jest z gumy, która zapewnia przyczepność do podłoża oraz amortyzację podczas chodzenia. Cholewka z zamszu i materiału tekstylnego zapewnia lekkość i wygodę Lekko wyściełany kołnierz Komfortowa, miękka wkładka wewnętrzna Gumowa, wulkanizowana podeszwa o charakterystycznej strukturze wafla odznacza się dużą przyczepnością i trwałością Lekkie i solidne",https://supersklep.pl/i185399-buty-vans-old-skool-black-white,Vans,supersklep (pl),https://static.supersklep.pl/1410937-buty-vans-old-skool-black-white.jpg?t=google,in_stock,369.90 PLN,269.90 PLN,185399,true,"{""color"":""czarny"",""size"":""42.5""}",700053803923,VN000D3HY281,new,Buty > Miejskie > Wszystkie buty,"https://static.supersklep.pl/1410939-buty-vans-old-skool-black-white.jpg?t=google,https://static.supersklep.pl/1410940-buty-vans-old-skool-black-white.jpg?t=google,https://static.supersklep.pl/1410941-buty-vans-old-skool-black-white.jpg?t=google,https://static.supersklep.pl/1410942-buty-vans-old-skool-black-white.jpg?t=google,https://static.supersklep.pl/1410943-buty-vans-old-skool-black-white.jpg?t=google,https://static.supersklep.pl/1410944-buty-vans-old-skool-black-white.jpg?t=google,https://static.supersklep.pl/1410945-buty-vans-old-skool-black-white.jpg?t=google,https://static.supersklep.pl/1410946-buty-vans-old-skool-black-white.jpg?t=google,https://static.supersklep.pl/1410938-buty-vans-old-skool-black-white.jpg?t=google",czarny,42.5,tekstylny,unisex,true,false,true
700053803961,"Buty Vans Old Skool (black/white), 45","""Old Skool"" to perfekcyjny remake, modelu z lat 70-tych. To klasyczne buty, które zdobyły uznanie na całym świecie. Model ten jest wizytówką marki Vans i stanowi ikonę stylu skateboardowego. Buty te charakteryzują się wygodnym i trwałym wykonaniem, a także modnym, minimalistycznym designem. Górna część butów została wykonana z trwałej tkaniny w kolorze czarnym, która zapewnia wysoką odporność na uszkodzenia i trwałość. Wokół czubka i na pięcie znajdują się charakterystyczne dla modelu Vans paski w kolorze białym. Buty posiadają sznurowanie, co pozwala na idealne dopasowanie do stopy. Wnętrze butów pokryte jest miękkim materiałem, który zapewnia komfort podczas użytkowania. Wkładka wykonana jest z materiału tekstylnego, który pozwala na swobodny przepływ powietrza i utrzymanie odpowiedniej temperatury wewnątrz buta. Podeszwa butów wykonana jest z gumy, która zapewnia przyczepność do podłoża oraz amortyzację podczas chodzenia. Cholewka z zamszu i materiału tekstylnego zapewnia lekkość i wygodę Lekko wyściełany kołnierz Komfortowa, miękka wkładka wewnętrzna Gumowa, wulkanizowana podeszwa o charakterystycznej strukturze wafla odznacza się dużą przyczepnością i trwałością Lekkie i solidne",https://supersklep.pl/i185399-buty-vans-old-skool-black-white,Vans,supersklep (pl),https://static.supersklep.pl/1410937-buty-vans-old-skool-black-white.jpg?t=google,in_stock,369.90 PLN,269.90 PLN,185399,true,"{""color"":""czarny"",""size"":""45""}",700053803961,VN000D3HY281,new,Buty > Miejskie > Wszystkie buty,"https://static.supersklep.pl/1410939-buty-vans-old-skool-black-white.jpg?t=google,https://static.supersklep.pl/1410940-buty-vans-old-skool-black-white.jpg?t=google,https://static.supersklep.pl/1410941-buty-vans-old-skool-black-white.jpg?t=google,https://static.supersklep.pl/1410942-buty-vans-old-skool-black-white.jpg?t=google,https://static.supersklep.pl/1410943-buty-vans-old-skool-black-white.jpg?t=google,https://static.supersklep.pl/1410944-buty-vans-old-skool-black-white.jpg?t=google,https://static.supersklep.pl/1410945-buty-vans-old-skool-black-white.jpg?t=google,https://static.supersklep.pl/1410946-buty-vans-old-skool-black-white.jpg?t=google,https://static.supersklep.pl/1410938-buty-vans-old-skool-black-white.jpg?t=google",czarny,45,tekstylny,unisex,true,false,true
700053803978,"Buty Vans Old Skool (black/white), 46","""Old Skool"" to perfekcyjny remake, modelu z lat 70-tych. To klasyczne buty, które zdobyły uznanie na całym świecie. Model ten jest wizytówką marki Vans i stanowi ikonę stylu skateboardowego. Buty te charakteryzują się wygodnym i trwałym wykonaniem, a także modnym, minimalistycznym designem. Górna część butów została wykonana z trwałej tkaniny w kolorze czarnym, która zapewnia wysoką odporność na uszkodzenia i trwałość. Wokół czubka i na pięcie znajdują się charakterystyczne dla modelu Vans paski w kolorze białym. Buty posiadają sznurowanie, co pozwala na idealne dopasowanie do stopy. Wnętrze butów pokryte jest miękkim materiałem, który zapewnia komfort podczas użytkowania. Wkładka wykonana jest z materiału tekstylnego, który pozwala na swobodny przepływ powietrza i utrzymanie odpowiedniej temperatury wewnątrz buta. Podeszwa butów wykonana jest z gumy, która zapewnia przyczepność do podłoża oraz amortyzację podczas chodzenia. Cholewka z zamszu i materiału tekstylnego zapewnia lekkość i wygodę Lekko wyściełany kołnierz Komfortowa, miękka wkładka wewnętrzna Gumowa, wulkanizowana podeszwa o charakterystycznej strukturze wafla odznacza się dużą przyczepnością i trwałością Lekkie i solidne",https://supersklep.pl/i185399-buty-vans-old-skool-black-white,Vans,supersklep (pl),https://static.supersklep.pl/1410937-buty-vans-old-skool-black-white.jpg?t=google,in_stock,369.90 PLN,269.90 PLN,185399,true,"{""color"":""czarny"",""size"":""46""}",700053803978,VN000D3HY281,new,Buty > Miejskie > Wszystkie buty,"https://static.supersklep.pl/1410939-buty-vans-old-skool-black-white.jpg?t=google,https://static.supersklep.pl/1410940-buty-vans-old-skool-black-white.jpg?t=google,https://static.supersklep.pl/1410941-buty-vans-old-skool-black-white.jpg?t=google,https://static.supersklep.pl/1410942-buty-vans-old-skool-black-white.jpg?t=google,https://static.supersklep.pl/1410943-buty-vans-old-skool-black-white.jpg?t=google,https://static.supersklep.pl/1410944-buty-vans-old-skool-black-white.jpg?t=google,https://static.supersklep.pl/1410945-buty-vans-old-skool-black-white.jpg?t=google,https://static.supersklep.pl/1410946-buty-vans-old-skool-black-white.jpg?t=google,https://static.supersklep.pl/1410938-buty-vans-old-skool-black-white.jpg?t=google",czarny,46,tekstylny,unisex,true,false,true
700053803954,"Buty Vans Old Skool (black/white), 44.5","""Old Skool"" to perfekcyjny remake, modelu z lat 70-tych. To klasyczne buty, które zdobyły uznanie na całym świecie. Model ten jest wizytówką marki Vans i stanowi ikonę stylu skateboardowego. Buty te charakteryzują się wygodnym i trwałym wykonaniem, a także modnym, minimalistycznym designem. Górna część butów została wykonana z trwałej tkaniny w kolorze czarnym, która zapewnia wysoką odporność na uszkodzenia i trwałość. Wokół czubka i na pięcie znajdują się charakterystyczne dla modelu Vans paski w kolorze białym. Buty posiadają sznurowanie, co pozwala na idealne dopasowanie do stopy. Wnętrze butów pokryte jest miękkim materiałem, który zapewnia komfort podczas użytkowania. Wkładka wykonana jest z materiału tekstylnego, który pozwala na swobodny przepływ powietrza i utrzymanie odpowiedniej temperatury wewnątrz buta. Podeszwa butów wykonana jest z gumy, która zapewnia przyczepność do podłoża oraz amortyzację podczas chodzenia. Cholewka z zamszu i materiału tekstylnego zapewnia lekkość i wygodę Lekko wyściełany kołnierz Komfortowa, miękka wkładka wewnętrzna Gumowa, wulkanizowana podeszwa o charakterystycznej strukturze wafla odznacza się dużą przyczepnością i trwałością Lekkie i solidne",https://supersklep.pl/i185399-buty-vans-old-skool-black-white,Vans,supersklep (pl),https://static.supersklep.pl/1410937-buty-vans-old-skool-black-white.jpg?t=google,in_stock,369.90 PLN,269.90 PLN,185399,true,"{""color"":""czarny"",""size"":""44.5""}",700053803954,VN000D3HY281,new,Buty > Miejskie > Wszystkie buty,"https://static.supersklep.pl/1410939-buty-vans-old-skool-black-white.jpg?t=google,https://static.supersklep.pl/1410940-buty-vans-old-skool-black-white.jpg?t=google,https://static.supersklep.pl/1410941-buty-vans-old-skool-black-white.jpg?t=google,https://static.supersklep.pl/1410942-buty-vans-old-skool-black-white.jpg?t=google,https://static.supersklep.pl/1410943-buty-vans-old-skool-black-white.jpg?t=google,https://static.supersklep.pl/1410944-buty-vans-old-skool-black-white.jpg?t=google,https://static.supersklep.pl/1410945-buty-vans-old-skool-black-white.jpg?t=google,https://static.supersklep.pl/1410946-buty-vans-old-skool-black-white.jpg?t=google,https://static.supersklep.pl/1410938-buty-vans-old-skool-black-white.jpg?t=google",czarny,44.5,tekstylny,unisex,true,false,true
700053803879,"Buty Vans Old Skool (black/white), 42","""Old Skool"" to perfekcyjny remake, modelu z lat 70-tych. To klasyczne buty, które zdobyły uznanie na całym świecie. Model ten jest wizytówką marki Vans i stanowi ikonę stylu skateboardowego. Buty te charakteryzują się wygodnym i trwałym wykonaniem, a także modnym, minimalistycznym designem. Górna część butów została wykonana z trwałej tkaniny w kolorze czarnym, która zapewnia wysoką odporność na uszkodzenia i trwałość. Wokół czubka i na pięcie znajdują się charakterystyczne dla modelu Vans paski w kolorze białym. Buty posiadają sznurowanie, co pozwala na idealne dopasowanie do stopy. Wnętrze butów pokryte jest miękkim materiałem, który zapewnia komfort podczas użytkowania. Wkładka wykonana jest z materiału tekstylnego, który pozwala na swobodny przepływ powietrza i utrzymanie odpowiedniej temperatury wewnątrz buta. Podeszwa butów wykonana jest z gumy, która zapewnia przyczepność do podłoża oraz amortyzację podczas chodzenia. Cholewka z zamszu i materiału tekstylnego zapewnia lekkość i wygodę Lekko wyściełany kołnierz Komfortowa, miękka wkładka wewnętrzna Gumowa, wulkanizowana podeszwa o charakterystycznej strukturze wafla odznacza się dużą przyczepnością i trwałością Lekkie i solidne",https://supersklep.pl/i185399-buty-vans-old-skool-black-white,Vans,supersklep (pl),https://static.supersklep.pl/1410937-buty-vans-old-skool-black-white.jpg?t=google,in_stock,369.90 PLN,269.90 PLN,185399,true,"{""color"":""czarny"",""size"":""42""}",700053803879,VN000D3HY281,new,Buty > Miejskie > Wszystkie buty,"https://static.supersklep.pl/1410939-buty-vans-old-skool-black-white.jpg?t=google,https://static.supersklep.pl/1410940-buty-vans-old-skool-black-white.jpg?t=google,https://static.supersklep.pl/1410941-buty-vans-old-skool-black-white.jpg?t=google,https://static.supersklep.pl/1410942-buty-vans-old-skool-black-white.jpg?t=google,https://static.supersklep.pl/1410943-buty-vans-old-skool-black-white.jpg?t=google,https://static.supersklep.pl/1410944-buty-vans-old-skool-black-white.jpg?t=google,https://static.supersklep.pl/1410945-buty-vans-old-skool-black-white.jpg?t=google,https://static.supersklep.pl/1410946-buty-vans-old-skool-black-white.jpg?t=google,https://static.supersklep.pl/1410938-buty-vans-old-skool-black-white.jpg?t=google",czarny,42,tekstylny,unisex,true,false,true
700053803947,"Buty Vans Old Skool (black/white), 44","""Old Skool"" to perfekcyjny remake, modelu z lat 70-tych. To klasyczne buty, które zdobyły uznanie na całym świecie. Model ten jest wizytówką marki Vans i stanowi ikonę stylu skateboardowego. Buty te charakteryzują się wygodnym i trwałym wykonaniem, a także modnym, minimalistycznym designem. Górna część butów została wykonana z trwałej tkaniny w kolorze czarnym, która zapewnia wysoką odporność na uszkodzenia i trwałość. Wokół czubka i na pięcie znajdują się charakterystyczne dla modelu Vans paski w kolorze białym. Buty posiadają sznurowanie, co pozwala na idealne dopasowanie do stopy. Wnętrze butów pokryte jest miękkim materiałem, który zapewnia komfort podczas użytkowania. Wkładka wykonana jest z materiału tekstylnego, który pozwala na swobodny przepływ powietrza i utrzymanie odpowiedniej temperatury wewnątrz buta. Podeszwa butów wykonana jest z gumy, która zapewnia przyczepność do podłoża oraz amortyzację podczas chodzenia. Cholewka z zamszu i materiału tekstylnego zapewnia lekkość i wygodę Lekko wyściełany kołnierz Komfortowa, miękka wkładka wewnętrzna Gumowa, wulkanizowana podeszwa o charakterystycznej strukturze wafla odznacza się dużą przyczepnością i trwałością Lekkie i solidne",https://supersklep.pl/i185399-buty-vans-old-skool-black-white,Vans,supersklep (pl),https://static.supersklep.pl/1410937-buty-vans-old-skool-black-white.jpg?t=google,in_stock,369.90 PLN,269.90 PLN,185399,true,"{""color"":""czarny"",""size"":""44""}",700053803947,VN000D3HY281,new,Buty > Miejskie > Wszystkie buty,"https://static.supersklep.pl/1410939-buty-vans-old-skool-black-white.jpg?t=google,https://static.supersklep.pl/1410940-buty-vans-old-skool-black-white.jpg?t=google,https://static.supersklep.pl/1410941-buty-vans-old-skool-black-white.jpg?t=google,https://static.supersklep.pl/1410942-buty-vans-old-skool-black-white.jpg?t=google,https://static.supersklep.pl/1410943-buty-vans-old-skool-black-white.jpg?t=google,https://static.supersklep.pl/1410944-buty-vans-old-skool-black-white.jpg?t=google,https://static.supersklep.pl/1410945-buty-vans-old-skool-black-white.jpg?t=google,https://static.supersklep.pl/1410946-buty-vans-old-skool-black-white.jpg?t=google,https://static.supersklep.pl/1410938-buty-vans-old-skool-black-white.jpg?t=google",czarny,44,tekstylny,unisex,true,false,true
700053803930,"Buty Vans Old Skool (black/white), 43","""Old Skool"" to perfekcyjny remake, modelu z lat 70-tych. To klasyczne buty, które zdobyły uznanie na całym świecie. Model ten jest wizytówką marki Vans i stanowi ikonę stylu skateboardowego. Buty te charakteryzują się wygodnym i trwałym wykonaniem, a także modnym, minimalistycznym designem. Górna część butów została wykonana z trwałej tkaniny w kolorze czarnym, która zapewnia wysoką odporność na uszkodzenia i trwałość. Wokół czubka i na pięcie znajdują się charakterystyczne dla modelu Vans paski w kolorze białym. Buty posiadają sznurowanie, co pozwala na idealne dopasowanie do stopy. Wnętrze butów pokryte jest miękkim materiałem, który zapewnia komfort podczas użytkowania. Wkładka wykonana jest z materiału tekstylnego, który pozwala na swobodny przepływ powietrza i utrzymanie odpowiedniej temperatury wewnątrz buta. Podeszwa butów wykonana jest z gumy, która zapewnia przyczepność do podłoża oraz amortyzację podczas chodzenia. Cholewka z zamszu i materiału tekstylnego zapewnia lekkość i wygodę Lekko wyściełany kołnierz Komfortowa, miękka wkładka wewnętrzna Gumowa, wulkanizowana podeszwa o charakterystycznej strukturze wafla odznacza się dużą przyczepnością i trwałością Lekkie i solidne",https://supersklep.pl/i185399-buty-vans-old-skool-black-white,Vans,supersklep (pl),https://static.supersklep.pl/1410937-buty-vans-old-skool-black-white.jpg?t=google,in_stock,369.90 PLN,269.90 PLN,185399,true,"{""color"":""czarny"",""size"":""43""}",700053803930,VN000D3HY281,new,Buty > Miejskie > Wszystkie buty,"https://static.supersklep.pl/1410939-buty-vans-old-skool-black-white.jpg?t=google,https://static.supersklep.pl/1410940-buty-vans-old-skool-black-white.jpg?t=google,https://static.supersklep.pl/1410941-buty-vans-old-skool-black-white.jpg?t=google,https://static.supersklep.pl/1410942-buty-vans-old-skool-black-white.jpg?t=google,https://static.supersklep.pl/1410943-buty-vans-old-skool-black-white.jpg?t=google,https://static.supersklep.pl/1410944-buty-vans-old-skool-black-white.jpg?t=google,https://static.supersklep.pl/1410945-buty-vans-old-skool-black-white.jpg?t=google,https://static.supersklep.pl/1410946-buty-vans-old-skool-black-white.jpg?t=google,https://static.supersklep.pl/1410938-buty-vans-old-skool-black-white.jpg?t=google",czarny,43,tekstylny,unisex,true,false,true
658100946737,"Buty Vans Authentic (true white), 40.5","Vans, najbardziej rozpoznawalna marka butów do skateboardingu na całym świecie, od 66 lat dostarcza najwyższą jakość i komfort. Authentic to klasyczna sylwetka Vansa, łatwo rozpoznawalna po minimalistycznym stylu. Cholewka z płótna typu canvas, swoją elastycznością przypomina płótno malarskie gwarantując wysoką jakość i trwałość. Gruba wulkanizowana podeszwa środkowa i podeszwa z gumy wulkanizowanej z wzorem waflowym pozostaje niezmieniona, zapewniając niesamowitą przyczepność i amortyzację wstrząsów Materiał: tekstylny Okute otworki na sznurowadła Miękka, komfortowa wkładka wewnętrzna Z tyłu na podeszwie typowe dla klasycznych modeli Vansa uwypuklenie na sklejeniu gumy wraz z logo firmy tzw. ""gumka na gumkę"" Podeszwa: guma wulkanizowana o dużej przyczepności, w kultowej już formie wafla",https://supersklep.pl/i186293-buty-vans-authentic-true-white,Vans,supersklep (pl),https://static.supersklep.pl/1410737-buty-vans-authentic-true-white.jpg?t=google,in_stock,319.90 PLN,219.90 PLN,186293,true,"{""color"":""biały"",""size"":""40.5""}",658100946737,VN000EE3W001,new,Buty > Miejskie > Wszystkie buty,"https://static.supersklep.pl/1410739-buty-vans-authentic-true-white.jpg?t=google,https://static.supersklep.pl/1410740-buty-vans-authentic-true-white.jpg?t=google,https://static.supersklep.pl/1410741-buty-vans-authentic-true-white.jpg?t=google,https://static.supersklep.pl/1410742-buty-vans-authentic-true-white.jpg?t=google,https://static.supersklep.pl/1410743-buty-vans-authentic-true-white.jpg?t=google,https://static.supersklep.pl/1410744-buty-vans-authentic-true-white.jpg?t=google,https://static.supersklep.pl/1410745-buty-vans-authentic-true-white.jpg?t=google,https://static.supersklep.pl/1410746-buty-vans-authentic-true-white.jpg?t=google,https://static.supersklep.pl/1410738-buty-vans-authentic-true-white.jpg?t=google",biały,40.5,tekstylny,unisex,true,false,true
658100946720,"Buty Vans Authentic (true white), 40","Vans, najbardziej rozpoznawalna marka butów do skateboardingu na całym świecie, od 66 lat dostarcza najwyższą jakość i komfort. Authentic to klasyczna sylwetka Vansa, łatwo rozpoznawalna po minimalistycznym stylu. Cholewka z płótna typu canvas, swoją elastycznością przypomina płótno malarskie gwarantując wysoką jakość i trwałość. Gruba wulkanizowana podeszwa środkowa i podeszwa z gumy wulkanizowanej z wzorem waflowym pozostaje niezmieniona, zapewniając niesamowitą przyczepność i amortyzację wstrząsów Materiał: tekstylny Okute otworki na sznurowadła Miękka, komfortowa wkładka wewnętrzna Z tyłu na podeszwie typowe dla klasycznych modeli Vansa uwypuklenie na sklejeniu gumy wraz z logo firmy tzw. ""gumka na gumkę"" Podeszwa: guma wulkanizowana o dużej przyczepności, w kultowej już formie wafla",https://supersklep.pl/i186293-buty-vans-authentic-true-white,Vans,supersklep (pl),https://static.supersklep.pl/1410737-buty-vans-authentic-true-white.jpg?t=google,in_stock,319.90 PLN,219.90 PLN,186293,true,"{""color"":""biały"",""size"":""40""}",658100946720,VN000EE3W001,new,Buty > Miejskie > Wszystkie buty,"https://static.supersklep.pl/1410739-buty-vans-authentic-true-white.jpg?t=google,https://static.supersklep.pl/1410740-buty-vans-authentic-true-white.jpg?t=google,https://static.supersklep.pl/1410741-buty-vans-authentic-true-white.jpg?t=google,https://static.supersklep.pl/1410742-buty-vans-authentic-true-white.jpg?t=google,https://static.supersklep.pl/1410743-buty-vans-authentic-true-white.jpg?t=google,https://static.supersklep.pl/1410744-buty-vans-authentic-true-white.jpg?t=google,https://static.supersklep.pl/1410745-buty-vans-authentic-true-white.jpg?t=google,https://static.supersklep.pl/1410746-buty-vans-authentic-true-white.jpg?t=google,https://static.supersklep.pl/1410738-buty-vans-authentic-true-white.jpg?t=google",biały,40,tekstylny,unisex,true,false,true
658100946812,"Buty Vans Authentic (true white), 46","Vans, najbardziej rozpoznawalna marka butów do skateboardingu na całym świecie, od 66 lat dostarcza najwyższą jakość i komfort. Authentic to klasyczna sylwetka Vansa, łatwo rozpoznawalna po minimalistycznym stylu. Cholewka z płótna typu canvas, swoją elastycznością przypomina płótno malarskie gwarantując wysoką jakość i trwałość. Gruba wulkanizowana podeszwa środkowa i podeszwa z gumy wulkanizowanej z wzorem waflowym pozostaje niezmieniona, zapewniając niesamowitą przyczepność i amortyzację wstrząsów Materiał: tekstylny Okute otworki na sznurowadła Miękka, komfortowa wkładka wewnętrzna Z tyłu na podeszwie typowe dla klasycznych modeli Vansa uwypuklenie na sklejeniu gumy wraz z logo firmy tzw. ""gumka na gumkę"" Podeszwa: guma wulkanizowana o dużej przyczepności, w kultowej już formie wafla",https://supersklep.pl/i186293-buty-vans-authentic-true-white,Vans,supersklep (pl),https://static.supersklep.pl/1410737-buty-vans-authentic-true-white.jpg?t=google,in_stock,319.90 PLN,219.90 PLN,186293,true,"{""color"":""biały"",""size"":""46""}",658100946812,VN000EE3W001,new,Buty > Miejskie > Wszystkie buty,"https://static.supersklep.pl/1410739-buty-vans-authentic-true-white.jpg?t=google,https://static.supersklep.pl/1410740-buty-vans-authentic-true-white.jpg?t=google,https://static.supersklep.pl/1410741-buty-vans-authentic-true-white.jpg?t=google,https://static.supersklep.pl/1410742-buty-vans-authentic-true-white.jpg?t=google,https://static.supersklep.pl/1410743-buty-vans-authentic-true-white.jpg?t=google,https://static.supersklep.pl/1410744-buty-vans-authentic-true-white.jpg?t=google,https://static.supersklep.pl/1410745-buty-vans-authentic-true-white.jpg?t=google,https://static.supersklep.pl/1410746-buty-vans-authentic-true-white.jpg?t=google,https://static.supersklep.pl/1410738-buty-vans-authentic-true-white.jpg?t=google",biały,46,tekstylny,unisex,true,false,true
658100946775,"Buty Vans Authentic (true white), 43","Vans, najbardziej rozpoznawalna marka butów do skateboardingu na całym świecie, od 66 lat dostarcza najwyższą jakość i komfort. Authentic to klasyczna sylwetka Vansa, łatwo rozpoznawalna po minimalistycznym stylu. Cholewka z płótna typu canvas, swoją elastycznością przypomina płótno malarskie gwarantując wysoką jakość i trwałość. Gruba wulkanizowana podeszwa środkowa i podeszwa z gumy wulkanizowanej z wzorem waflowym pozostaje niezmieniona, zapewniając niesamowitą przyczepność i amortyzację wstrząsów Materiał: tekstylny Okute otworki na sznurowadła Miękka, komfortowa wkładka wewnętrzna Z tyłu na podeszwie typowe dla klasycznych modeli Vansa uwypuklenie na sklejeniu gumy wraz z logo firmy tzw. ""gumka na gumkę"" Podeszwa: guma wulkanizowana o dużej przyczepności, w kultowej już formie wafla",https://supersklep.pl/i186293-buty-vans-authentic-true-white,Vans,supersklep (pl),https://static.supersklep.pl/1410737-buty-vans-authentic-true-white.jpg?t=google,in_stock,319.90 PLN,219.90 PLN,186293,true,"{""color"":""biały"",""size"":""43""}",658100946775,VN000EE3W001,new,Buty > Miejskie > Wszystkie buty,"https://static.supersklep.pl/1410739-buty-vans-authentic-true-white.jpg?t=google,https://static.supersklep.pl/1410740-buty-vans-authentic-true-white.jpg?t=google,https://static.supersklep.pl/1410741-buty-vans-authentic-true-white.jpg?t=google,https://static.supersklep.pl/1410742-buty-vans-authentic-true-white.jpg?t=google,https://static.supersklep.pl/1410743-buty-vans-authentic-true-white.jpg?t=google,https://static.supersklep.pl/1410744-buty-vans-authentic-true-white.jpg?t=google,https://static.supersklep.pl/1410745-buty-vans-authentic-true-white.jpg?t=google,https://static.supersklep.pl/1410746-buty-vans-authentic-true-white.jpg?t=google,https://static.supersklep.pl/1410738-buty-vans-authentic-true-white.jpg?t=google",biały,43,tekstylny,unisex,true,false,true
658100946768,"Buty Vans Authentic (true white), 42.5","Vans, najbardziej rozpoznawalna marka butów do skateboardingu na całym świecie, od 66 lat dostarcza najwyższą jakość i komfort. Authentic to klasyczna sylwetka Vansa, łatwo rozpoznawalna po minimalistycznym stylu. Cholewka z płótna typu canvas, swoją elastycznością przypomina płótno malarskie gwarantując wysoką jakość i trwałość. Gruba wulkanizowana podeszwa środkowa i podeszwa z gumy wulkanizowanej z wzorem waflowym pozostaje niezmieniona, zapewniając niesamowitą przyczepność i amortyzację wstrząsów Materiał: tekstylny Okute otworki na sznurowadła Miękka, komfortowa wkładka wewnętrzna Z tyłu na podeszwie typowe dla klasycznych modeli Vansa uwypuklenie na sklejeniu gumy wraz z logo firmy tzw. ""gumka na gumkę"" Podeszwa: guma wulkanizowana o dużej przyczepności, w kultowej już formie wafla",https://supersklep.pl/i186293-buty-vans-authentic-true-white,Vans,supersklep (pl),https://static.supersklep.pl/1410737-buty-vans-authentic-true-white.jpg?t=google,in_stock,319.90 PLN,219.90 PLN,186293,true,"{""color"":""biały"",""size"":""42.5""}",658100946768,VN000EE3W001,new,Buty > Miejskie > Wszystkie buty,"https://static.supersklep.pl/1410739-buty-vans-authentic-true-white.jpg?t=google,https://static.supersklep.pl/1410740-buty-vans-authentic-true-white.jpg?t=google,https://static.supersklep.pl/1410741-buty-vans-authentic-true-white.jpg?t=google,https://static.supersklep.pl/1410742-buty-vans-authentic-true-white.jpg?t=google,https://static.supersklep.pl/1410743-buty-vans-authentic-true-white.jpg?t=google,https://static.supersklep.pl/1410744-buty-vans-authentic-true-white.jpg?t=google,https://static.supersklep.pl/1410745-buty-vans-authentic-true-white.jpg?t=google,https://static.supersklep.pl/1410746-buty-vans-authentic-true-white.jpg?t=google,https://static.supersklep.pl/1410738-buty-vans-authentic-true-white.jpg?t=google",biały,42.5,tekstylny,unisex,true,false,true
658100946799,"Buty Vans Authentic (true white), 44.5","Vans, najbardziej rozpoznawalna marka butów do skateboardingu na całym świecie, od 66 lat dostarcza najwyższą jakość i komfort. Authentic to klasyczna sylwetka Vansa, łatwo rozpoznawalna po minimalistycznym stylu. Cholewka z płótna typu canvas, swoją elastycznością przypomina płótno malarskie gwarantując wysoką jakość i trwałość. Gruba wulkanizowana podeszwa środkowa i podeszwa z gumy wulkanizowanej z wzorem waflowym pozostaje niezmieniona, zapewniając niesamowitą przyczepność i amortyzację wstrząsów Materiał: tekstylny Okute otworki na sznurowadła Miękka, komfortowa wkładka wewnętrzna Z tyłu na podeszwie typowe dla klasycznych modeli Vansa uwypuklenie na sklejeniu gumy wraz z logo firmy tzw. ""gumka na gumkę"" Podeszwa: guma wulkanizowana o dużej przyczepności, w kultowej już formie wafla",https://supersklep.pl/i186293-buty-vans-authentic-true-white,Vans,supersklep (pl),https://static.supersklep.pl/1410737-buty-vans-authentic-true-white.jpg?t=google,in_stock,319.90 PLN,219.90 PLN,186293,true,"{""color"":""biały"",""size"":""44.5""}",658100946799,VN000EE3W001,new,Buty > Miejskie > Wszystkie buty,"https://static.supersklep.pl/1410739-buty-vans-authentic-true-white.jpg?t=google,https://static.supersklep.pl/1410740-buty-vans-authentic-true-white.jpg?t=google,https://static.supersklep.pl/1410741-buty-vans-authentic-true-white.jpg?t=google,https://static.supersklep.pl/1410742-buty-vans-authentic-true-white.jpg?t=google,https://static.supersklep.pl/1410743-buty-vans-authentic-true-white.jpg?t=google,https://static.supersklep.pl/1410744-buty-vans-authentic-true-white.jpg?t=google,https://static.supersklep.pl/1410745-buty-vans-authentic-true-white.jpg?t=google,https://static.supersklep.pl/1410746-buty-vans-authentic-true-white.jpg?t=google,https://static.supersklep.pl/1410738-buty-vans-authentic-true-white.jpg?t=google",biały,44.5,tekstylny,unisex,true,false,true
658100946676,"Buty Vans Authentic (true white), 36.5","Vans, najbardziej rozpoznawalna marka butów do skateboardingu na całym świecie, od 66 lat dostarcza najwyższą jakość i komfort. Authentic to klasyczna sylwetka Vansa, łatwo rozpoznawalna po minimalistycznym stylu. Cholewka z płótna typu canvas, swoją elastycznością przypomina płótno malarskie gwarantując wysoką jakość i trwałość. Gruba wulkanizowana podeszwa środkowa i podeszwa z gumy wulkanizowanej z wzorem waflowym pozostaje niezmieniona, zapewniając niesamowitą przyczepność i amortyzację wstrząsów Materiał: tekstylny Okute otworki na sznurowadła Miękka, komfortowa wkładka wewnętrzna Z tyłu na podeszwie typowe dla klasycznych modeli Vansa uwypuklenie na sklejeniu gumy wraz z logo firmy tzw. ""gumka na gumkę"" Podeszwa: guma wulkanizowana o dużej przyczepności, w kultowej już formie wafla",https://supersklep.pl/i186293-buty-vans-authentic-true-white,Vans,supersklep (pl),https://static.supersklep.pl/1410737-buty-vans-authentic-true-white.jpg?t=google,in_stock,319.90 PLN,219.90 PLN,186293,true,"{""color"":""biały"",""size"":""36.5""}",658100946676,VN000EE3W001,new,Buty > Miejskie > Wszystkie buty,"https://static.supersklep.pl/1410739-buty-vans-authentic-true-white.jpg?t=google,https://static.supersklep.pl/1410740-buty-vans-authentic-true-white.jpg?t=google,https://static.supersklep.pl/1410741-buty-vans-authentic-true-white.jpg?t=google,https://static.supersklep.pl/1410742-buty-vans-authentic-true-white.jpg?t=google,https://static.supersklep.pl/1410743-buty-vans-authentic-true-white.jpg?t=google,https://static.supersklep.pl/1410744-buty-vans-authentic-true-white.jpg?t=google,https://static.supersklep.pl/1410745-buty-vans-authentic-true-white.jpg?t=google,https://static.supersklep.pl/1410746-buty-vans-authentic-true-white.jpg?t=google,https://static.supersklep.pl/1410738-buty-vans-authentic-true-white.jpg?t=google",biały,36.5,tekstylny,unisex,true,false,true
885075877951,"Buty Etnies Kingpin (black/black), 44","Materiał: nubuk, skóra syntetyczna Podeszwa: gumowa 400 NBS, szyta na całym obwodzie Gąbkowany język i kołnierz Komfortowa wkładka wewnętrzna wykonana z pianki EVA Kolor: czarny",https://supersklep.pl/i194056-buty-etnies-kingpin-black-black,Etnies,supersklep (pl),https://static.supersklep.pl/1411539-buty-etnies-kingpin-black-black.jpg?t=google,in_stock,369.90 PLN,229.90 PLN,194056,true,"{""color"":""czarny"",""size"":""44""}",885075877951,4101000091-003,new,Buty > Miejskie > Wszystkie buty,"https://static.supersklep.pl/1411541-buty-etnies-kingpin-black-black.jpg?t=google,https://static.supersklep.pl/1411542-buty-etnies-kingpin-black-black.jpg?t=google,https://static.supersklep.pl/1411543-buty-etnies-kingpin-black-black.jpg?t=google,https://static.supersklep.pl/1411544-buty-etnies-kingpin-black-black.jpg?t=google,https://static.supersklep.pl/1411545-buty-etnies-kingpin-black-black.jpg?t=google,https://static.supersklep.pl/1411546-buty-etnies-kingpin-black-black.jpg?t=google,https://static.supersklep.pl/1411547-buty-etnies-kingpin-black-black.jpg?t=google,https://static.supersklep.pl/1411548-buty-etnies-kingpin-black-black.jpg?t=google,https://static.supersklep.pl/1411540-buty-etnies-kingpin-black-black.jpg?t=google",czarny,44,nubuk,male,true,false,true
885075877999,"Buty Etnies Kingpin (black/black), 45.5","Materiał: nubuk, skóra syntetyczna Podeszwa: gumowa 400 NBS, szyta na całym obwodzie Gąbkowany język i kołnierz Komfortowa wkładka wewnętrzna wykonana z pianki EVA Kolor: czarny",https://supersklep.pl/i194056-buty-etnies-kingpin-black-black,Etnies,supersklep (pl),https://static.supersklep.pl/1411539-buty-etnies-kingpin-black-black.jpg?t=google,in_stock,369.90 PLN,229.90 PLN,194056,true,"{""color"":""czarny"",""size"":""45.5""}",885075877999,4101000091-003,new,Buty > Miejskie > Wszystkie buty,"https://static.supersklep.pl/1411541-buty-etnies-kingpin-black-black.jpg?t=google,https://static.supersklep.pl/1411542-buty-etnies-kingpin-black-black.jpg?t=google,https://static.supersklep.pl/1411543-buty-etnies-kingpin-black-black.jpg?t=google,https://static.supersklep.pl/1411544-buty-etnies-kingpin-black-black.jpg?t=google,https://static.supersklep.pl/1411545-buty-etnies-kingpin-black-black.jpg?t=google,https://static.supersklep.pl/1411546-buty-etnies-kingpin-black-black.jpg?t=google,https://static.supersklep.pl/1411547-buty-etnies-kingpin-black-black.jpg?t=google,https://static.supersklep.pl/1411548-buty-etnies-kingpin-black-black.jpg?t=google,https://static.supersklep.pl/1411540-buty-etnies-kingpin-black-black.jpg?t=google",czarny,45.5,nubuk,male,true,false,true
885075878262,"Buty Etnies Kingpin (black/black), 42","Materiał: nubuk, skóra syntetyczna Podeszwa: gumowa 400 NBS, szyta na całym obwodzie Gąbkowany język i kołnierz Komfortowa wkładka wewnętrzna wykonana z pianki EVA Kolor: czarny",https://supersklep.pl/i194056-buty-etnies-kingpin-black-black,Etnies,supersklep (pl),https://static.supersklep.pl/1411539-buty-etnies-kingpin-black-black.jpg?t=google,in_stock,369.90 PLN,229.90 PLN,194056,true,"{""color"":""czarny"",""size"":""42""}",885075878262,4101000091-003,new,Buty > Miejskie > Wszystkie buty,"https://static.supersklep.pl/1411541-buty-etnies-kingpin-black-black.jpg?t=google,https://static.supersklep.pl/1411542-buty-etnies-kingpin-black-black.jpg?t=google,https://static.supersklep.pl/1411543-buty-etnies-kingpin-black-black.jpg?t=google,https://static.supersklep.pl/1411544-buty-etnies-kingpin-black-black.jpg?t=google,https://static.supersklep.pl/1411545-buty-etnies-kingpin-black-black.jpg?t=google,https://static.supersklep.pl/1411546-buty-etnies-kingpin-black-black.jpg?t=google,https://static.supersklep.pl/1411547-buty-etnies-kingpin-black-black.jpg?t=google,https://static.supersklep.pl/1411548-buty-etnies-kingpin-black-black.jpg?t=google,https://static.supersklep.pl/1411540-buty-etnies-kingpin-black-black.jpg?t=google",czarny,42,nubuk,male,true,false,true
885075878149,"Buty Etnies Kingpin (black/black), 38","Materiał: nubuk, skóra syntetyczna Podeszwa: gumowa 400 NBS, szyta na całym obwodzie Gąbkowany język i kołnierz Komfortowa wkładka wewnętrzna wykonana z pianki EVA Kolor: czarny",https://supersklep.pl/i194056-buty-etnies-kingpin-black-black,Etnies,supersklep (pl),https://static.supersklep.pl/1411539-buty-etnies-kingpin-black-black.jpg?t=google,in_stock,369.90 PLN,229.90 PLN,194056,true,"{""color"":""czarny"",""size"":""38""}",885075878149,4101000091-003,new,Buty > Miejskie > Wszystkie buty,"https://static.supersklep.pl/1411541-buty-etnies-kingpin-black-black.jpg?t=google,https://static.supersklep.pl/1411542-buty-etnies-kingpin-black-black.jpg?t=google,https://static.supersklep.pl/1411543-buty-etnies-kingpin-black-black.jpg?t=google,https://static.supersklep.pl/1411544-buty-etnies-kingpin-black-black.jpg?t=google,https://static.supersklep.pl/1411545-buty-etnies-kingpin-black-black.jpg?t=google,https://static.supersklep.pl/1411546-buty-etnies-kingpin-black-black.jpg?t=google,https://static.supersklep.pl/1411547-buty-etnies-kingpin-black-black.jpg?t=google,https://static.supersklep.pl/1411548-buty-etnies-kingpin-black-black.jpg?t=google,https://static.supersklep.pl/1411540-buty-etnies-kingpin-black-black.jpg?t=google",czarny,38,nubuk,male,true,false,true
885075877975,"Buty Etnies Kingpin (black/black), 45","Materiał: nubuk, skóra syntetyczna Podeszwa: gumowa 400 NBS, szyta na całym obwodzie Gąbkowany język i kołnierz Komfortowa wkładka wewnętrzna wykonana z pianki EVA Kolor: czarny",https://supersklep.pl/i194056-buty-etnies-kingpin-black-black,Etnies,supersklep (pl),https://static.supersklep.pl/1411539-buty-etnies-kingpin-black-black.jpg?t=google,in_stock,369.90 PLN,229.90 PLN,194056,true,"{""color"":""czarny"",""size"":""45""}",885075877975,4101000091-003,new,Buty > Miejskie > Wszystkie buty,"https://static.supersklep.pl/1411541-buty-etnies-kingpin-black-black.jpg?t=google,https://static.supersklep.pl/1411542-buty-etnies-kingpin-black-black.jpg?t=google,https://static.supersklep.pl/1411543-buty-etnies-kingpin-black-black.jpg?t=google,https://static.supersklep.pl/1411544-buty-etnies-kingpin-black-black.jpg?t=google,https://static.supersklep.pl/1411545-buty-etnies-kingpin-black-black.jpg?t=google,https://static.supersklep.pl/1411546-buty-etnies-kingpin-black-black.jpg?t=google,https://static.supersklep.pl/1411547-buty-etnies-kingpin-black-black.jpg?t=google,https://static.supersklep.pl/1411548-buty-etnies-kingpin-black-black.jpg?t=google,https://static.supersklep.pl/1411540-buty-etnies-kingpin-black-black.jpg?t=google",czarny,45,nubuk,male,true,false,true
