item_id,title,description,url,brand,seller_name,image_url,availability,price,seller_url,return_policy,accepts_returns,return_deadline_in_days,condition,product_category,additional_image_urls,mpn,gtin,group_id,listing_has_variations,variant_dict,shipping_price,is_ads_eligible,is_eligible_search,is_eligible_checkout,ads_metadata,target_countries,store_country
762,Strelitzia nicolai (Oiseau du Paradis blanc) M - Livraison plantes - Plantes vertes Bergamotte,"Strelitzia Stanislas. Strelitzia nicolai (Oiseau du Paradis blanc). Diamètre du pot : 29 cm - Hauteur : Entre 140 et 150 cm (pot inclus) - Le pot contient 3 pieds de Strelitzia. Voyage sous les tropiques. Green vibes only Comment s’occuper de votre Strelitzia Stanislas ? Entretien. Difficulté. Débutant. Arrosage. Fréquent. Exposition. Lumineux. Toxicité Commandez votre Strelitzia Stanislas dès aujourd'hui et recevez une plante d'exception, cultivée avec soin et livrée directement chez vous par Bergamotte. Le cadeau parfait pour soi ou pour un proche !",https://www.bergamotte.fr/livraison-plantes/stanislas,Bergamotte,Bergamotte,https://bergamotte.imgix.net/xzedf9vu5qi4q9gf1wu9eol9coq0,in_stock,119.90 EUR,https://www.bergamotte.fr,https://www.bergamotte.fr/terms-and-conditions,true,14,new,Maison et jardin > Plantes > Plantes d'extérieur et d'intérieur,https://bergamotte.imgix.net/u2xywljisivvahl5xvhg8dle107r,762,,,,,0.00 EUR,true,true,false,"{""custom_label_4"": ""new""}",FR,FR
1495,Tribu Emmenagement - Ensemble 5 Plantes Vertes - Livraison Plante 24h France - Idee Cadeau Vegetal,"Tribu Emménagement. Hauteurs : Entre 7 et 130 cm (pot inclus). Facile à vivre. Personnalisation possible Comment s’occuper de votre Tribu Emménagement ? Entretien. Pet-friendly. Arrosage. Fréquent. Exposition. Lumineux. Variétés. Ensemble de 5 plantes. Difficulté. Débutant Commandez votre Tribu Emménagement dès aujourd'hui et recevez une plante d'exception, cultivée avec soin et livrée directement chez vous par Bergamotte. Le cadeau parfait pour soi ou pour un proche ! Livraison a domicile en 24h partout en France ou en 3h a Paris soigneusement emballe Ensemble de 5 plantes vertes : Strelitzia nicolai blanc et Ficus elastica Belize et 3 minis succulentes Hauteurs de 7 a 130 cm - un assortiment ideal pour decorer un nouvel appartement Entretien facile pour debutant : exposition lumineuse sans soleil direct et arrosage adapte a chaque variete Carte message personnalisee offerte - idee cadeau vegetal original pour emmenagement ou pendaison de cremaillere",https://www.bergamotte.fr/livraison-plantes/tribu-emmenagement,Bergamotte,Bergamotte,https://bergamotte.imgix.net/udl4qww2bbpqh72jhxkalxoj0kog,in_stock,179.90 EUR,https://www.bergamotte.fr,https://www.bergamotte.fr/terms-and-conditions,true,14,new,Maison et jardin > Plantes > Plantes d'extérieur et d'intérieur,"https://bergamotte.imgix.net/a2dqs29y0zozi5ovucnmkegty92s,https://bergamotte.imgix.net/2aal0rch4imgk9bvllp08frnztjy,https://bergamotte.imgix.net/qrqhgvbe72trxsmef854m29hk04q,https://bergamotte.imgix.net/cje3juegy209c4t173fsaskjq821,https://bergamotte.imgix.net/i30gwta3q9u972ue8jn45oqcbef7",1495,,,,,0.00 EUR,true,true,false,"{""custom_label_4"": ""new""}",FR,FR
1511,Bougie Bois de Figuier - Accessoires décoration - Idées cadeaux - Fleuriste Bergamotte,"Cette bougie est une création unique et exclusive pour Bergamotte, créé par un artisan français. Assemblage olfactif : Figues, violette, cyclamen, cèdre blanc Contenance : 180g Production artisanale, fabriquée en France et coulée à la main.",https://www.bergamotte.fr/livraison-accessoires/bougie-bois-de-figuier,Bergamotte,Bergamotte,https://bergamotte.imgix.net/29tpqou03gisd51mol1ihbqkudok,in_stock,32.90 EUR,https://www.bergamotte.fr,https://www.bergamotte.fr/terms-and-conditions,true,14,new,Arts et loisirs > Fêtes et soirées > Cadeaux,https://bergamotte.imgix.net/m6lwnd23oxud66v8sqr7ou7zk6ch,1511,,,,,9.90 EUR,true,true,false,,FR,FR
2033,Euphorbia acrurensis - Livraison plantes - Plantes vertes Bergamotte,"Cactus Pablo. Euphorbia acrurensis. Diamètre du pot : 17 cm - Hauteur : Entre 50 et 65 cm (pot inclus) - Chaque plante est unique : sa forme et sa hauteur peuvent varier, photos non contractuelles. Facile à vivre. Personnalisation possible Comment s’occuper de votre Cactus Pablo ? Mise en garde. Entretien. Exposition. Très lumineux. Arrosage. Très léger. Difficulté. Débutant. Toxicité Commandez votre Cactus Pablo dès aujourd'hui et recevez une plante d'exception, cultivée avec soin et livrée directement chez vous par Bergamotte. Le cadeau parfait pour soi ou pour un proche !",https://www.bergamotte.fr/livraison-plantes/pablo,Bergamotte,Bergamotte,https://bergamotte.imgix.net/8ag1khc4kcl2dp53fiexhoys92di,in_stock,49.90 EUR,https://www.bergamotte.fr,https://www.bergamotte.fr/terms-and-conditions,true,14,new,Maison et jardin > Plantes > Plantes d'extérieur et d'intérieur,https://bergamotte.imgix.net/lh3zc4awih1ebm1zijmjp7eoep92,2033,,,,,9.90 EUR,true,true,false,"{""custom_label_4"": ""profitable""}",FR,FR
2494,Pachira - Livraison plantes - Plantes vertes Bergamotte,"Pachira James. Pachira. Diamètre du pot : 12 cm - Hauteur : Entre 30 et 40 cm (pot inclus). Facile à vivre. Personnalisation possible Comment s’occuper de votre Pachira James ? Exposition. Lumineux. Producteur. Labellisé MPS-A/GAP/SQ. Arrosage. Fréquent. Difficulté. Débutant. Pet-friendly. Entretien Commandez votre Pachira James dès aujourd'hui et recevez une plante d'exception, cultivée avec soin et livrée directement chez vous par Bergamotte. Le cadeau parfait pour soi ou pour un proche !",https://www.bergamotte.fr/livraison-plantes/james,Bergamotte,Bergamotte,https://bergamotte.imgix.net/h6xks2e0jyoqhixq5tl5nyyqysax,in_stock,29.90 EUR,https://www.bergamotte.fr,https://www.bergamotte.fr/terms-and-conditions,true,14,new,Maison et jardin > Plantes > Plantes d'extérieur et d'intérieur,https://bergamotte.imgix.net/er1hycj3pfmjhplv5pmry3h06ok5,2494,,,,,9.90 EUR,true,true,false,"{""custom_label_4"": ""costly""}",FR,FR
2711,Champagne Laurent-Perrier 75cl - Idées cadeaux gourmandes - Fleuriste Bergamotte,"Issue du jus le plus pur du raisin, « La Cuvée » initie au style Laurent‑Perrier. Composé majoritairement de Chardonnay, ce champagne se caractérise par une grande finesse et une belle fraîcheur obtenues après un long vieillissement en caves. Bouteille de Champagne Laurent-Perrier La Cuvée, brut 75cl Origine : Tours-sur-Marne - France Contenance : 75cl (59.87 € / L) Alcool : 12 % Cépage : Chardonnay 53 %, pinot noir 33 %, pinot meunier 14 % Contient des SULFITES Fabriquant : Laurent-Perrier - 32 avenue de Champagne, 51150 Tours-sur-Marne, France. L'abus d'alcool est dangereux pour la santé. A consommer avec modération. La consommation de boissons alcoolisées pendant la grossesse, même en faible quantité, peut avoir des conséquences graves pour la santé de l’enfant. La vente d'alcool aux mineurs est strictement interdite.",https://www.bergamotte.fr/livraison-accessoires/laurent-perrier-champagne,Bergamotte,Bergamotte,https://bergamotte.imgix.net/qi67b0yn89f63omo17e1f85acglf,in_stock,44.90 EUR,https://www.bergamotte.fr,https://www.bergamotte.fr/terms-and-conditions,true,14,new,"Alimentation, boissons et tabac > Boissons > Boissons alcoolisées > Vin",https://bergamotte.imgix.net/mu4dse0kw5vpfkjam61h93w49zgx,2711,,,,,9.90 EUR,true,true,false,,FR,FR
2784,Panier à hanses D30 - Accessoires décoration - Idées cadeaux - Fleuriste Bergamotte,Composition : Roseau Ce cache-pot est livré avec une soucoupe en plastique. Composition : Roseau,https://www.bergamotte.fr/pots/panier-a-hanses-d30,Bergamotte,Bergamotte,https://bergamotte.imgix.net/8u7rges9fypwry27sm2chz7v62rk,in_stock,24.90 EUR,https://www.bergamotte.fr,https://www.bergamotte.fr/terms-and-conditions,true,14,new,Arts et loisirs > Fêtes et soirées > Cadeaux,,2784,,,,,9.90 EUR,true,true,false,,FR,FR
2920,Ananas comosus - Livraison plantes - Plantes vertes Bergamotte,"Ananas Anne. Ananas comosus. Diamètre du pot : 12 cm - Hauteur : Entre 30 et 40 cm (pot inclus). Facile à vivre. Personnalisation possible Comment s’occuper de votre Ananas Anne ? Toxicité. Difficulté. Intermédiaire. Exposition. Très lumineux. Arrosage. Modéré. Entretien. Producteur. Labellisé MPS-A/GAP/SQ Commandez votre Ananas Anne dès aujourd'hui et recevez une plante d'exception, cultivée avec soin et livrée directement chez vous par Bergamotte. Le cadeau parfait pour soi ou pour un proche !",https://www.bergamotte.fr/livraison-plantes/anne,Bergamotte,Bergamotte,https://bergamotte.imgix.net/8x1fv9apv36p3j55nubq31dfa3wm,in_stock,32.90 EUR,https://www.bergamotte.fr,https://www.bergamotte.fr/terms-and-conditions,true,14,new,Maison et jardin > Plantes > Plantes d'extérieur et d'intérieur,https://bergamotte.imgix.net/nwex7c9c0d077tsc68bb89ndhpym,2920,,,,,9.90 EUR,true,true,false,"{""custom_label_4"": ""new""}",FR,FR
3183,Monstera minima - Livraison plantes - Plantes vertes Bergamotte,"Monstera Donna. Monstera minima. Diamètre du pot : 12 cm - Hauteur : Entre 20 et 25 cm (pot inclus). Chaque plante est unique : sa forme, sa hauteur et le nombre de ses feuilles peut varier, photos non contractuelles. Petit prix. La valeur sûre Comment s’occuper de votre Monstera Donna ? Arrosage. Régulier. Producteur. Labellisé MPS-A+/GAP. Exposition. Lumineux. Difficulté. Débutant. Entretien. Toxicité Commandez votre Monstera Donna dès aujourd'hui et recevez une plante d'exception, cultivée avec soin et livrée directement chez vous par Bergamotte. Le cadeau parfait pour soi ou pour un proche !",https://www.bergamotte.fr/livraison-plantes/donna,Bergamotte,Bergamotte,https://bergamotte.imgix.net/rhv3gviqjdonad90t08irxoyrl21,in_stock,29.90 EUR,https://www.bergamotte.fr,https://www.bergamotte.fr/terms-and-conditions,true,14,new,Maison et jardin > Plantes > Plantes d'extérieur et d'intérieur,https://bergamotte.imgix.net/c62hdz8p7xmsfoc6nlhbx32url1a,3183,,,,,9.90 EUR,true,true,false,"{""custom_label_4"": ""profitable""}",FR,FR
3349,Panier naturel D40 - Accessoires décoration - Idées cadeaux - Fleuriste Bergamotte,Composition : Roseau Ce cache-pot est livré avec une soucoupe en plastique. Composition : Roseau,https://www.bergamotte.fr/pots/panier-naturel-d40,Bergamotte,Bergamotte,https://bergamotte.imgix.net/hu6jcmz515xmyn8vez4yuud2qtmd,in_stock,29.90 EUR,https://www.bergamotte.fr,https://www.bergamotte.fr/terms-and-conditions,true,14,new,Arts et loisirs > Fêtes et soirées > Cadeaux,,3349,,,,,9.90 EUR,true,true,false,,FR,FR
3411,Pachira aquatica - Livraison plantes - Plantes vertes Bergamotte,"Pachira Andrea. Pachira aquatica. Diamètre du pot : 24 cm - Hauteur : Entre 130 et 150 cm (pot inclus). Facile à vivre. Pet friendly Comment s’occuper de votre Pachira Andrea ? Entretien. Exposition. Lumineux. Arrosage. Fréquent. Difficulté. Débutant. Producteur. Labellisé MPS-A + / SQ / GAP. Pet-friendly Commandez votre Pachira Andrea dès aujourd'hui et recevez une plante d'exception, cultivée avec soin et livrée directement chez vous par Bergamotte. Le cadeau parfait pour soi ou pour un proche !",https://www.bergamotte.fr/livraison-plantes/andrea,Bergamotte,Bergamotte,https://bergamotte.imgix.net/vxpvyqb74wu5jw1vmywwh03dge2m,in_stock,89.90 EUR,https://www.bergamotte.fr,https://www.bergamotte.fr/terms-and-conditions,true,14,new,Maison et jardin > Plantes > Plantes d'extérieur et d'intérieur,https://bergamotte.imgix.net/fhvmmeudkcijjh77cdntsv8bnnsa,3411,,,,,9.90 EUR,true,true,false,"{""custom_label_4"": ""costly""}",FR,FR
3492,Pot vert D25 - Accessoires décoration - Idées cadeaux - Fleuriste Bergamotte,"Toutes nos plantes d’extérieur et leur pot déco en option sont préalablement rempotées par nos soins dans notre atelier en région parisienne. Chaque pot déco proposé a été spécifiquement sélectionné pour permettre aux racines de se développer sans entrave durant une longue période. Vous n’aurez ainsi pas à vous soucier du rempotage à réception de votre commande. Plus besoin d’avoir la main verte pour bénéficier d’un nouvel espace de verdure, contentez-vous d’en profiter l’esprit libre ! Diamètre : 25 cm Composition : plastique 100% recyclé et recyclable, résistant aux UV et au gel. Diamètre : 25 cm Composition : plastique 100% recyclé et recyclable, résistant aux UV et au gel",https://www.bergamotte.fr/pots/pot-vert-d25,Bergamotte,Bergamotte,https://bergamotte.imgix.net/mno17gqf5ny451y5330yi2jfm0vn,in_stock,14.90 EUR,https://www.bergamotte.fr,https://www.bergamotte.fr/terms-and-conditions,true,14,new,Arts et loisirs > Fêtes et soirées > Cadeaux,,3492,,,,,9.90 EUR,true,true,false,,FR,FR
3493,Pot vert D30 - Accessoires décoration - Idées cadeaux - Fleuriste Bergamotte,"Toutes nos plantes d’extérieur et leur pot déco en option sont préalablement rempotées par nos soins dans notre atelier en région parisienne. Chaque pot déco proposé a été spécifiquement sélectionné pour permettre aux racines de se développer sans entrave durant une longue période. Vous n’aurez ainsi pas à vous soucier du rempotage à réception de votre commande. Plus besoin d’avoir la main verte pour bénéficier d’un nouvel espace de verdure, contentez-vous d’en profiter l’esprit libre ! Diamètre : 30 cm Composition : plastique 100% recyclé et recyclable, résistant aux UV et au gel. Diamètre : 30 cm Composition : plastique 100% recyclé et recyclable, résistant aux UV et au gel",https://www.bergamotte.fr/pots/pot-vert-d30,Bergamotte,Bergamotte,https://bergamotte.imgix.net/p9o82pgvmz99xdcrwkm6f9fg3h9j,in_stock,19.90 EUR,https://www.bergamotte.fr,https://www.bergamotte.fr/terms-and-conditions,true,14,new,Arts et loisirs > Fêtes et soirées > Cadeaux,,3493,,,,,9.90 EUR,true,true,false,,FR,FR
3496,Pot vert D35 - Accessoires décoration - Idées cadeaux - Fleuriste Bergamotte,"Toutes nos plantes d’extérieur et leur pot déco en option sont préalablement rempotées par nos soins dans notre atelier en région parisienne. Chaque pot déco proposé a été spécifiquement sélectionné pour permettre aux racines de se développer sans entrave durant une longue période. Vous n’aurez ainsi pas à vous soucier du rempotage à réception de votre commande. Plus besoin d’avoir la main verte pour bénéficier d’un nouvel espace de verdure, contentez-vous d’en profiter l’esprit libre ! Diamètre : 35 cm Composition : plastique 100% recyclé et recyclable, résistant aux UV et au gel. Diamètre : 35 cm Composition : plastique 100% recyclé et recyclable, résistant aux UV et au gel",https://www.bergamotte.fr/pots/pot-vert-d35,Bergamotte,Bergamotte,https://bergamotte.imgix.net/ahrk1pmhvi2x9uomw7fv9qh4rs61,in_stock,24.90 EUR,https://www.bergamotte.fr,https://www.bergamotte.fr/terms-and-conditions,true,14,new,Arts et loisirs > Fêtes et soirées > Cadeaux,,3496,,,,,9.90 EUR,true,true,false,,FR,FR
3504,Epipremnum - Livraison plantes - Plantes vertes Bergamotte,"Pothos Betty. Epipremnum. Diamètre du pot : 14 cm - Hauteur : Entre 15 et 25 cm (pot inclus). Facile à vivre. Idéal petits espaces Comment s’occuper de votre Pothos Betty ? Producteur. Labellisé MPS-A+/SQ/GAP. Toxicité. Entretien. Difficulté. Débutant. Exposition. Lumineux. Mise en garde. Arrosage. Fréquent Commandez votre Pothos Betty dès aujourd'hui et recevez une plante d'exception, cultivée avec soin et livrée directement chez vous par Bergamotte. Le cadeau parfait pour soi ou pour un proche !",https://www.bergamotte.fr/livraison-plantes/betty,Bergamotte,Bergamotte,https://bergamotte.imgix.net/3kodacyupsvsu1rkb1jo1qdgc1ps,in_stock,34.90 EUR,https://www.bergamotte.fr,https://www.bergamotte.fr/terms-and-conditions,true,14,new,Maison et jardin > Plantes > Plantes d'extérieur et d'intérieur,https://bergamotte.imgix.net/cyantrh9buog6omre4zdseh2nejl,3504,,,,,9.90 EUR,true,true,false,"{""custom_label_4"": ""out""}",FR,FR
3550,Laurier (Laurus nobilis) - Livraison plantes - Plantes vertes Bergamotte,"Laurier César. Laurier (Laurus nobilis). Hauteur : Entre 100 et 110 cm (pot inclus). Facile à vivre. Résistant au froid Comment s’occuper de votre Laurier César ? Exposition. Ensoleillée. Arrosage. Régulier. Difficulté. Débutant. Entretien. Résistance au froid. Rustique. Producteur. Labellisé MPS-A+/SQ Commandez votre Laurier César dès aujourd'hui et recevez une plante d'exception, cultivée avec soin et livrée directement chez vous par Bergamotte. Le cadeau parfait pour soi ou pour un proche !",https://www.bergamotte.fr/livraison-jardin/cesar,Bergamotte,Bergamotte,https://bergamotte.imgix.net/05nrl6r53auhjw5k41nvf4nfrd0n,in_stock,74.90 EUR,https://www.bergamotte.fr,https://www.bergamotte.fr/terms-and-conditions,true,14,new,Maison et jardin > Plantes > Plantes d'extérieur et d'intérieur,https://bergamotte.imgix.net/aeu5zhfvr54881l7yumxz3ktt9ut,3550,,,,,9.90 EUR,true,true,false,"{""custom_label_4"": ""new""}",FR,FR
3924,Cache-pot naturel rayé D18 - Accessoires décoration - Idées cadeaux - Fleuriste Bergamotte,Composition : Jute végétale / roseau Ce cache-pot est livré avec une soucoupe en plastique. Composition : Jute végétale / roseau,https://www.bergamotte.fr/pots/cache-pot-naturel-raye-d18,Bergamotte,Bergamotte,https://bergamotte.imgix.net/1b801j963cfrxq0g7e0c2tdnir2v,in_stock,14.90 EUR,https://www.bergamotte.fr,https://www.bergamotte.fr/terms-and-conditions,true,14,new,Arts et loisirs > Fêtes et soirées > Cadeaux,,3924,,,,,9.90 EUR,true,true,false,,FR,FR
4326,Anthurium 'Lilli' - Livraison plantes - Plantes vertes Bergamotte,"Anthurium Alicia. Anthurium 'Lilli'. Diamètre du pot : 14 cm - Hauteur : Entre 35 et 40 cm (pot inclus). La bonne idée cadeau. Personnalisation possible Comment s’occuper de votre Anthurium Alicia ? Toxicité. Entretien. Arrosage. Régulier. Exposition. Lumineux. Difficulté. Débutant. Floraison. Rose. Producteur. Labellisé MPS-A+/GAP Commandez votre Anthurium Alicia dès aujourd'hui et recevez une plante d'exception, cultivée avec soin et livrée directement chez vous par Bergamotte. Le cadeau parfait pour soi ou pour un proche !",https://www.bergamotte.fr/livraison-plantes/alicia,Bergamotte,Bergamotte,https://bergamotte.imgix.net/wua28ggemhvt27o1zjlfvlwar2pt,in_stock,34.90 EUR,https://www.bergamotte.fr,https://www.bergamotte.fr/terms-and-conditions,true,14,new,Maison et jardin > Plantes > Plantes d'extérieur et d'intérieur,https://bergamotte.imgix.net/jcecg9kioe07zzgelv9h3wjzokaq,4326,,,,,9.90 EUR,true,true,false,"{""custom_label_4"": ""costly""}",FR,FR
4336,Maranta 'Fascinator' - Livraison plantes - Plantes vertes Bergamotte,"Maranta Mathis. Maranta 'Fascinator'. Diamètre du pot : 12 cm - Hauteur : Entre 25 et 30 cm (pot inclus). Pet friendly. Personnalisation possible Comment s’occuper de votre Maranta Mathis ? Entretien. Exposition. Semi-ombragé. Arrosage. Fréquent. Pet-friendly. Difficulté. Intermédiaire Commandez votre Maranta Mathis dès aujourd'hui et recevez une plante d'exception, cultivée avec soin et livrée directement chez vous par Bergamotte. Le cadeau parfait pour soi ou pour un proche !",https://www.bergamotte.fr/livraison-plantes/mathis,Bergamotte,Bergamotte,https://bergamotte.imgix.net/ce3tasz7trn2nothcxyxi1yjb55r,in_stock,29.90 EUR,https://www.bergamotte.fr,https://www.bergamotte.fr/terms-and-conditions,true,14,new,Maison et jardin > Plantes > Plantes d'extérieur et d'intérieur,https://bergamotte.imgix.net/dxkjfol6pingiucsl9xp3hhjbf10,4336,,,,,9.90 EUR,true,true,false,"{""custom_label_4"": ""out""}",FR,FR
4364,Strelitzia nicolai (Oiseau du Paradis) - Livraison plantes - Plantes vertes Bergamotte,"Strelitzia Rosalie. Strelitzia nicolai (Oiseau du Paradis). Diamètre du pot : 36cm - Hauteur : Entre 1 mètre 60 et 2 mètres (pot inclus). Un trésor végétal. Voir la vie en XXL Comment s’occuper de votre Strelitzia Rosalie ? Difficulté. Débutant. Exposition. Lumineux. Arrosage. Fréquent. Entretien. Toxicité Commandez votre Strelitzia Rosalie dès aujourd'hui et recevez une plante d'exception, cultivée avec soin et livrée directement chez vous par Bergamotte. Le cadeau parfait pour soi ou pour un proche !",https://www.bergamotte.fr/livraison-plantes/rosalie,Bergamotte,Bergamotte,https://bergamotte.imgix.net/1ae3nrgbzqvzzvgvjb0p2ehvs2b5,in_stock,169.90 EUR,https://www.bergamotte.fr,https://www.bergamotte.fr/terms-and-conditions,true,14,new,Maison et jardin > Plantes > Plantes d'extérieur et d'intérieur,https://bergamotte.imgix.net/kw3ho2v2wzrhs0dbhxbki0awnlku,4364,,,,,0.00 EUR,true,true,false,"{""custom_label_4"": ""profitable""}",FR,FR
4641,Panier naturel D42 - Accessoires décoration - Idées cadeaux - Fleuriste Bergamotte,Composition : Roseau Ce panier est muni d'un revêtement étanche. Composition : Roseau,https://www.bergamotte.fr/pots/panier-naturel-d42,Bergamotte,Bergamotte,https://bergamotte.imgix.net/tlvl3h9zlaj2xf7gnl076x72q1zu,in_stock,39.90 EUR,https://www.bergamotte.fr,https://www.bergamotte.fr/terms-and-conditions,true,14,new,Arts et loisirs > Fêtes et soirées > Cadeaux,,4641,,,,,9.90 EUR,true,true,false,,FR,FR
4675,Pot en terre cuite D21 - Accessoires décoration - Idées cadeaux - Fleuriste Bergamotte,"Toutes nos plantes d’extérieur et leur pot déco en option sont préalablement rempotées par nos soins dans notre atelier en région parisienne. Chaque pot déco proposé a été spécifiquement sélectionné pour permettre aux racines de se développer sans entrave durant une longue période. Vous n’aurez ainsi pas à vous soucier du rempotage à réception de votre commande. Plus besoin d’avoir la main verte pour bénéficier d’un nouvel espace de verdure, contentez-vous d’en profiter l’esprit libre ! Diamètre : 21 cm Composition : terre cuite. Diamètre : 21 cm Composition : terre cuite",https://www.bergamotte.fr/pots/pot-en-terre-cuite-d21,Bergamotte,Bergamotte,https://bergamotte.imgix.net/b6o4owplph3o47bwdic8vgjvtusn,in_stock,19.90 EUR,https://www.bergamotte.fr,https://www.bergamotte.fr/terms-and-conditions,true,14,new,Arts et loisirs > Fêtes et soirées > Cadeaux,,4675,,,,,9.90 EUR,true,true,false,,FR,FR
5132,Panier jaune D15 - Accessoires décoration - Idées cadeaux - Fleuriste Bergamotte,Ce cache-pot sera du plus bel effet posé sur une table ou une étagère mais n'est pas adapté pour suspendre les plantes. Composition : Rafia Pays de fabrication : Madagascar. Ce cache-pot sera du plus bel effet posé sur une table ou une étagère mais n'est pas adapté pour suspendre les plantes. Composition : Rafia Pays de fabrication : Madagascar,https://www.bergamotte.fr/pots/panier-jaune-d15,Bergamotte,Bergamotte,https://bergamotte.imgix.net/lb7kjs4colqdaefj36d6qs76odqg,in_stock,14.90 EUR,https://www.bergamotte.fr,https://www.bergamotte.fr/terms-and-conditions,true,14,new,Arts et loisirs > Fêtes et soirées > Cadeaux,,5132,,,,,9.90 EUR,true,true,false,,FR,FR
5133,Panier bleu D15 - Accessoires décoration - Idées cadeaux - Fleuriste Bergamotte,Ce cache-pot sera du plus bel effet posé sur une table ou une étagère mais n'est pas adapté pour suspendre les plantes. Composition : Rafia Pays de fabrication : Madagascar. Ce cache-pot sera du plus bel effet posé sur une table ou une étagère mais n'est pas adapté pour suspendre les plantes. Composition : Rafia Pays de fabrication : Madagascar,https://www.bergamotte.fr/pots/panier-bleu-d15,Bergamotte,Bergamotte,https://bergamotte.imgix.net/btv0dcbgkcnnhp3iv9re9sxyy2mv,in_stock,14.90 EUR,https://www.bergamotte.fr,https://www.bergamotte.fr/terms-and-conditions,true,14,new,Arts et loisirs > Fêtes et soirées > Cadeaux,,5133,,,,,9.90 EUR,true,true,false,,FR,FR
5163,Bambou Sacre Feuillage Pourpre - Nandina domestica Obsessed - Livraison Plante 24h France - Idee Cadeau Vegetal,"Bambou sacré Barnabé. Nandina domestica 'Obsessed'. Hauteur : Entre 40 et 50 cm (pot inclus). Nos icônes de la saison. La valeur sûre Comment s’occuper de votre Bambou sacré Barnabé ? Exposition. Ensoleillée. Arrosage. Régulier. Entretien. Résistance au froid. Très rustique. Producteur. Labellisé MPS-A/GAP. Difficulté. Débutant Commandez votre Bambou sacré Barnabé dès aujourd'hui et recevez une plante d'exception, cultivée avec soin et livrée directement chez vous par Bergamotte. Le cadeau parfait pour soi ou pour un proche ! Livraison a domicile en 24h partout en France ou en 3h a Paris, soigneusement emballe Bambou sacre Nandina domestica Obsessed au superbe feuillage pourpre, plante ornementale compacte parfaite pour terrasse et balcon Hauteur entre 40 et 50 cm, plante tres rustique et facile d entretien pour les debutants Exposition ensoleillee et arrosage regulier, ideale pour apporter de la couleur toute l annee Carte message personnalisee offerte, idee cadeau vegetal original pour toutes les occasions",https://www.bergamotte.fr/livraison-jardin/barnabe,Bergamotte,Bergamotte,https://bergamotte.imgix.net/fmnwybcqg7zftnpz1d0lr16g9o09,in_stock,49.90 EUR,https://www.bergamotte.fr,https://www.bergamotte.fr/terms-and-conditions,true,14,new,Maison et jardin > Plantes > Plantes d'extérieur et d'intérieur,"https://bergamotte.imgix.net/vrp2b4aih38dp5pnn2bxlbuupcxf,https://bergamotte.imgix.net/bqpy2l3rxro68d43djq6uzwmpffz,https://bergamotte.imgix.net/dm5a0lbdesv5eu8t6sfv19uhat2c,https://bergamotte.imgix.net/mb5idhglpirkmyp3tb8osh3jcyec",5163,,,,,9.90 EUR,true,true,false,"{""custom_label_4"": ""new""}",FR,FR
5467,Monstera deliciosa - Livraison plantes - Plantes vertes Bergamotte,"Monstera Monica. Monstera deliciosa. Diamètre du pot : 24 cm - Hauteur : Entre 120 et 140 cm (pot inclus) - Chaque plante est unique, sa forme et le nombre de ses feuilles peuvent varier. Green vibes only. Fait pour vous Comment s’occuper de votre Monstera Monica ? Toxicité. Entretien. Arrosage. Régulier. Exposition. Lumineux. Difficulté. Débutant Commandez votre Monstera Monica dès aujourd'hui et recevez une plante d'exception, cultivée avec soin et livrée directement chez vous par Bergamotte. Le cadeau parfait pour soi ou pour un proche !",https://www.bergamotte.fr/livraison-plantes/monica,Bergamotte,Bergamotte,https://bergamotte.imgix.net/efxyl8lsmyzx7c4w48ca26iaik61,in_stock,89.90 EUR,https://www.bergamotte.fr,https://www.bergamotte.fr/terms-and-conditions,true,14,new,Maison et jardin > Plantes > Plantes d'extérieur et d'intérieur,https://bergamotte.imgix.net/0ky97lj41z3qkyhcceha9valo3hx,5467,,,,,9.90 EUR,true,true,false,"{""custom_label_4"": ""profitable""}",FR,FR
5545,Carte mots doux Love - Accessoires décoration - Idées cadeaux - Fleuriste Bergamotte,"Pour accompagner vos surprises végétales, nous vous proposons une carte mots doux, illustrée par Bergamotte. Nous pourrons y glisser votre carte photo personnalisée et le petit mot que vous aurez rédigé (le tout à compléter lors de votre achat). Illustration Bergamotte. Le détail qui fait toute la différence. Notre illustratrice a eu l'idée de créer une carte illustrée, aux couleurs et aux tons Bergamotte. Une petite attention simple à glisser aux côtés de votre cadeau fleuri ou végétal, que votre destinataire pourra garder très longtemps en souvenir !",https://www.bergamotte.fr/livraison-accessoires/carte-mots-doux-love,Bergamotte,Bergamotte,https://bergamotte.imgix.net/fp3uhcl028d980zkju4g9xdz6yhp,in_stock,3.90 EUR,https://www.bergamotte.fr,https://www.bergamotte.fr/terms-and-conditions,true,14,new,Arts et loisirs > Fêtes et soirées > Cadeaux,,5545,,,,,9.90 EUR,true,true,false,,FR,FR
5610,Rosier (Rosa Grande Belami) - Livraison plantes - Plantes vertes Bergamotte,"Rosier Jeanne. Rosier (Rosa Grande Belami). Diamètre du pot : 10,5 cm - Hauteur : Entre 25 et 30 cm (pot inclus). Plaisir d'offrir. Personnalisation possible Comment s’occuper de votre Rosier Jeanne ? Difficulté. Débutant. Producteur. Labellisé MPS-A+/GAP. Floraison. Rose pâle à blanc. Exposition. Lumineux. Arrosage. Régulier. Toxicité. Entretien Commandez votre Rosier Jeanne dès aujourd'hui et recevez une plante d'exception, cultivée avec soin et livrée directement chez vous par Bergamotte. Le cadeau parfait pour soi ou pour un proche !",https://www.bergamotte.fr/livraison-plantes/jeanne,Bergamotte,Bergamotte,https://bergamotte.imgix.net/73rpwex7wjxybhny89vxyve46iuh,in_stock,29.90 EUR,https://www.bergamotte.fr,https://www.bergamotte.fr/terms-and-conditions,true,14,new,Maison et jardin > Plantes > Plantes d'extérieur et d'intérieur,https://bergamotte.imgix.net/5cbg6u1okgkf0sqyleynd460xi8z,5610,,,,,9.90 EUR,true,true,false,"{""custom_label_4"": ""out""}",FR,FR
5771,Olivier Olea europaea - Livraison plantes - Plantes vertes Bergamotte,"Olivier Milo. Olivier Olea europaea. Hauteur : Entre 30 et 40 cm (pot inclus). Petit prix. Jamais trop chaud Comment s’occuper de votre Olivier Milo ? Arrosage. Régulier. Exposition. Ensoleillée. Résistance au froid. Moyenne. Difficulté. Débutant. Mise en garde. Entretien Commandez votre Olivier Milo dès aujourd'hui et recevez une plante d'exception, cultivée avec soin et livrée directement chez vous par Bergamotte. Le cadeau parfait pour soi ou pour un proche !",https://www.bergamotte.fr/livraison-jardin/milo,Bergamotte,Bergamotte,https://bergamotte.imgix.net/naw3xsdjhxp2tz1trkdcykjezt0x,in_stock,39.90 EUR,https://www.bergamotte.fr,https://www.bergamotte.fr/terms-and-conditions,true,14,new,Maison et jardin > Plantes > Plantes d'extérieur et d'intérieur,https://bergamotte.imgix.net/swg9o1sbwo0j2xgjgfvw9pz57y8n,5771,,,,,9.90 EUR,true,true,false,"{""custom_label_4"": ""new""}",FR,FR
5835,Pot en terre cuite D17 - Accessoires décoration - Idées cadeaux - Fleuriste Bergamotte,"Toutes nos plantes d’extérieur et leur pot déco en option sont préalablement rempotées par nos soins dans notre atelier en région parisienne. Chaque pot déco proposé a été spécifiquement sélectionné pour permettre aux racines de se développer sans entrave durant une longue période. Vous n’aurez ainsi pas à vous soucier du rempotage à réception de votre commande. Plus besoin d’avoir la main verte pour bénéficier d’un nouvel espace de verdure, contentez-vous d’en profiter l’esprit libre ! Diamètre : 17 cm Composition : terre cuite. Diamètre : 17 cm Composition : terre cuite",https://www.bergamotte.fr/pots/pot-en-terre-cuite-d17,Bergamotte,Bergamotte,https://bergamotte.imgix.net/f1ponfrwg0cxdr3ve4y2b8qk8345,in_stock,16.90 EUR,https://www.bergamotte.fr,https://www.bergamotte.fr/terms-and-conditions,true,14,new,Arts et loisirs > Fêtes et soirées > Cadeaux,,5835,,,,,9.90 EUR,true,true,false,,FR,FR
5839,Pot en terre cuite D31 - Accessoires décoration - Idées cadeaux - Fleuriste Bergamotte,"Toutes nos plantes d’extérieur et leur pot déco en option sont préalablement rempotées par nos soins dans notre atelier en région parisienne. Chaque pot déco proposé a été spécifiquement sélectionné pour permettre aux racines de se développer sans entrave durant une longue période. Vous n’aurez ainsi pas à vous soucier du rempotage à réception de votre commande. Plus besoin d’avoir la main verte pour bénéficier d’un nouvel espace de verdure, contentez-vous d’en profiter l’esprit libre ! Diamètre : 31 cm Composition : terre cuite. Diamètre : 31 cm Composition : terre cuite",https://www.bergamotte.fr/pots/pot-en-terre-cuite-d31,Bergamotte,Bergamotte,https://bergamotte.imgix.net/z5ot0ka9va7g75xbr5nl6fvkhgb9,in_stock,29.90 EUR,https://www.bergamotte.fr,https://www.bergamotte.fr/terms-and-conditions,true,14,new,Arts et loisirs > Fêtes et soirées > Cadeaux,,5839,,,,,9.90 EUR,true,true,false,,FR,FR
6024,Jardinière tournesol - Accessoires décoration - Idées cadeaux - Fleuriste Bergamotte,"Cette jardinière jaune sera l'occasion pour vous de vous essayer au jardinage. Elle est idéale pour faire pousser un petit potager ou mieux encore, des plantes et fleurs mellifères pour nos butineuses préférées. Jardinière à poser et sa soucoupe clipsée Composition : plastique 100% recyclé et recyclable, résistant aux UV et au gel Dimensions : L49 x l21 x H20 cm Couleur : jaune tournesol Pays de fabrication : France. L'art de jardiner. Potager, plantes fleuries ou encore restaurant de qualité pour les abeilles et autres insectes butineurs... Pour le jardinier qui sommeille en vous, il existe un large choix de bout de nature, à faire pousser ici. Alors à vos pelles, à vos râteaux et surtout, n'oubliez jamais d'écouter votre imagination ou vos envies !",https://www.bergamotte.fr/livraison-jardin/jardiniere-tournesol,Bergamotte,Bergamotte,https://bergamotte.imgix.net/uggvbqw4us87z3xleadlbclan7kn,in_stock,9.90 EUR,https://www.bergamotte.fr,https://www.bergamotte.fr/terms-and-conditions,true,14,new,Arts et loisirs > Fêtes et soirées > Cadeaux,https://bergamotte.imgix.net/k3ws1w882kfzwf8n8vlwo1j6bjt8,6024,,,,,9.90 EUR,true,true,false,,FR,FR
6026,Jardinière en bois - Accessoires décoration - Idées cadeaux - Fleuriste Bergamotte,"Cette jardinière en bois sera l'occasion pour vous de vous essayer au jardinage. Elle est idéale pour faire pousser un petit potager ou mieux encore, des plantes et fleurs mellifères pour nos butineuses préférées. Composition : bois de peuplier/pin et revêtement géotextile Dimensions : 22 x 37,5 x H16 cm Pays de fabrication : France. L'art de jardiner. Potager, plantes fleuries ou encore restaurant de qualité pour les abeilles et autres insectes butineurs... Pour le jardinier qui sommeille en vous, il existe un large choix de bout de nature, à faire pousser ici. Alors à vos pelles, à vos râteaux et surtout, n'oubliez jamais d'écouter votre imagination ou vos envies !",https://www.bergamotte.fr/livraison-jardin/jardiniere-en-bois,Bergamotte,Bergamotte,https://bergamotte.imgix.net/51zn19zhlhns40b7ugc1vd43alvl,in_stock,39.90 EUR,https://www.bergamotte.fr,https://www.bergamotte.fr/terms-and-conditions,true,14,new,Arts et loisirs > Fêtes et soirées > Cadeaux,https://bergamotte.imgix.net/5oal2blnikon42c6dzm1kpddfzt8,6026,,,,,9.90 EUR,true,true,false,,FR,FR
6201,Terreau universel 5L - Soin des plantes - Livraison plantes - Plantes vertes Bergamotte,"Le terreau universel 100 % naturel, est idéal pour faire grandir tout ce qui pousse. Que votre plante soit en pot ou en pleine terre, il contient tous les éléments nutritifs pour l'aider à prendre de la hauteur. Et le petit plus dont on ne peut se passer ? Il est contrôlé et labellisé par Ecocert, une certification qui le garantit utilisable en agriculture Biologique. Terreau Universel garantie sans tourbe, enrichi en compost Clotaire, idéal pour tous les petits travaux de jardinage, il assure un bon encrage des racines, un bon drainage et une bonne rétention en eau. Contenance : 5L Pays de fabrication : France. C'est parce que vos plantes le valent bien, que nous vous proposons un terreau naturellement engagé. Cet élément nutritif produit par notre partenaire Clotaire est respectueux de l'environnement : inutile de fouiller, vous ne trouverez ni tourbe, ni engrais chimiques. Et en plus d'utiliser pour ses produits un emballage entièrement recyclable, Clotaire s'est donné pour mission de participer à la protection des forêts. Soutenir les entreprises qui partagent nos valeurs, c'est l'un des piliers essentiels de notre engagement.",https://www.bergamotte.fr/livraison-plantes/terreau-universel-5l,Bergamotte,Bergamotte,https://bergamotte.imgix.net/sewa4n1ctifag92yv02ofbrrnx0r,in_stock,6.90 EUR,https://www.bergamotte.fr,https://www.bergamotte.fr/terms-and-conditions,true,14,new,Maison et jardin > Pelouses et jardins > Jardinage > Engrais,https://bergamotte.imgix.net/do16v5i42s0ckurz6fdypgse4zxd,6201,,,,,9.90 EUR,true,true,false,,FR,FR
6468,Orchidée (Dendrobium Nobile) - Livraison plantes - Plantes vertes Bergamotte,"Orchidée Alba. Orchidée (Dendrobium Nobile). Diamètre du pot : 12 cm - Hauteur : Entre 40 et 50 cm (pot inclus). Cette orchidée peut être livrée à différents stades de floraison. Facile à vivre. Personnalisation possible Comment s’occuper de votre Orchidée Alba ? Arrosage. Régulier. Floraison. Blanche. Pet-friendly. Producteur. Labellisé MPS-A/GAP/SQ. Entretien. Exposition. Lumineux. Difficulté. Débutant Commandez votre Orchidée Alba dès aujourd'hui et recevez une plante d'exception, cultivée avec soin et livrée directement chez vous par Bergamotte. Le cadeau parfait pour soi ou pour un proche !",https://www.bergamotte.fr/livraison-plantes/alba,Bergamotte,Bergamotte,https://bergamotte.imgix.net/enbuhqrpeopx7e1fikqbvuugjvrw,in_stock,39.90 EUR,https://www.bergamotte.fr,https://www.bergamotte.fr/terms-and-conditions,true,14,new,Maison et jardin > Plantes > Plantes d'extérieur et d'intérieur,https://bergamotte.imgix.net/i1e9juezzqq6tbv0kwnjk9zbnswd,6468,,,,,9.90 EUR,true,true,false,"{""custom_label_4"": ""profitable""}",FR,FR
6599,Chamaerops humilis - Palmier Nain Vert - Livraison Plante 24h France - Idee Cadeau Vegetal,"Palmier Eliott. Chamaerops humilis. Hauteur : Entre 90 et 100 cm (pot inclus). Facile à vivre. Jamais trop chaud Comment s’occuper de votre Palmier Eliott ? Producteur. Labellisé MPS-A+/GAP/SQ. Exposition. Ensoleillée. Arrosage. Régulier. Difficulté. Débutant. Entretien. Résistance au froid. Assez rustique Commandez votre Palmier Eliott dès aujourd'hui et recevez une plante d'exception, cultivée avec soin et livrée directement chez vous par Bergamotte. Le cadeau parfait pour soi ou pour un proche ! Livraison a domicile en 24h partout en France ou en 3h a Paris soigneusement emballe Palmier nain vert rustique; ideal en interieur ou sur terrasse; tres resistant et facile d entretien Hauteur entre 110 et 120 cm pot inclus; expedie depuis nos serres partenaires Emballage protecteur sur mesure avec instructions d entretien incluses pour bien demarrer Carte message personnalisee offerte; idee cadeau vegetal original pour toutes les occasions",https://www.bergamotte.fr/livraison-jardin/eliott,Bergamotte,Bergamotte,https://bergamotte.imgix.net/4uqmh3067ypaiw7rcdetvuimxpsp,in_stock,79.90 EUR,https://www.bergamotte.fr,https://www.bergamotte.fr/terms-and-conditions,true,14,new,Maison et jardin > Plantes > Plantes d'extérieur et d'intérieur,"https://bergamotte.imgix.net/1bk0yflua67r8avnxgbxnfycvedj,https://bergamotte.imgix.net/ootqxctprycv4r3zy0lzvdtjallx,https://bergamotte.imgix.net/sjtlitml30nx3wncquy6gef10pvh,https://bergamotte.imgix.net/0u31uxc6wgsnzhnyrcik7muuc437,https://bergamotte.imgix.net/x1xcgtypx8ef6dhl10snwux7cnar",6599,,,,,9.90 EUR,true,true,false,"{""custom_label_4"": ""new""}",FR,FR
6666,Cache-pot blanc D22 - Accessoires décoration - Idées cadeaux - Fleuriste Bergamotte,Diamètre : 22 cm Hauteur : 20 cm Composition : 100% plastique recyclé et réalisé à 100% à partir d'énergie éolienne. Diamètre : 22 cm Hauteur : 20 cm Composition : 100% plastique recyclé et réalisé à 100% à partir d'énergie éolienne,https://www.bergamotte.fr/pots/cache-pot-blanc-d22,Bergamotte,Bergamotte,https://bergamotte.imgix.net/60ohimip20niv74mr1w60nn7n3ps,in_stock,19.90 EUR,https://www.bergamotte.fr,https://www.bergamotte.fr/terms-and-conditions,true,14,new,Arts et loisirs > Fêtes et soirées > Cadeaux,,6666,,,,,9.90 EUR,true,true,false,,FR,FR
6668,Carte mots doux Happy Birthday - Accessoires décoration - Idées cadeaux - Fleuriste Bergamotte,"Pour accompagner vos surprises végétales, nous vous proposons une carte 'Mots Doux', illustrée par Bergamotte. Nous pourrons y glisser votre carte photo personnalisée et le petit mot que vous aurez rédigé (le tout à compléter lors de votre achat). Carte 'Love', carte 'Merci', carte 'Félicitations', carte 'Happy Birthday' ou carte illustrée sans mot, selon votre message, trouvez celle qui parlera le mieux pour vous !. Illustration Bergamotte. Le détail qui fait toute la différence. Notre illustratrice Louise, a eu l'idée de créer une carte illustrée, aux couleurs et aux tons Bergamotte. Une petite attention simple à glisser aux côtés de votre cadeau fleuri ou végétal, que votre destinataire pourra garder très longtemps en souvenir !",https://www.bergamotte.fr/livraison-accessoires/carte-mots-doux-happy-birthday,Bergamotte,Bergamotte,https://bergamotte.imgix.net/gdnl9igit5js6rwb3noamt7cpvbi,in_stock,3.90 EUR,https://www.bergamotte.fr,https://www.bergamotte.fr/terms-and-conditions,true,14,new,Arts et loisirs > Fêtes et soirées > Cadeaux,https://bergamotte.imgix.net/8y4i75wwfph0bm0mqtqdeu0duofq,6668,,,,,9.90 EUR,true,true,false,,FR,FR
6669,Carte mots doux Félicitations - Accessoires décoration - Idées cadeaux - Fleuriste Bergamotte,"Pour accompagner vos surprises végétales, nous vous proposons une carte 'Mots Doux', illustrée par Bergamotte. Nous pourrons y glisser votre carte photo personnalisée et le petit mot que vous aurez rédigé (le tout à compléter lors de votre achat). Carte 'Love', carte 'Merci', carte 'Félicitations', carte 'Happy Birthday' ou carte illustrée sans mot, selon votre message, trouvez celle qui parlera le mieux pour vous !. Illustration Bergamotte. Le détail qui fait toute la différence. Notre illustratrice Louise, a eu l'idée de créer une carte illustrée, aux couleurs et aux tons Bergamotte. Une petite attention simple à glisser aux côtés de votre cadeau fleuri ou végétal, que votre destinataire pourra garder très longtemps en souvenir !",https://www.bergamotte.fr/livraison-accessoires/felicitations,Bergamotte,Bergamotte,https://bergamotte.imgix.net/ao4riq2aey9wp3fe4kxj0vydk0li,in_stock,3.90 EUR,https://www.bergamotte.fr,https://www.bergamotte.fr/terms-and-conditions,true,14,new,Arts et loisirs > Fêtes et soirées > Cadeaux,https://bergamotte.imgix.net/nrcwca6enbi94ip70k5p0wxumqp7,6669,,,,,9.90 EUR,true,true,false,,FR,FR
6670,Carte mots doux Merci - Accessoires décoration - Idées cadeaux - Fleuriste Bergamotte,"Pour accompagner vos surprises végétales, nous vous proposons une carte 'Mots Doux', illustrée par Bergamotte. Nous pourrons y glisser votre carte photo personnalisée et le petit mot que vous aurez rédigé (le tout à compléter lors de votre achat). Carte 'Love', carte 'Merci', carte 'Félicitations', carte 'Happy Birthday' ou carte illustrée sans mot, selon votre message, trouvez celle qui parlera le mieux pour vous !. Illustration Bergamotte. Le détail qui fait toute la différence. Notre illustratrice Louise, a eu l'idée de créer une carte illustrée, aux couleurs et aux tons Bergamotte. Une petite attention simple à glisser aux côtés de votre cadeau fleuri ou végétal, que votre destinataire pourra garder très longtemps en souvenir !",https://www.bergamotte.fr/livraison-accessoires/merci,Bergamotte,Bergamotte,https://bergamotte.imgix.net/s0f82ijfqn3afcypph7dfozpktz3,in_stock,3.90 EUR,https://www.bergamotte.fr,https://www.bergamotte.fr/terms-and-conditions,true,14,new,Arts et loisirs > Fêtes et soirées > Cadeaux,https://bergamotte.imgix.net/7hfnuara91ivdwf04jj0xoqhhogc,6670,,,,,9.90 EUR,true,true,false,,FR,FR
6697,Pot terre cuite - Accessoires décoration - Idées cadeaux - Fleuriste Bergamotte,"Donner à son chez soi, un style intemporel, c'est tout un art ! Ce pot en terre cuite blanchie, n'a pas seulement un design original... Son parfum de méditerranée et sa couleur terracotta, se mêlent harmonieusement pour une durée indéterminée, au naturel de vos plantes. Diamètre : 13 cm Composition : Terre cuite Ce pot est vendu avec sa soucoupe en terre cuite. Adoptez l'ambiance méditerranéenne... Ce pot au look intemporel, venu d'ailleurs, apportera un certain ""je ne sais quoi"" à votre cocon, qui fera décoller tous vos visiteurs (et vous aussi bien évidemment). Voyager depuis votre petit chez vous, c'est naturellement possible.",https://www.bergamotte.fr/livraison-jardin/pot-terre-cuite,Bergamotte,Bergamotte,https://bergamotte.imgix.net/o08pjp90ab4kierlvn3mo84ou081,in_stock,9.90 EUR,https://www.bergamotte.fr,https://www.bergamotte.fr/terms-and-conditions,true,14,new,Arts et loisirs > Fêtes et soirées > Cadeaux,https://bergamotte.imgix.net/z68dmtuup2hyjvoqu53us9xr36wh,6697,,,,,9.90 EUR,true,true,false,,FR,FR
6797,Calamondin (Oranger d'appartement) - Livraison plantes - Plantes vertes Bergamotte,"Calamondin Paolo. Calamondin (Oranger d'appartement). Diamètre du pot : 21 cm - Hauteur : Entre 60 et 70 cm (pot inclus) - Chaque plante est unique : sa forme, sa hauteur, la taille de sa tige, le nombre de fleurs ou de fruits peuvent varier. Selon la saison, la plante peut être livrée avec des fruits verts ou orange. À ne surtout pas manquer. Nos icônes de la saison Comment s’occuper de votre Calamondin Paolo ? Producteur. Difficulté. Intermédiaire. Arrosage. Fréquent. Exposition. Lumineux. Entretien. Toxicité Commandez votre Calamondin Paolo dès aujourd'hui et recevez une plante d'exception, cultivée avec soin et livrée directement chez vous par Bergamotte. Le cadeau parfait pour soi ou pour un proche !",https://www.bergamotte.fr/livraison-plantes/paolo,Bergamotte,Bergamotte,https://bergamotte.imgix.net/uxsiix7ka4kvqvpa58yculxhx8sg,in_stock,79.90 EUR,https://www.bergamotte.fr,https://www.bergamotte.fr/terms-and-conditions,true,14,new,Maison et jardin > Plantes > Plantes d'extérieur et d'intérieur,https://bergamotte.imgix.net/ld27b9hrsu5ta7llfm1lf8mf05na,6797,,,,,9.90 EUR,true,true,false,"{""custom_label_4"": ""costly""}",FR,FR
7845,Strelitzia nicolai (Oiseau du Paradis blanc) L - Livraison plantes - Plantes vertes Bergamotte,"Strelitzia Stanislas. Strelitzia nicolai (Oiseau du Paradis blanc). Diamètre du pot : 36cm - Hauteur : Entre 1 mètre 60 et 2 mètres (pot inclus) - Le pot contient 8 pieds de Strelitzia. Voyage sous les tropiques. Green vibes only Comment s’occuper de votre Strelitzia Stanislas ? Entretien. Difficulté. Débutant. Arrosage. Fréquent. Exposition. Lumineux. Toxicité Commandez votre Strelitzia Stanislas dès aujourd'hui et recevez une plante d'exception, cultivée avec soin et livrée directement chez vous par Bergamotte. Le cadeau parfait pour soi ou pour un proche !",https://www.bergamotte.fr/livraison-plantes/stanislas,Bergamotte,Bergamotte,https://bergamotte.imgix.net/0o6u12ntwwlgyexuxm2qixggx45x,in_stock,169.90 EUR,https://www.bergamotte.fr,https://www.bergamotte.fr/terms-and-conditions,true,14,new,Maison et jardin > Plantes > Plantes d'extérieur et d'intérieur,https://bergamotte.imgix.net/u2xywljisivvahl5xvhg8dle107r,7845,,,,,0.00 EUR,true,true,false,"{""custom_label_4"": ""out""}",FR,FR
7879,Ficus 'Moclame' - Livraison plantes - Plantes vertes Bergamotte,"Ficus Félicie. Ficus 'Moclame'. Diamètre du pot : 27 cm - Hauteur : Entre 130 et 150 cm (pot inclus). Facile à vivre. Fait pour vous Comment s’occuper de votre Ficus Félicie ? Entretien. Toxicité. Difficulté. Débutant. Exposition. Lumineux. Arrosage. Modéré. Producteur. Labellisé MPS-A+/GAP Commandez votre Ficus Félicie dès aujourd'hui et recevez une plante d'exception, cultivée avec soin et livrée directement chez vous par Bergamotte. Le cadeau parfait pour soi ou pour un proche !",https://www.bergamotte.fr/livraison-plantes/felicie,Bergamotte,Bergamotte,https://bergamotte.imgix.net/fgbt4x3yoban8oe83ynucv13x6f4,in_stock,99.90 EUR,https://www.bergamotte.fr,https://www.bergamotte.fr/terms-and-conditions,true,14,new,Maison et jardin > Plantes > Plantes d'extérieur et d'intérieur,https://bergamotte.imgix.net/y7rlyzfbv8fdk1xhsyjc3d5k41ww,7879,,,,,9.90 EUR,true,true,false,"{""custom_label_4"": ""out""}",FR,FR
8093,Bouquet Antalya M - Livraison fleurs séchées - Fleuriste en ligne Bergamotte,"Faites entrer un air d'évasion et de poésie bohème dans votre intérieur avec ces fleurs séchées. Une création artisanale tout en texture, conçue pour durer et embellir votre quotidien sans le moindre effort. Pourquoi vous allez adorer votre Bouquet Antalya M : - Décoration Durable, Zéro Entretien : Oubliez l'arrosage ! ces fleurs séchées conservent leur beauté et leurs couleurs des mois, voire des années. Un simple dépoussiérage occasionnel suffit. - Style Bohème Tendance : Parfait pour ajouter une touche chaleureuse, naturelle et texturée à un salon, une chambre ou un bureau. Il s'intègre à merveille dans tous les décors. Livraison express et services sur-mesure : - Livraison de fleurs en 24h dans toute la France et en 3h à Paris. - Carte message offerte pour accompagner vos fleurs séchées. - Emballage soigné et conçu pour le transport. Caractéristique : Diamètre 30 cm Hauteur 50 cm Le Cadeau Parfait qui Dure : C'est le cadeau idéal pour une pendaison de crémaillère, un anniversaire ou simplement pour offrir une attention qui ne se fane pas. Une touche de nature intemporelle qui plaira à coup sûr. Commandez votre Bouquet Antalya M pour une touche de nature éternelle dans votre maison. Une création artisanale Bergamotte, livrée avec soin partout en France.",https://www.bergamotte.fr/livraison-fleurs-sechees/bouquet-antalya-m,Bergamotte,Bergamotte,https://bergamotte.imgix.net/f8jtorf5mkv9jqai8vx5ou79us9s,in_stock,54.90 EUR,https://www.bergamotte.fr,https://www.bergamotte.fr/terms-and-conditions,true,14,new,Maison et jardin > Décorations > Fleurs séchées,https://bergamotte.imgix.net/koui2ti7vr9pghh1hljxg8ik5sxe,8093,,,,,9.90 EUR,true,true,false,"{""custom_label_4"": ""costly""}",FR,FR
8154,Bouquet de Roses Coloma M - 12 roses - Livraison Fleurs a Domicile 3h Paris & 24h France - Fleurs Fraiches de Saison - Amour,"Ce bouquet de fleurs se compose d'une harmonie de fleurs de saison rigoureusement sélectionnées pour leur fraîcheur et leur beauté : Rose, Eucalyptus. 12 roses + eucalyptus / Hauteur 45 cm. La valeur sûre. Carte message offerte. Emballage sur mesure Le cadeau idéal en toute occasion : Parfait pour un anniversaire, un remerciement, ou simplement pour le plaisir d'offrir, le Bouquet de roses Coloma saura transmettre vos plus belles émotions. Il est disponible en plusieurs tailles pour s'adapter à tous les budgets et à toutes les envies. Qualité et fraîcheur garanties : - Fleurs de saison : cueillies en direct des meilleurs producteurs. - Circuit court : pour une fraîcheur et une longévité maximales. - Préparé à la commande : nos artisans fleuristes confectionnent votre bouquet avec soin dans notre atelier parisien. Livraison express et services sur-mesure : - Livraison de fleurs en 24h dans toute la France et en 3h à Paris. - Carte message offerte pour accompagner votre bouquet. - Emballage soigné et conçu pour le transport. Offrez plus qu'un simple bouquet, offrez une expérience florale inoubliable avec le Bouquet de roses Coloma de Bergamotte. Commandez en ligne pour une livraison de fleurs à domicile rapide et soignée. Livraison express fleurs a domicile : en 3h a Paris et le lendemain partout en France avant 13h Fleurs fraiches de saison selectionnees selon les arrivages du marche par nos fleuristes Bouquet de 12 roses Coloma et eucalyptus : tons roses pastel pour celebrer l amour et toutes les occasions Emballage premium sur mesure avec poche d eau offerte pour preserver vos fleurs pendant la livraison Carte message personnalisee offerte et emballage cadeau soigne pour toutes vos occasions speciales",https://www.bergamotte.fr/livraison-fleurs/bouquet-de-roses-coloma,Bergamotte,Bergamotte,https://bergamotte.imgix.net/4rta5tekcy77jn4oh2ncfigzo2ak,in_stock,47.90 EUR,https://www.bergamotte.fr,https://www.bergamotte.fr/terms-and-conditions,true,14,new,Arts et loisirs > Fêtes et soirées > Cadeaux > Fleurs coupées fraîches,"https://bergamotte.imgix.net/pq15yo58mum4fg7gez5tt2kqggif,https://bergamotte.imgix.net/af44soaudy9kc3amqmjd11npgrfo,https://bergamotte.imgix.net/8tpoevrii31vacv2h2rezcxc0ysv,https://bergamotte.imgix.net/d51y9vq69xlwo90sd0dlj20h2cvk,https://bergamotte.imgix.net/mscf7fh4pl49st3b21qvgjwu8ymf",8154,,3193,true,"{""Taille du bouquet"": ""M (12 roses)""}",9.90 EUR,true,true,false,"{""custom_label_4"": ""new""}",FR,FR
8191,Bougie Fleur d'oranger - Accessoires décoration - Idées cadeaux - Fleuriste Bergamotte,"Bougie en cire végétale munie d'un couvercle en liège et accompagnée d'une pochette en lin. Marque : Saugette Assemblage olfactif : Fleur d'Oranger Contenance : 100g - 24h de combustion Dimensions : hauteur 6 cm, diamètre 6,5 cm Fabriquée en France Coulée à la main Cire de soja végétale sans OGM Fragrance de Grasse sans CMR ni phtalates Mèche en coton sans plomb Contenant recyclable",https://www.bergamotte.fr/livraison-accessoires/bougie-fleur-d-oranger,Bergamotte,Bergamotte,https://bergamotte.imgix.net/f5ppzdnv3hjo2j0hn2v05psowqb3,in_stock,19.90 EUR,https://www.bergamotte.fr,https://www.bergamotte.fr/terms-and-conditions,true,14,new,Arts et loisirs > Fêtes et soirées > Cadeaux,https://bergamotte.imgix.net/74om0p7o1id1l2bgi53pnfehtdeq,8191,,,,,9.90 EUR,true,true,false,,FR,FR
8192,Bouquet de lys Valbonne S - Livraison fleurs - Fleuriste en ligne Bergamotte,"Ce bouquet de fleurs se compose d'une harmonie de fleurs de saison rigoureusement sélectionnées pour leur fraîcheur et leur beauté : Eucalyptus cinerea, Lys. 5 tiges de lys odorants, eucalyptus, hauteur de 60 cm. Nous vous conseillons d'enlever les étamines des lys (non visibles sur les photos) pour éviter les tâches. L’ouverture des lys peut prendre 2 à 5 jours après réception. Carte message offerte. Emballage sur mesure. Fleurs odorantes Le cadeau idéal en toute occasion : Parfait pour un anniversaire, un remerciement, ou simplement pour le plaisir d'offrir, le Bouquet de lys Valbonne saura transmettre vos plus belles émotions. Il est disponible en plusieurs tailles pour s'adapter à tous les budgets et à toutes les envies. Qualité et fraîcheur garanties : - Fleurs de saison : cueillies en direct des meilleurs producteurs. - Circuit court : pour une fraîcheur et une longévité maximales. - Préparé à la commande : nos artisans fleuristes confectionnent votre bouquet avec soin dans notre atelier parisien. Livraison express et services sur-mesure : - Livraison de fleurs en 24h dans toute la France et en 3h à Paris. - Carte message offerte pour accompagner votre bouquet. - Emballage soigné et conçu pour le transport. Offrez plus qu'un simple bouquet, offrez une expérience florale inoubliable avec le Bouquet de lys Valbonne de Bergamotte. Commandez en ligne pour une livraison de fleurs à domicile rapide et soignée.",https://www.bergamotte.fr/livraison-fleurs/bouquet-de-lys-valbonne/v/bouquet-de-lys-valbonne-s,Bergamotte,Bergamotte,https://bergamotte.imgix.net/16e09yqrl5unebvi5lk60wy40lhi,in_stock,37.90 EUR,https://www.bergamotte.fr,https://www.bergamotte.fr/terms-and-conditions,true,14,new,Arts et loisirs > Fêtes et soirées > Cadeaux > Fleurs coupées fraîches,https://bergamotte.imgix.net/5ogpccn22ueuwbjm597f9h7ob40j,8192,,3204,true,"{""Taille du bouquet"": ""S""}",9.90 EUR,true,true,false,"{""custom_label_4"": ""out""}",FR,FR
8240,Doudou Petit Bateau Cœurs - Accessoires décoration - Idées cadeaux - Fleuriste Bergamotte,"Très souple et moelleux, ce doudou avec ses longues oreilles et ses nœuds aux extrémités est facile à attraper pour les petites mains de bébé. Matière : -Extérieur du doudou : 100% Coton issu de l'agriculture biologique, garanti sans OGM. -Ouatine : 100% Polyester Produit labellisé standard 100 by OEKO-TEX ®, CQ 746/3, IFTH, garantissant le respect de la peau Entretien : Température maximale 40 °C, essorage normal, pas de blanchiment, pas de séchage en tambour, pas de repassage, pas de nettoyage à sec",https://www.bergamotte.fr/livraison-accessoires/doudou-petit-bateau-coeurs,Bergamotte,Bergamotte,https://bergamotte.imgix.net/wonv1kdc3v9d24el17bvtuiyxefq,in_stock,16.90 EUR,https://www.bergamotte.fr,https://www.bergamotte.fr/terms-and-conditions,true,14,new,Arts et loisirs > Fêtes et soirées > Cadeaux,https://bergamotte.imgix.net/uvoyznwwfurqcfc6kf2g7t5dffar,8240,,,,,9.90 EUR,true,true,false,,FR,FR
8256,Erable du Japon - Acer palmatum Orange Dream - Livraison Plante 24h France - Idee Cadeau Vegetal,"Érable du Japon Hana. Erable du Japon (Acer palmatum 'Orange Dream'). Hauteur : Entre 65 et 75 cm (pot inclus) - NB : la taille, le nombre et la couleur des feuilles varient au fil des saisons. La bonne idée cadeau. On est mieux à l'ombre Comment s’occuper de votre Érable du Japon Hana ? Entretien. Arrosage. Régulier. Résistance au froid. Très rustique. Exposition. Semi-ombragée. Difficulté. Débutant. Producteur. Labellisé MPS-A/GAP Commandez votre Érable du Japon Hana dès aujourd'hui et recevez une plante d'exception, cultivée avec soin et livrée directement chez vous par Bergamotte. Le cadeau parfait pour soi ou pour un proche ! Livraison a domicile en 24h partout en France ou en 3h a Paris, soigneusement emballe Erable du Japon Orange Dream au feuillage orange eclatant, parfait pour apporter une touche coloree a votre jardin ou balcon Hauteur entre 65 et 75 cm, plante tres rustique resistant jusqu a -15C, ideal pour les debutants Exposition semi-ombragee et arrosage regulier, entretien facile pour les jardiniers de tous niveaux Carte message personnalisee offerte, idee cadeau vegetal original pour toutes les occasions",https://www.bergamotte.fr/livraison-jardin/hana-acer,Bergamotte,Bergamotte,https://bergamotte.imgix.net/hef5gs52rnk42yix53wujipkku4h,in_stock,49.90 EUR,https://www.bergamotte.fr,https://www.bergamotte.fr/terms-and-conditions,true,14,new,Maison et jardin > Plantes > Plantes d'extérieur et d'intérieur,"https://bergamotte.imgix.net/87f8gy9nsbttdvt7j9my02zhumu3,https://bergamotte.imgix.net/1w9f62p4lp8kvasbrylnrckvrzr7,https://bergamotte.imgix.net/0exj8pio7aw3t74bfdsejdchyb5x,https://bergamotte.imgix.net/uujk07w1uj02t58l3ph7ulo9f46f",8256,,,,,9.90 EUR,true,true,false,"{""custom_label_4"": ""costly""}",FR,FR
8266,Bouquet Santorin M - Livraison fleurs - Fleuriste en ligne Bergamotte,"Ce bouquet de fleurs se compose d'une harmonie de fleurs de saison rigoureusement sélectionnées pour leur fraîcheur et leur beauté : Lisianthus, Gypsophile, Eucalyptus cinerea, Lys, Santini, Chrysantheme. Diamètre 35 cm (lys fermés) Hauteur 45 cm. Carte message offerte. Emballage sur mesure. Avec des fleurs françaises Le cadeau idéal en toute occasion : Parfait pour un anniversaire, un remerciement, ou simplement pour le plaisir d'offrir, le Bouquet Santorin saura transmettre vos plus belles émotions. Il est disponible en plusieurs tailles pour s'adapter à tous les budgets et à toutes les envies. Qualité et fraîcheur garanties : - Fleurs de saison : cueillies en direct des meilleurs producteurs. - Circuit court : pour une fraîcheur et une longévité maximales. - Préparé à la commande : nos artisans fleuristes confectionnent votre bouquet avec soin dans notre atelier parisien. Livraison express et services sur-mesure : - Livraison de fleurs en 24h dans toute la France et en 3h à Paris. - Carte message offerte pour accompagner votre bouquet. - Emballage soigné et conçu pour le transport. Offrez plus qu'un simple bouquet, offrez une expérience florale inoubliable avec le Bouquet Santorin de Bergamotte. Commandez en ligne pour une livraison de fleurs à domicile rapide et soignée.",https://www.bergamotte.fr/livraison-fleurs/santorin,Bergamotte,Bergamotte,https://bergamotte.imgix.net/urwcmt63jhi1mp3wasgqgwv6s47i,in_stock,47.90 EUR,https://www.bergamotte.fr,https://www.bergamotte.fr/terms-and-conditions,true,14,new,Arts et loisirs > Fêtes et soirées > Cadeaux > Fleurs coupées fraîches,https://bergamotte.imgix.net/mccwcd3ikjkgybdyabubzglmsu75,8266,,3216,true,"{""Taille du bouquet"": ""M""}",9.90 EUR,true,true,false,"{""custom_label_4"": ""profitable""}",FR,FR
8267,Bouquet de Fleurs Santorin L - Livraison Fleurs a Domicile 3h Paris & 24h France - Fleurs Fraiches de Saison - Lys blancs,"Ce bouquet de fleurs se compose d'une harmonie de fleurs de saison rigoureusement sélectionnées pour leur fraîcheur et leur beauté : Lisianthus, Gypsophile, Eucalyptus cinerea, Lys, Santini, Chrysantheme. Diamètre 52 cm (lys fermés) Hauteur 50 cm. Carte message offerte. Emballage sur mesure. Avec des fleurs françaises Le cadeau idéal en toute occasion : Parfait pour un anniversaire, un remerciement, ou simplement pour le plaisir d'offrir, le Bouquet Santorin saura transmettre vos plus belles émotions. Il est disponible en plusieurs tailles pour s'adapter à tous les budgets et à toutes les envies. Qualité et fraîcheur garanties : - Fleurs de saison : cueillies en direct des meilleurs producteurs. - Circuit court : pour une fraîcheur et une longévité maximales. - Préparé à la commande : nos artisans fleuristes confectionnent votre bouquet avec soin dans notre atelier parisien. Livraison express et services sur-mesure : - Livraison de fleurs en 24h dans toute la France et en 3h à Paris. - Carte message offerte pour accompagner votre bouquet. - Emballage soigné et conçu pour le transport. Offrez plus qu'un simple bouquet, offrez une expérience florale inoubliable avec le Bouquet Santorin de Bergamotte. Commandez en ligne pour une livraison de fleurs à domicile rapide et soignée.",https://www.bergamotte.fr/livraison-fleurs/santorin/v/bouquet-santorin-l,Bergamotte,Bergamotte,https://bergamotte.imgix.net/etbfst85bvyh31vpzoia7vf27qju,in_stock,79.90 EUR,https://www.bergamotte.fr,https://www.bergamotte.fr/terms-and-conditions,true,14,new,Arts et loisirs > Fêtes et soirées > Cadeaux > Fleurs coupées fraîches,"https://bergamotte.imgix.net/w05le3iag9qwnt5wmq31bsuwkdog,https://bergamotte.imgix.net/qqaozgi68xo5if8oui3085o69ikz,https://bergamotte.imgix.net/vppbw43blh1mcxf1zqydhgofq1rz,https://bergamotte.imgix.net/zhmmpkeokxhsgttkrqinmgidkf1e,https://bergamotte.imgix.net/mccwcd3ikjkgybdyabubzglmsu75",8267,,3216,true,"{""Taille du bouquet"": ""L""}",9.90 EUR,true,true,false,"{""custom_label_4"": ""new""}",FR,FR
8459,Vase Ceramique Grenen - Beige - H22cm - Adapte Bouquets XL - Livraison 24h - Idee Cadeau Deco,"Le vase Grenen est fabriqué à la main et son ouverture plus étroite donnera davantage de volume à votre bouquet. La finition naturelle de la céramique laissera ressortir les couleurs de vos fleurs. Hauteur : 22 cm Largeur : 12,7 cm / 21 cm. Le vase Grenen est fabriqué à la main et son ouverture plus étroite donnera davantage de volume à votre bouquet. La finition naturelle de la céramique laissera ressortir les couleurs de vos fleurs. Hauteur : 22 cm Largeur : 12,7 cm / 21 cm Livraison a domicile en 24h partout en France ou en 3h a Paris et soigneusement emballe Adapte aux bouquets XL - fabrique a la main - ouverture etroite pour donner du volume au bouquet Dimensions : hauteur = 22 cm x largeur = 12.7 / 21 cm - Matiere : Ceramique - Couleur : Naturel Entretien facile : Nettoyage delicat - ceramique artisanale Vase decoratif design vendu seul ou en pack avec votre bouquet bergamotte - Cadeau ideal",https://www.bergamotte.fr/vases/vase-grenen,Bergamotte,Bergamotte,https://bergamotte.imgix.net/9g26g8pzzwpz611bxdzq5yndi6tr,in_stock,32.90 EUR,https://www.bergamotte.fr,https://www.bergamotte.fr/terms-and-conditions,true,14,new,Arts et loisirs > Fêtes et soirées > Cadeaux,"https://bergamotte.imgix.net/ypvt9yffepbwo7ed0s6efjczrs8e,https://bergamotte.imgix.net/0vymj3mdzx797t0tuf9fn1li05ps,https://bergamotte.imgix.net/1r7hzs4z2vuxu62evz4mcbz5haib,https://bergamotte.imgix.net/4lv3dk8ls4d4dwf0sp17fdfas4lm,https://bergamotte.imgix.net/ryz9t2nwrqhdd9lthmdjxvbgiq29",8459,,,,,9.90 EUR,true,true,false,,FR,FR
8544,Bouquet de Roses Coloma XL - 30 roses - Livraison Fleurs a Domicile 3h Paris & 24h France - Fleurs Fraiches de Saison - Amour,"Ce bouquet de fleurs se compose d'une harmonie de fleurs de saison rigoureusement sélectionnées pour leur fraîcheur et leur beauté : Rose, Eucalyptus. 30 grosses roses + feuillage / Hauteur 50 cm. La valeur sûre. Carte message offerte. Emballage sur mesure Le cadeau idéal en toute occasion : Parfait pour un anniversaire, un remerciement, ou simplement pour le plaisir d'offrir, le Bouquet de roses Coloma saura transmettre vos plus belles émotions. Il est disponible en plusieurs tailles pour s'adapter à tous les budgets et à toutes les envies. Qualité et fraîcheur garanties : - Fleurs de saison : cueillies en direct des meilleurs producteurs. - Circuit court : pour une fraîcheur et une longévité maximales. - Préparé à la commande : nos artisans fleuristes confectionnent votre bouquet avec soin dans notre atelier parisien. Livraison express et services sur-mesure : - Livraison de fleurs en 24h dans toute la France et en 3h à Paris. - Carte message offerte pour accompagner votre bouquet. - Emballage soigné et conçu pour le transport. Offrez plus qu'un simple bouquet, offrez une expérience florale inoubliable avec le Bouquet de roses Coloma de Bergamotte. Commandez en ligne pour une livraison de fleurs à domicile rapide et soignée. Livraison express fleurs a domicile : en 3h a Paris et le lendemain partout en France avant 13h Fleurs fraiches de saison selectionnees selon les arrivages du marche par nos fleuristes Bouquet d exception de 30 roses Coloma pastel : composition spectaculaire pour vos plus belles occasions Emballage premium sur mesure avec poche d eau offerte pour preserver vos fleurs pendant la livraison Carte message personnalisee offerte et emballage cadeau soigne pour toutes vos occasions speciales",https://www.bergamotte.fr/livraison-fleurs/bouquet-de-roses-coloma/v/bouquet-roses-coloma-xl,Bergamotte,Bergamotte,https://bergamotte.imgix.net/6tcplchbbr8fhatp4s44r1wkipa2,in_stock,119.90 EUR,https://www.bergamotte.fr,https://www.bergamotte.fr/terms-and-conditions,true,14,new,Arts et loisirs > Fêtes et soirées > Cadeaux > Fleurs coupées fraîches,"https://bergamotte.imgix.net/wxxge7f0l41agpqj81oxtbgr2yip,https://bergamotte.imgix.net/af44soaudy9kc3amqmjd11npgrfo,https://bergamotte.imgix.net/m8jd38ecazzk8qr165m1tpcmq0a6,https://bergamotte.imgix.net/8tpoevrii31vacv2h2rezcxc0ysv,https://bergamotte.imgix.net/mscf7fh4pl49st3b21qvgjwu8ymf",8544,,3193,true,"{""Taille du bouquet"": ""XL (30 roses)""}",0.00 EUR,true,true,false,"{""custom_label_4"": ""new""}",FR,FR
8554,Sablés au caramel - Idées cadeaux gourmandes - Fleuriste Bergamotte,"Maison Toussaint est une entreprise familiale dont l'histoire a commencé en 1996 en Bourgogne. Véritable amoureux du goût, leurs sablés sont créés artisanalement en France, à partir d'ingrédients sélectionnés avec la plus grande attention. Sablés au chocolat blanc caramélisé Ingrédients : Farine de froment, sucre, beurre, jaunes d’œufs, chocolat blanc 9,5% (32% de cacao - beurre de cacao, sucre, lait écrémé en poudre, lactosérum, beurre, lécithine de soja, extrait naturel de vanille), sel de Vendée, poudre à lever (bicarbonate de soude). Allergènes : mentionnés en gras. Traces éventuelles : graines de sésame et fruits à coque.Conservation : À consommer de préférence avant la date indiquée sur l'emballage. Conserver dans un endroit frais et sec.Valeurs nutritionnelles moyennes pour 100g : Énergie : 447,8 kcal / 1874 kJ | Matières grasses : 22,2 g (dont acides gras saturés : 13,5 g) | Glucides : 55,4 g (dont sucres : 28,9 g) | Protéines : 6,7 g | Sel : 0,45 g. (Poids net : 160 g - Prix/kg : 61,88 €)",https://www.bergamotte.fr/livraison-accessoires/sables-au-caramel,Bergamotte,Bergamotte,https://bergamotte.imgix.net/x5vktwsv7yes2u0zsso2a99hevnw,in_stock,9.90 EUR,https://www.bergamotte.fr,https://www.bergamotte.fr/terms-and-conditions,true,14,new,"Alimentation, boissons et tabac",https://bergamotte.imgix.net/xr5jc7x2wjx11rgglla6wmx6iv9y,8554,,,,,9.90 EUR,true,true,false,,FR,FR
8563,Cache-pot neutre D12 - Accessoires décoration - Idées cadeaux - Fleuriste Bergamotte,"Diamètre : 13,5 cm Hauteur : 12,5 cm Composition : Céramique. Diamètre : 13,5 cm Hauteur : 12,5 cm Composition : Céramique",https://www.bergamotte.fr/pots/cache-pot-neutre-d12,Bergamotte,Bergamotte,https://bergamotte.imgix.net/nt56avod6rtrqzsj9h66pmcx1yeq,in_stock,9.90 EUR,https://www.bergamotte.fr,https://www.bergamotte.fr/terms-and-conditions,true,14,new,Arts et loisirs > Fêtes et soirées > Cadeaux,,8563,,,,,9.90 EUR,true,true,false,,FR,FR
8607,Petit arrosoir - Accessoires de jardinage - Livraison plantes - Plantes vertes Bergamotte,"Compact et élégant, cet arrosoir est parfaitement adapté pour arroser vos plantes d'intérieur !. Dimensions : H 18 cm x D 13 cm x L 38 cm (Contenance : 900 ml) Composition : Acier inoxydable. Prendre soin de votre famille végétale n'aura jamais été aussi simple, grâce à ce petit arrosoir ! Avec sa contenance adapté, il est parfait pour vos petites et grandes plantes d'intérieur.",https://www.bergamotte.fr/livraison-plantes/petit-arrosoir,Bergamotte,Bergamotte,https://bergamotte.imgix.net/qh1qid65envyauy9vv4zg5t4ka51,in_stock,29.90 EUR,https://www.bergamotte.fr,https://www.bergamotte.fr/terms-and-conditions,true,14,new,Maison et jardin > Pelouses et jardins > Jardinage > Outils de jardinage,https://bergamotte.imgix.net/tr6re2asgh4u9zn6ao1w7fdvoun7,8607,,,,,9.90 EUR,true,true,false,,FR,FR
8608,Miel de Fleurs d'été - Idées cadeaux gourmandes - Fleuriste Bergamotte,"Le miel de fleurs d’été, aussi connu sous le nom de miel toutes fleurs, est un miel de couleur jaune vif, au goût et aux arômes floraux. Les abeilles butinent les fleurs d'été situées dans le Cher, dont le tournesol.C’est un miel particulièrement apprécié des plus jeunes, il est sucré et doux. Sa texture plus solide est idéale pour cuisiner et sucrer vos divers gâteaux et desserts. Miel de fleurs Poids net : 125g (55.20€ / kg) Origine : France Marque : Le Rucher des Brosses À conserver à l'abri de la chaleur et de l'humidité",https://www.bergamotte.fr/nouveautes/miel-fleurs-ete,Bergamotte,Bergamotte,https://bergamotte.imgix.net/0jt4xrf77vl4dbjr2mdeopkgcyik,in_stock,6.90 EUR,https://www.bergamotte.fr,https://www.bergamotte.fr/terms-and-conditions,true,14,new,"Alimentation, boissons et tabac",,8608,,,,,9.90 EUR,true,true,false,,FR,FR
8618,Cache-pot naturel D18 - Accessoires décoration - Idées cadeaux - Fleuriste Bergamotte,Composition : Jute végétal / roseau Cache-pot muni d'un revêtement étanche. Composition : Jute végétal / roseau,https://www.bergamotte.fr/pots/cache-pot-naturel-d18,Bergamotte,Bergamotte,https://bergamotte.imgix.net/cqtm96jn644fnsl3shy7g51n7xbp,in_stock,19.90 EUR,https://www.bergamotte.fr,https://www.bergamotte.fr/terms-and-conditions,true,14,new,Arts et loisirs > Fêtes et soirées > Cadeaux,,8618,,,,,9.90 EUR,true,true,false,,FR,FR
8645,Bouquet de Fleurs Lago di Como S - Livraison Fleurs a Domicile 3h Paris & 24h France - Fleurs Fraiches de Saison - Tons Pastel & Roses,"Ce bouquet de fleurs se compose d'une harmonie de fleurs de saison rigoureusement sélectionnées pour leur fraîcheur et leur beauté : Gypsophile, Eucalyptus, Chrysantheme, Chrysantheme, Rose, Lisianthus, Lisianthus. Diamètre 27 cm Hauteur 45 cm. Carte message offerte. Emballage sur mesure. Avec des fleurs françaises Le cadeau idéal en toute occasion : Parfait pour un anniversaire, un remerciement, ou simplement pour le plaisir d'offrir, le Bouquet Lago di Como saura transmettre vos plus belles émotions. Il est disponible en plusieurs tailles pour s'adapter à tous les budgets et à toutes les envies. Qualité et fraîcheur garanties : - Fleurs de saison : cueillies en direct des meilleurs producteurs. - Circuit court : pour une fraîcheur et une longévité maximales. - Préparé à la commande : nos artisans fleuristes confectionnent votre bouquet avec soin dans notre atelier parisien. Livraison express et services sur-mesure : - Livraison de fleurs en 24h dans toute la France et en 3h à Paris. - Carte message offerte pour accompagner votre bouquet. - Emballage soigné et conçu pour le transport. Offrez plus qu'un simple bouquet, offrez une expérience florale inoubliable avec le Bouquet Lago di Como de Bergamotte. Commandez en ligne pour une livraison de fleurs à domicile rapide et soignée.",https://www.bergamotte.fr/livraison-fleurs/lago-di-como/v/bouquet-rose-lago-di-como-s,Bergamotte,Bergamotte,https://bergamotte.imgix.net/0v18jo8t6izmr1o7ygv3ji36wtq5,in_stock,29.90 EUR,https://www.bergamotte.fr,https://www.bergamotte.fr/terms-and-conditions,true,14,new,Arts et loisirs > Fêtes et soirées > Cadeaux > Fleurs coupées fraîches,"https://bergamotte.imgix.net/fvctofkkvknfu62s62rk65bn98fs,https://bergamotte.imgix.net/pwb4oj70zg3r72looggswdtv1xjj,https://bergamotte.imgix.net/ysm8rsmu3vst57tcqnk70496s91a,https://bergamotte.imgix.net/dvhzfp3rpwh1t4wge44k5duw1v4k,https://bergamotte.imgix.net/6s3vegzbgeizu3cxqwzael2hxmfu",8645,,3277,true,"{""Taille du bouquet"": ""S""}",9.90 EUR,true,true,false,"{""custom_label_4"": ""costly""}",FR,FR
8646,Bouquet de Fleurs Lago di Como M - Livraison Fleurs a Domicile 3h Paris & 24h France - Fleurs Fraiches de Saison - Tons Pastel et Roses,"Ce bouquet de fleurs se compose d'une harmonie de fleurs de saison rigoureusement sélectionnées pour leur fraîcheur et leur beauté : Gypsophile, Eucalyptus, Chrysantheme, Chrysantheme, Rose, Lisianthus, Lisianthus. Diamètre 32 cm Hauteur 45 cm. Carte message offerte. Emballage sur mesure. Avec des fleurs françaises Le cadeau idéal en toute occasion : Parfait pour un anniversaire, un remerciement, ou simplement pour le plaisir d'offrir, le Bouquet Lago di Como saura transmettre vos plus belles émotions. Il est disponible en plusieurs tailles pour s'adapter à tous les budgets et à toutes les envies. Qualité et fraîcheur garanties : - Fleurs de saison : cueillies en direct des meilleurs producteurs. - Circuit court : pour une fraîcheur et une longévité maximales. - Préparé à la commande : nos artisans fleuristes confectionnent votre bouquet avec soin dans notre atelier parisien. Livraison express et services sur-mesure : - Livraison de fleurs en 24h dans toute la France et en 3h à Paris. - Carte message offerte pour accompagner votre bouquet. - Emballage soigné et conçu pour le transport. Offrez plus qu'un simple bouquet, offrez une expérience florale inoubliable avec le Bouquet Lago di Como de Bergamotte. Commandez en ligne pour une livraison de fleurs à domicile rapide et soignée.",https://www.bergamotte.fr/livraison-fleurs/lago-di-como,Bergamotte,Bergamotte,https://bergamotte.imgix.net/2fa4cai8hdl7mihnodcs7ufjb5bj,in_stock,49.90 EUR,https://www.bergamotte.fr,https://www.bergamotte.fr/terms-and-conditions,true,14,new,Arts et loisirs > Fêtes et soirées > Cadeaux > Fleurs coupées fraîches,"https://bergamotte.imgix.net/rpmm9w8f8zfih0rau6xke200y938,https://bergamotte.imgix.net/pwb4oj70zg3r72looggswdtv1xjj,https://bergamotte.imgix.net/ysm8rsmu3vst57tcqnk70496s91a,https://bergamotte.imgix.net/dvhzfp3rpwh1t4wge44k5duw1v4k,https://bergamotte.imgix.net/6s3vegzbgeizu3cxqwzael2hxmfu",8646,,3277,true,"{""Taille du bouquet"": ""M""}",9.90 EUR,true,true,false,"{""custom_label_4"": ""costly""}",FR,FR
8647,Bouquet de Fleurs Lago di Como XL - Livraison Fleurs a Domicile 3h Paris & 24h France - Fleurs Fraiches de Saison - Tons Pastel et Roses,"Ce bouquet de fleurs se compose d'une harmonie de fleurs de saison rigoureusement sélectionnées pour leur fraîcheur et leur beauté : Gypsophile, Eucalyptus, Chrysantheme, Chrysantheme, Rose, Lisianthus, Lisianthus. Diamètre 55 cm Hauteur 50 cm. Carte message offerte. Emballage sur mesure. Avec des fleurs françaises Le cadeau idéal en toute occasion : Parfait pour un anniversaire, un remerciement, ou simplement pour le plaisir d'offrir, le Bouquet Lago di Como saura transmettre vos plus belles émotions. Il est disponible en plusieurs tailles pour s'adapter à tous les budgets et à toutes les envies. Qualité et fraîcheur garanties : - Fleurs de saison : cueillies en direct des meilleurs producteurs. - Circuit court : pour une fraîcheur et une longévité maximales. - Préparé à la commande : nos artisans fleuristes confectionnent votre bouquet avec soin dans notre atelier parisien. Livraison express et services sur-mesure : - Livraison de fleurs en 24h dans toute la France et en 3h à Paris. - Carte message offerte pour accompagner votre bouquet. - Emballage soigné et conçu pour le transport. Offrez plus qu'un simple bouquet, offrez une expérience florale inoubliable avec le Bouquet Lago di Como de Bergamotte. Commandez en ligne pour une livraison de fleurs à domicile rapide et soignée.",https://www.bergamotte.fr/livraison-fleurs/lago-di-como/v/bouquet-lago-di-como-xl,Bergamotte,Bergamotte,https://bergamotte.imgix.net/v7b0vuzxdy1nitwr0kdw4zhrfu4x,in_stock,159.90 EUR,https://www.bergamotte.fr,https://www.bergamotte.fr/terms-and-conditions,true,14,new,Arts et loisirs > Fêtes et soirées > Cadeaux > Fleurs coupées fraîches,"https://bergamotte.imgix.net/n9ldbkwxn23qfowluv0atsl52qnj,https://bergamotte.imgix.net/pwb4oj70zg3r72looggswdtv1xjj,https://bergamotte.imgix.net/ysm8rsmu3vst57tcqnk70496s91a,https://bergamotte.imgix.net/dvhzfp3rpwh1t4wge44k5duw1v4k,https://bergamotte.imgix.net/6s3vegzbgeizu3cxqwzael2hxmfu",8647,,3277,true,"{""Taille du bouquet"": ""XL""}",0.00 EUR,true,true,false,"{""custom_label_4"": ""new""}",FR,FR
8660,Bouquet Melbourne M - Livraison Fleurs 24h - Hortensias Lisianthus - Tons Mauves et Blancs - Fleurs Fraiches de Saison,"Ce bouquet de fleurs se compose d'une harmonie de fleurs de saison rigoureusement sélectionnées pour leur fraîcheur et leur beauté : Hortensia, Santini, Acacia, Chrysantheme, Lisianthus, Phlox, Limonium, Rose branchue, Statice. Diamètre 37 cm Hauteur 45 cm. Carte message offerte. Emballage sur mesure Le cadeau idéal en toute occasion : Parfait pour un anniversaire, un remerciement, ou simplement pour le plaisir d'offrir, le Bouquet Melbourne saura transmettre vos plus belles émotions. Il est disponible en plusieurs tailles pour s'adapter à tous les budgets et à toutes les envies. Qualité et fraîcheur garanties : - Fleurs de saison : cueillies en direct des meilleurs producteurs. - Circuit court : pour une fraîcheur et une longévité maximales. - Préparé à la commande : nos artisans fleuristes confectionnent votre bouquet avec soin dans notre atelier parisien. Livraison express et services sur-mesure : - Livraison de fleurs en 24h dans toute la France et en 3h à Paris. - Carte message offerte pour accompagner votre bouquet. - Emballage soigné et conçu pour le transport. Offrez plus qu'un simple bouquet, offrez une expérience florale inoubliable avec le Bouquet Melbourne de Bergamotte. Commandez en ligne pour une livraison de fleurs à domicile rapide et soignée. Livraison express fleurs a domicile : en 3h a Paris et le lendemain partout en France avant 13h Hortensias et Lisianthus provenant de nos meilleurs producteurs en circuit court pour une fraicheur et une longevite maximales Bouquet genereux de 32 cm melant Hortensias et Lisianthus a du Santini et du Phlox avec Roses branchues et Statice pour une abondance florale Emballage premium sur mesure avec poche d eau offerte pour preserver vos fleurs pendant la livraison Carte message personnalisee offerte et emballage cadeau soigne pour toutes vos occasions speciales",https://www.bergamotte.fr/livraison-fleurs/bouquet-melbourne,Bergamotte,Bergamotte,https://bergamotte.imgix.net/a8kfcn0u5wgcnh8iq0r2du3niorn,in_stock,49.90 EUR,https://www.bergamotte.fr,https://www.bergamotte.fr/terms-and-conditions,true,14,new,Arts et loisirs > Fêtes et soirées > Cadeaux > Fleurs coupées fraîches,"https://bergamotte.imgix.net/a9zzx4dueiz8amapgrmgoxxaderv,https://bergamotte.imgix.net/wkld46yewp3prgz4e0h17jb18fkc,https://bergamotte.imgix.net/5g7iyqc8msowhve595vacruyg647,https://bergamotte.imgix.net/z64ffcszcbj0jff07212org1qcp8,https://bergamotte.imgix.net/dz3t543obfpr5tz8337uffrd5sh9",8660,,3278,true,"{""Taille du bouquet"": ""M""}",9.90 EUR,true,true,false,"{""custom_label_4"": ""new""}",FR,FR
8661,Bouquet Melbourne L - Livraison Fleurs 24h - Hortensias Lisianthus - Tons Mauves et Blancs - Fleurs Fraiches de Saison,"Ce bouquet de fleurs se compose d'une harmonie de fleurs de saison rigoureusement sélectionnées pour leur fraîcheur et leur beauté : Hortensia, Santini, Acacia, Chrysantheme, Lisianthus, Phlox, Limonium, Rose branchue, Statice. Diamètre 43 cm Hauteur 50 cm. Carte message offerte. Emballage sur mesure Le cadeau idéal en toute occasion : Parfait pour un anniversaire, un remerciement, ou simplement pour le plaisir d'offrir, le Bouquet Melbourne saura transmettre vos plus belles émotions. Il est disponible en plusieurs tailles pour s'adapter à tous les budgets et à toutes les envies. Qualité et fraîcheur garanties : - Fleurs de saison : cueillies en direct des meilleurs producteurs. - Circuit court : pour une fraîcheur et une longévité maximales. - Préparé à la commande : nos artisans fleuristes confectionnent votre bouquet avec soin dans notre atelier parisien. Livraison express et services sur-mesure : - Livraison de fleurs en 24h dans toute la France et en 3h à Paris. - Carte message offerte pour accompagner votre bouquet. - Emballage soigné et conçu pour le transport. Offrez plus qu'un simple bouquet, offrez une expérience florale inoubliable avec le Bouquet Melbourne de Bergamotte. Commandez en ligne pour une livraison de fleurs à domicile rapide et soignée. Livraison express fleurs a domicile : en 3h a Paris et le lendemain partout en France avant 13h Hortensias et Lisianthus provenant de nos meilleurs producteurs en circuit court pour une fraicheur et une longevite maximales Bouquet spectaculaire de 43 cm melant Hortensias et Lisianthus a du Santini et du Phlox avec Roses branchues et Statice Emballage premium sur mesure avec poche d eau offerte pour preserver vos fleurs pendant la livraison Carte message personnalisee offerte et emballage cadeau soigne pour toutes vos occasions speciales",https://www.bergamotte.fr/livraison-fleurs/bouquet-melbourne/v/bouquet-melbourne-l,Bergamotte,Bergamotte,https://bergamotte.imgix.net/uyib2gae4goi9grtl84qvku3hmmg,in_stock,89.90 EUR,https://www.bergamotte.fr,https://www.bergamotte.fr/terms-and-conditions,true,14,new,Arts et loisirs > Fêtes et soirées > Cadeaux > Fleurs coupées fraîches,"https://bergamotte.imgix.net/y8omwql7xugthwr5e7aekd15snkn,https://bergamotte.imgix.net/wkld46yewp3prgz4e0h17jb18fkc,https://bergamotte.imgix.net/5g7iyqc8msowhve595vacruyg647,https://bergamotte.imgix.net/z64ffcszcbj0jff07212org1qcp8,https://bergamotte.imgix.net/dz3t543obfpr5tz8337uffrd5sh9",8661,,3278,true,"{""Taille du bouquet"": ""L""}",9.90 EUR,true,true,false,"{""custom_label_4"": ""new""}",FR,FR
8669,Bouquet Esterel M - Livraison Fleurs 24h - Chrysanthemes Hortensias - Tons Roses et Pastel - Fleurs Fraiches de Saison,"Ce bouquet de fleurs se compose d'une harmonie de fleurs de saison rigoureusement sélectionnées pour leur fraîcheur et leur beauté : Chrysantheme, Chrysantheme, Hortensia, Acacia, Rose branchue, Limonium, Chrysantheme, Alstroemeria, Santini rose. Diamètre 37 cm Hauteur 45 cm. Carte message offerte. Emballage sur mesure Le cadeau idéal en toute occasion : Parfait pour un anniversaire, un remerciement, ou simplement pour le plaisir d'offrir, le Bouquet Esterel saura transmettre vos plus belles émotions. Il est disponible en plusieurs tailles pour s'adapter à tous les budgets et à toutes les envies. Qualité et fraîcheur garanties : - Fleurs de saison : cueillies en direct des meilleurs producteurs. - Circuit court : pour une fraîcheur et une longévité maximales. - Préparé à la commande : nos artisans fleuristes confectionnent votre bouquet avec soin dans notre atelier parisien. Livraison express et services sur-mesure : - Livraison de fleurs en 24h dans toute la France et en 3h à Paris. - Carte message offerte pour accompagner votre bouquet. - Emballage soigné et conçu pour le transport. Offrez plus qu'un simple bouquet, offrez une expérience florale inoubliable avec le Bouquet Esterel de Bergamotte. Commandez en ligne pour une livraison de fleurs à domicile rapide et soignée. Livraison express fleurs a domicile : en 3h a Paris et le lendemain partout en France avant 13h Chrysanthemes et Hortensias provenant de nos meilleurs producteurs en circuit court pour leurs couleurs vives et eclatantes Bouquet genereux de 36 cm melant Chrysanthemes et Hortensias a de l Alstroemeria et des Roses branchues avec Santini rose Emballage premium sur mesure avec poche d eau offerte pour preserver vos fleurs pendant la livraison Carte message personnalisee offerte et emballage cadeau soigne pour toutes vos occasions speciales",https://www.bergamotte.fr/livraison-fleurs/bouquet-esterel,Bergamotte,Bergamotte,https://bergamotte.imgix.net/bocnhy1emyl2ubn0vda9kb11owc7,in_stock,54.90 EUR,https://www.bergamotte.fr,https://www.bergamotte.fr/terms-and-conditions,true,14,new,Arts et loisirs > Fêtes et soirées > Cadeaux > Fleurs coupées fraîches,"https://bergamotte.imgix.net/uo78mlg0invypnkjxra7z4dc50m5,https://bergamotte.imgix.net/bif5s31oe1wum82dklck05izd0lg,https://bergamotte.imgix.net/9sfhls4av3250nzxmyzg9oxg4z66,https://bergamotte.imgix.net/bl3u9oclhb878vkqzs2m2v796d6k,https://bergamotte.imgix.net/fb7t068zw4lr7kuqujrorb8crwyl",8669,,3279,true,"{""Taille du bouquet"": ""M""}",9.90 EUR,true,true,false,"{""custom_label_4"": ""new""}",FR,FR
8670,Bouquet Esterel XL - Livraison Fleurs 24h - Chrysanthemes Hortensias - Tons Roses et Pastel - Fleurs Fraiches de Saison,"Ce bouquet de fleurs se compose d'une harmonie de fleurs de saison rigoureusement sélectionnées pour leur fraîcheur et leur beauté : Chrysantheme, Chrysantheme, Hortensia, Acacia, Rose branchue, Limonium, Chrysantheme, Alstroemeria, Santini rose. Diamètre 50 cm Hauteur 50 cm. Carte message offerte. Emballage sur mesure Le cadeau idéal en toute occasion : Parfait pour un anniversaire, un remerciement, ou simplement pour le plaisir d'offrir, le Bouquet Esterel saura transmettre vos plus belles émotions. Il est disponible en plusieurs tailles pour s'adapter à tous les budgets et à toutes les envies. Qualité et fraîcheur garanties : - Fleurs de saison : cueillies en direct des meilleurs producteurs. - Circuit court : pour une fraîcheur et une longévité maximales. - Préparé à la commande : nos artisans fleuristes confectionnent votre bouquet avec soin dans notre atelier parisien. Livraison express et services sur-mesure : - Livraison de fleurs en 24h dans toute la France et en 3h à Paris. - Carte message offerte pour accompagner votre bouquet. - Emballage soigné et conçu pour le transport. Offrez plus qu'un simple bouquet, offrez une expérience florale inoubliable avec le Bouquet Esterel de Bergamotte. Commandez en ligne pour une livraison de fleurs à domicile rapide et soignée. Livraison express fleurs a domicile : en 3h a Paris et le lendemain partout en France avant 13h Chrysanthemes et Hortensias provenant de nos meilleurs producteurs en circuit court pour leurs couleurs vives et eclatantes Bouquet XL de 55 cm melant Chrysanthemes et Hortensias a de l Alstroemeria et des Roses branchues avec Santini rose Emballage premium sur mesure avec poche d eau offerte pour preserver vos fleurs pendant la livraison Carte message personnalisee offerte et emballage cadeau soigne pour toutes vos occasions speciales",https://www.bergamotte.fr/livraison-fleurs/bouquet-esterel/v/bouquet-esterel-xl,Bergamotte,Bergamotte,https://bergamotte.imgix.net/0hppawjssugl6791p2pyg51a8aze,in_stock,129.90 EUR,https://www.bergamotte.fr,https://www.bergamotte.fr/terms-and-conditions,true,14,new,Arts et loisirs > Fêtes et soirées > Cadeaux > Fleurs coupées fraîches,"https://bergamotte.imgix.net/x3qq7v0pjdhw3lkpvxmr0x4bj2qe,https://bergamotte.imgix.net/bif5s31oe1wum82dklck05izd0lg,https://bergamotte.imgix.net/9sfhls4av3250nzxmyzg9oxg4z66,https://bergamotte.imgix.net/bl3u9oclhb878vkqzs2m2v796d6k,https://bergamotte.imgix.net/fb7t068zw4lr7kuqujrorb8crwyl",8670,,3279,true,"{""Taille du bouquet"": ""XL""}",0.00 EUR,true,true,false,"{""custom_label_4"": ""new""}",FR,FR
8685,Olivier Olea europaea sur tige - Livraison plantes - Plantes vertes Bergamotte,"Olivier Luciano. Olivier Olea europaea sur tige. Hauteur : Entre 80 et 120 cm (pot inclus). Chaque plante est unique, la taille des branches peut varier. La bonne idée cadeau. Jamais trop chaud Comment s’occuper de votre Olivier Luciano ? Mise en garde. Entretien. Arrosage. Régulier. Exposition. Ensoleillée. Résistance au froid. Moyenne. Difficulté. Débutant Commandez votre Olivier Luciano dès aujourd'hui et recevez une plante d'exception, cultivée avec soin et livrée directement chez vous par Bergamotte. Le cadeau parfait pour soi ou pour un proche !",https://www.bergamotte.fr/livraison-jardin/luciano,Bergamotte,Bergamotte,https://bergamotte.imgix.net/rey3tu2i93m60gxhesmcktliedgd,in_stock,59.90 EUR,https://www.bergamotte.fr,https://www.bergamotte.fr/terms-and-conditions,true,14,new,Maison et jardin > Plantes > Plantes d'extérieur et d'intérieur,https://bergamotte.imgix.net/hakowuc7dpzib6diih9pw6dpjslj,8685,,,,,9.90 EUR,true,true,false,"{""custom_label_4"": ""new""}",FR,FR
8731,Carte Abonnement 3 mois taille S - Accessoires décoration - Idées cadeaux - Fleuriste Bergamotte,Carte Abonnement 3 mois taille S - Accessoires décoration - Idées cadeaux - Fleuriste Bergamotte,https://www.bergamotte.fr/livraison-accessoires/abonnement-3-mois-s,Bergamotte,Bergamotte,https://bergamotte.imgix.net/6r4s24gyzatxe8ysdiukfv3f6r14,in_stock,133.70 EUR,https://www.bergamotte.fr,https://www.bergamotte.fr/terms-and-conditions,true,14,new,Arts et loisirs > Fêtes et soirées > Cadeaux,https://bergamotte.imgix.net/713nja9c8nwdznyc2n6g6ezsdn8f,8731,,,,,0.00 EUR,true,true,false,,FR,FR
8758,Doudou Petit Bateau Baleines - Accessoires décoration - Idées cadeaux - Fleuriste Bergamotte,"Très souple et moelleux, ce doudou avec ses longues oreilles et ses nœuds aux extrémités est facile à attraper pour les petites mains de bébé. Matière : -Extérieur du doudou : 100% Coton issu de l'agriculture biologique, garanti sans OGM. -Ouatine : 100% Polyester Produit labellisé standard 100 by OEKO-TEX ®, CQ 746/3, IFTH, garantissant le respect de la peau Entretien : Température maximale 40 °C, essorage normal, pas de blanchiment, pas de séchage en tambour, pas de repassage, pas de nettoyage à sec",https://www.bergamotte.fr/livraison-accessoires/doudou-petit-bateau-baleines,Bergamotte,Bergamotte,https://bergamotte.imgix.net/50j0g19q24sfbjej6t60zvba2xe8,in_stock,16.90 EUR,https://www.bergamotte.fr,https://www.bergamotte.fr/terms-and-conditions,true,14,new,Arts et loisirs > Fêtes et soirées > Cadeaux,https://bergamotte.imgix.net/hl6gbvpwwgdb8fei85ukruda5pbf,8758,,,,,9.90 EUR,true,true,false,,FR,FR
8761,Carte Abonnement 6 mois taille S - Accessoires décoration - Idées cadeaux - Fleuriste Bergamotte,Carte Abonnement 6 mois taille S - Accessoires décoration - Idées cadeaux - Fleuriste Bergamotte,https://www.bergamotte.fr/livraison-accessoires/abonnement-6-mois-s,Bergamotte,Bergamotte,https://bergamotte.imgix.net/rll1dzj4g4y7kbz2w6m66a5e9k2h,in_stock,244.38 EUR,https://www.bergamotte.fr,https://www.bergamotte.fr/terms-and-conditions,true,14,new,Arts et loisirs > Fêtes et soirées > Cadeaux,https://bergamotte.imgix.net/8y3pzwoaant21t5h7jg95607tlzf,8761,,,,,0.00 EUR,true,true,false,,FR,FR
8762,Carte Abonnement 12 mois taille S - Accessoires décoration - Idées cadeaux - Fleuriste Bergamotte,Carte Abonnement 12 mois taille S - Accessoires décoration - Idées cadeaux - Fleuriste Bergamotte,https://www.bergamotte.fr/livraison-accessoires/abonnement-12-mois-s,Bergamotte,Bergamotte,https://bergamotte.imgix.net/a3rri6a3u4en6ycv8dylupq4tvj9,in_stock,468.32 EUR,https://www.bergamotte.fr,https://www.bergamotte.fr/terms-and-conditions,true,14,new,Arts et loisirs > Fêtes et soirées > Cadeaux,https://bergamotte.imgix.net/zbbae5qcoemrqvhq3e2042tsbz4a,8762,,,,,0.00 EUR,true,true,false,,FR,FR
8763,Carte Abonnement 3 mois taille M - Accessoires décoration - Idées cadeaux - Fleuriste Bergamotte,Carte Abonnement 3 mois taille M - Accessoires décoration - Idées cadeaux - Fleuriste Bergamotte,https://www.bergamotte.fr/livraison-accessoires/abonnement-3-mois-m,Bergamotte,Bergamotte,https://bergamotte.imgix.net/h2swvvx6x6vlg3d616kbd5x5yltw,in_stock,154.70 EUR,https://www.bergamotte.fr,https://www.bergamotte.fr/terms-and-conditions,true,14,new,Arts et loisirs > Fêtes et soirées > Cadeaux,https://bergamotte.imgix.net/0h9efnny56h6ut1lruce6lmk1a58,8763,,,,,0.00 EUR,true,true,false,,FR,FR
8764,Carte Abonnement 6 mois taille M - Accessoires décoration - Idées cadeaux - Fleuriste Bergamotte,Carte Abonnement 6 mois taille M - Accessoires décoration - Idées cadeaux - Fleuriste Bergamotte,https://www.bergamotte.fr/livraison-accessoires/abonnement-6-mois-m,Bergamotte,Bergamotte,https://bergamotte.imgix.net/0nengu21tz96rmhyndr6oisunjau,in_stock,283.44 EUR,https://www.bergamotte.fr,https://www.bergamotte.fr/terms-and-conditions,true,14,new,Arts et loisirs > Fêtes et soirées > Cadeaux,https://bergamotte.imgix.net/nhh7ox6l98y5gixm50urnfjwht12,8764,,,,,0.00 EUR,true,true,false,,FR,FR
8765,Carte Abonnement 12 mois taille M - Accessoires décoration - Idées cadeaux - Fleuriste Bergamotte,Carte Abonnement 12 mois taille M - Accessoires décoration - Idées cadeaux - Fleuriste Bergamotte,https://www.bergamotte.fr/livraison-accessoires/abonnement-12-mois-m,Bergamotte,Bergamotte,https://bergamotte.imgix.net/0hcslodyevvr7vaibjc05v7zlzz5,in_stock,543.92 EUR,https://www.bergamotte.fr,https://www.bergamotte.fr/terms-and-conditions,true,14,new,Arts et loisirs > Fêtes et soirées > Cadeaux,https://bergamotte.imgix.net/5vdptp0f9ibc78pu3qcrnfks0mk4,8765,,,,,0.00 EUR,true,true,false,,FR,FR
8766,Carte Abonnement 3 mois taille L - Accessoires décoration - Idées cadeaux - Fleuriste Bergamotte,Carte Abonnement 3 mois taille L - Accessoires décoration - Idées cadeaux - Fleuriste Bergamotte,https://www.bergamotte.fr/livraison-accessoires/abonnement-3-mois-l,Bergamotte,Bergamotte,https://bergamotte.imgix.net/gn6youzaz0dciod1it4lqtw709v1,in_stock,214.70 EUR,https://www.bergamotte.fr,https://www.bergamotte.fr/terms-and-conditions,true,14,new,Arts et loisirs > Fêtes et soirées > Cadeaux,https://bergamotte.imgix.net/cyymc82ne34k4243f7olxw1gooay,8766,,,,,0.00 EUR,true,true,false,,FR,FR
8767,Carte Abonnement 6 mois taille L - Accessoires décoration - Idées cadeaux - Fleuriste Bergamotte,Carte Abonnement 6 mois taille L - Accessoires décoration - Idées cadeaux - Fleuriste Bergamotte,https://www.bergamotte.fr/livraison-accessoires/abonnement-6-mois-l,Bergamotte,Bergamotte,https://bergamotte.imgix.net/cp42kfstzpqm5bqmkjkitke6hfzm,in_stock,395.04 EUR,https://www.bergamotte.fr,https://www.bergamotte.fr/terms-and-conditions,true,14,new,Arts et loisirs > Fêtes et soirées > Cadeaux,https://bergamotte.imgix.net/mrrzcom1u2l63wlj6jpg9anw61dt,8767,,,,,0.00 EUR,true,true,false,,FR,FR
8768,Carte Abonnement 12 mois taille L - Accessoires décoration - Idées cadeaux - Fleuriste Bergamotte,Carte Abonnement 12 mois taille L - Accessoires décoration - Idées cadeaux - Fleuriste Bergamotte,https://www.bergamotte.fr/livraison-accessoires/abonnement-12-mois-l,Bergamotte,Bergamotte,https://bergamotte.imgix.net/ybjps5p173sr99hj14060yquz72k,in_stock,759.92 EUR,https://www.bergamotte.fr,https://www.bergamotte.fr/terms-and-conditions,true,14,new,Arts et loisirs > Fêtes et soirées > Cadeaux,https://bergamotte.imgix.net/vsobc646wx0mkzn8x3uf1204ub0t,8768,,,,,0.00 EUR,true,true,false,,FR,FR
8795,Bouquet Octobre Rose S - Livraison fleurs - Fleuriste en ligne Bergamotte,"Ce bouquet de fleurs se compose d'une harmonie de fleurs de saison rigoureusement sélectionnées pour leur fraîcheur et leur beauté : Lisianthus, Phlox, Limonium, Rose branchue, Matthiola, Santini, Gerbera, Acacia. Hauteur 45 cm. Bouquet solidaire. Octobre rose. Carte message offerte. Emballage sur mesure Le cadeau idéal en toute occasion : Parfait pour un anniversaire, un remerciement, ou simplement pour le plaisir d'offrir, le Bouquet Octobre Rose saura transmettre vos plus belles émotions. Il est disponible en plusieurs tailles pour s'adapter à tous les budgets et à toutes les envies. Qualité et fraîcheur garanties : - Fleurs de saison : cueillies en direct des meilleurs producteurs. - Circuit court : pour une fraîcheur et une longévité maximales. - Préparé à la commande : nos artisans fleuristes confectionnent votre bouquet avec soin dans notre atelier parisien. Livraison express et services sur-mesure : - Livraison de fleurs en 24h dans toute la France et en 3h à Paris. - Carte message offerte pour accompagner votre bouquet. - Emballage soigné et conçu pour le transport. Offrez plus qu'un simple bouquet, offrez une expérience florale inoubliable avec le Bouquet Octobre Rose de Bergamotte. Commandez en ligne pour une livraison de fleurs à domicile rapide et soignée.",https://www.bergamotte.fr/livraison-fleurs/bouquet-octobre-rose/v/bouquet-octobre-rose-s,Bergamotte,Bergamotte,https://bergamotte.imgix.net/ecks2jt9b710i9kp9hmq07slndjn,in_stock,27.90 EUR,https://www.bergamotte.fr,https://www.bergamotte.fr/terms-and-conditions,true,14,new,Arts et loisirs > Fêtes et soirées > Cadeaux > Fleurs coupées fraîches,https://bergamotte.imgix.net/zvj3shhv3uwjew42c1daxv8bpecc,8795,,,,,9.90 EUR,true,true,false,,FR,FR
8796,Bouquet Octobre Rose M - Livraison fleurs - Fleuriste en ligne Bergamotte,"Ce bouquet de fleurs se compose d'une harmonie de fleurs de saison rigoureusement sélectionnées pour leur fraîcheur et leur beauté : Lisianthus, Phlox, Limonium, Rose branchue, Matthiola, Santini, Gerbera, Acacia. Hauteur 45 cm. Bouquet solidaire. Octobre rose. Carte message offerte. Emballage sur mesure Le cadeau idéal en toute occasion : Parfait pour un anniversaire, un remerciement, ou simplement pour le plaisir d'offrir, le Bouquet Octobre Rose saura transmettre vos plus belles émotions. Il est disponible en plusieurs tailles pour s'adapter à tous les budgets et à toutes les envies. Qualité et fraîcheur garanties : - Fleurs de saison : cueillies en direct des meilleurs producteurs. - Circuit court : pour une fraîcheur et une longévité maximales. - Préparé à la commande : nos artisans fleuristes confectionnent votre bouquet avec soin dans notre atelier parisien. Livraison express et services sur-mesure : - Livraison de fleurs en 24h dans toute la France et en 3h à Paris. - Carte message offerte pour accompagner votre bouquet. - Emballage soigné et conçu pour le transport. Offrez plus qu'un simple bouquet, offrez une expérience florale inoubliable avec le Bouquet Octobre Rose de Bergamotte. Commandez en ligne pour une livraison de fleurs à domicile rapide et soignée.",https://www.bergamotte.fr/livraison-fleurs/bouquet-octobre-rose,Bergamotte,Bergamotte,https://bergamotte.imgix.net/gnchk9igq3bgcq224qd9zah5u6ak,in_stock,47.90 EUR,https://www.bergamotte.fr,https://www.bergamotte.fr/terms-and-conditions,true,14,new,Arts et loisirs > Fêtes et soirées > Cadeaux > Fleurs coupées fraîches,https://bergamotte.imgix.net/zvj3shhv3uwjew42c1daxv8bpecc,8796,,,,,9.90 EUR,true,true,false,,FR,FR
8797,Bouquet Octobre Rose L - Livraison fleurs - Fleuriste en ligne Bergamotte,"Ce bouquet de fleurs se compose d'une harmonie de fleurs de saison rigoureusement sélectionnées pour leur fraîcheur et leur beauté : Lisianthus, Phlox, Limonium, Rose branchue, Matthiola, Santini, Gerbera, Acacia. Hauteur 50 cm. Bouquet solidaire. Octobre rose. Carte message offerte. Emballage sur mesure Le cadeau idéal en toute occasion : Parfait pour un anniversaire, un remerciement, ou simplement pour le plaisir d'offrir, le Bouquet Octobre Rose saura transmettre vos plus belles émotions. Il est disponible en plusieurs tailles pour s'adapter à tous les budgets et à toutes les envies. Qualité et fraîcheur garanties : - Fleurs de saison : cueillies en direct des meilleurs producteurs. - Circuit court : pour une fraîcheur et une longévité maximales. - Préparé à la commande : nos artisans fleuristes confectionnent votre bouquet avec soin dans notre atelier parisien. Livraison express et services sur-mesure : - Livraison de fleurs en 24h dans toute la France et en 3h à Paris. - Carte message offerte pour accompagner votre bouquet. - Emballage soigné et conçu pour le transport. Offrez plus qu'un simple bouquet, offrez une expérience florale inoubliable avec le Bouquet Octobre Rose de Bergamotte. Commandez en ligne pour une livraison de fleurs à domicile rapide et soignée.",https://www.bergamotte.fr/livraison-fleurs/bouquet-octobre-rose/v/bouquet-octobre-rose-l,Bergamotte,Bergamotte,https://bergamotte.imgix.net/b0bc392b5udinu8ejbs0v88rmb1d,in_stock,69.90 EUR,https://www.bergamotte.fr,https://www.bergamotte.fr/terms-and-conditions,true,14,new,Arts et loisirs > Fêtes et soirées > Cadeaux > Fleurs coupées fraîches,https://bergamotte.imgix.net/zvj3shhv3uwjew42c1daxv8bpecc,8797,,,,,9.90 EUR,true,true,false,,FR,FR
8878,Sérum nourrissant pour plantes vertes - Accessoires décoration - Idées cadeaux - Fleuriste Bergamotte,"Fabriqué en Bretagne, ce sérum nourrissant offre à vos plantes un véritable cocktail multivitaminé pour une croissance saine et épanouie !. Comment l'utiliser ? Ajoutez 3 gouttes dans 250ml d’eau d’arrosage, lors de la période de croissance (de mars à octobre), à utiliser 1 fois tous les 2 arrosages. Besoin d'un petit coup de pouce ? Ce sérum nourrissant renferme tous les nutriments indispensables pour le bon développement des plantes d’intérieur ! Silence, ça pousse...",https://www.bergamotte.fr/livraison-plantes/serum-nourrissant,Bergamotte,Bergamotte,https://bergamotte.imgix.net/d3d7qmrlg3y0jbkhigw9ehi7wxc0,in_stock,9.90 EUR,https://www.bergamotte.fr,https://www.bergamotte.fr/terms-and-conditions,true,14,new,Arts et loisirs > Fêtes et soirées > Cadeaux,,8878,,,,,9.90 EUR,true,true,false,,FR,FR
8898,Camelia du Japon Fleur Rose - Camellia japonica Bonomiana - Livraison Plante 24h France - Idee Cadeau Vegetal,"Camélia Anastasia. Camélia du Japon (Camellia japonica 'Bonomiana'). Hauteur : Entre 80 et 90 cm (pot inclus) - La plante peut être livrée en boutons. À ne surtout pas manquer. Fleurie en hiver Comment s’occuper de votre Camélia Anastasia ? Floraison. Rose. Difficulté. Débutant. Résistance au froid. Assez rustique. Exposition. Ensoleillée. Arrosage. Régulier. Producteur. Labellisé MPS-A/GAP. Entretien Commandez votre Camélia Anastasia dès aujourd'hui et recevez une plante d'exception, cultivée avec soin et livrée directement chez vous par Bergamotte. Le cadeau parfait pour soi ou pour un proche ! Livraison a domicile en 24h partout en France ou en 3h a Paris, soigneusement emballe Camelia du Japon Bonomiana a la floraison rose eclatante en hiver, plante d exception pour votre jardin ou balcon Hauteur entre 85 et 95 cm, assez rustique et facile d entretien pour les debutants Exposition ensoleillee et arrosage regulier, plante livree pouvant etre en boutons pour une floraison imminente Carte message personnalisee offerte, idee cadeau vegetal original pour toutes les occasions",https://www.bergamotte.fr/livraison-jardin/anastasia,Bergamotte,Bergamotte,https://bergamotte.imgix.net/1y0c64a0hwxb3wiuddgbb3cc3vse,in_stock,124.90 EUR,https://www.bergamotte.fr,https://www.bergamotte.fr/terms-and-conditions,true,14,new,Maison et jardin > Plantes > Plantes d'extérieur et d'intérieur,"https://bergamotte.imgix.net/8afj3d866voi1ylaawucuy3tf7wm,https://bergamotte.imgix.net/4v9zhw0ed3vnrba48i2enl7m7vdo,https://bergamotte.imgix.net/lo8ovepagm07u6wcra7cvv19w42o,https://bergamotte.imgix.net/wo42gq2ajs4lknct0oqsde3v2cim,https://bergamotte.imgix.net/dwe3ckdfyfcanizvpgvdgi5dt1i7",8898,,,,,0.00 EUR,true,true,false,"{""custom_label_4"": ""new""}",FR,FR
9117,Bouquet de Fleurs Sechees Bogota M - Livraison a Domicile 24h - Tons Naturels et Ocre - Decoration Boheme Durable,"Faites entrer un air d'évasion et de poésie bohème dans votre intérieur avec ces fleurs séchées. Une création artisanale tout en texture, conçue pour durer et embellir votre quotidien sans le moindre effort. Pourquoi vous allez adorer votre Bouquet Bogota M : - Décoration Durable, Zéro Entretien : Oubliez l'arrosage ! ces fleurs séchées conservent leur beauté et leurs couleurs des mois, voire des années. Un simple dépoussiérage occasionnel suffit. - Style Bohème Tendance : Parfait pour ajouter une touche chaleureuse, naturelle et texturée à un salon, une chambre ou un bureau. Il s'intègre à merveille dans tous les décors. Livraison express et services sur-mesure : - Livraison de fleurs en 24h dans toute la France et en 3h à Paris. - Carte message offerte pour accompagner vos fleurs séchées. - Emballage soigné et conçu pour le transport. Caractéristique : Diamètre 25 cm Hauteur 50 cm Le Cadeau Parfait qui Dure : C'est le cadeau idéal pour une pendaison de crémaillère, un anniversaire ou simplement pour offrir une attention qui ne se fane pas. Une touche de nature intemporelle qui plaira à coup sûr. Commandez votre Bouquet Bogota M pour une touche de nature éternelle dans votre maison. Une création artisanale Bergamotte, livrée avec soin partout en France. Livraison express a domicile : en 3h a Paris et le lendemain partout en France avant 13h Composition artisanale aux tons naturels et terracotta pour une ambiance chaleureuse et boheme Fleurs sechees durables sans entretien : conservent leur beaute et leurs couleurs des mois voire des annees Emballage protecteur sur mesure specialement concu pour preserver la delicatesse des fleurs sechees Carte message personnalisee offerte et emballage cadeau soigne pour toutes vos occasions speciales",https://www.bergamotte.fr/livraison-fleurs-sechees/bouquet-bogota,Bergamotte,Bergamotte,https://bergamotte.imgix.net/6lgjicqnlkcup1zsxncg70igzt73,in_stock,52.90 EUR,https://www.bergamotte.fr,https://www.bergamotte.fr/terms-and-conditions,true,14,new,Maison et jardin > Décorations > Fleurs séchées,"https://bergamotte.imgix.net/bui2bz0t3ttsuylgsqfwqwhvgcy7,https://bergamotte.imgix.net/s32y71gilfmx9rw75trh4wrt6hz4,https://bergamotte.imgix.net/4qztkldcxcojnfz125o6g4afi1vl,https://bergamotte.imgix.net/lc7uwo3qqkms0n8ym5qo959puyq4,https://bergamotte.imgix.net/i4xxlawhn67sxz7bkj1qbd78dej4",9117,,,,,9.90 EUR,true,true,false,,FR,FR
9174,Champagne Laurent-Perrier 37.5cl - Idées cadeaux gourmandes - Fleuriste Bergamotte,"Issue du jus le plus pur du raisin, « La Cuvée » initie au style Laurent‑Perrier. Composé majoritairement de Chardonnay, ce champagne se caractérise par une grande finesse et une belle fraîcheur obtenues après un long vieillissement en caves. Bouteille de Champagne Laurent-Perrier La Cuvée, brut 37.5cl Origine : Tours-sur-Marne - France Contenance : 37.5cl (79.73 € / L) Alcool : 12 % Cépage : Chardonnay 53 %, pinot noir 33 %, pinot meunier 14 % Contient des SULFITES Fabriquant : Laurent-Perrier - 32 avenue de Champagne, 51150 Tours-sur-Marne, France. L'abus d'alcool est dangereux pour la santé. A consommer avec modération. La consommation de boissons alcoolisées pendant la grossesse, même en faible quantité, peut avoir des conséquences graves pour la santé de l’enfant. La vente d'alcool aux mineurs est strictement interdite.",https://www.bergamotte.fr/livraison-accessoires/demi-bouteille-de-champagne-laurent-perrier,Bergamotte,Bergamotte,https://bergamotte.imgix.net/0r82e5co9vklr7wz2oerzls4f7fh,in_stock,29.90 EUR,https://www.bergamotte.fr,https://www.bergamotte.fr/terms-and-conditions,true,14,new,"Alimentation, boissons et tabac > Boissons > Boissons alcoolisées > Vin",https://bergamotte.imgix.net/ezhjx1eulezjuluevjip4pmgtvbe,9174,,,,,9.90 EUR,true,true,false,,FR,FR
9262,Bouquet Etretat S - Livraison fleurs - Fleuriste en ligne Bergamotte,"Ce bouquet de fleurs se compose d'une harmonie de fleurs de saison rigoureusement sélectionnées pour leur fraîcheur et leur beauté : Limonium, Lentisque, Chrysantheme Blanc, Chrysantheme, Germinis, Rose, Rose. Diamètre 30 cm Hauteur 40 cm. Carte message offerte. Emballage sur mesure Le cadeau idéal en toute occasion : Parfait pour un anniversaire, un remerciement, ou simplement pour le plaisir d'offrir, le Bouquet Etretat saura transmettre vos plus belles émotions. Il est disponible en plusieurs tailles pour s'adapter à tous les budgets et à toutes les envies. Qualité et fraîcheur garanties : - Fleurs de saison : cueillies en direct des meilleurs producteurs. - Circuit court : pour une fraîcheur et une longévité maximales. - Préparé à la commande : nos artisans fleuristes confectionnent votre bouquet avec soin dans notre atelier parisien. Livraison express et services sur-mesure : - Livraison de fleurs en 24h dans toute la France et en 3h à Paris. - Carte message offerte pour accompagner votre bouquet. - Emballage soigné et conçu pour le transport. Offrez plus qu'un simple bouquet, offrez une expérience florale inoubliable avec le Bouquet Etretat de Bergamotte. Commandez en ligne pour une livraison de fleurs à domicile rapide et soignée.",https://www.bergamotte.fr/livraison-fleurs/bouquet-etretat/v/bouquet-etretat-s,Bergamotte,Bergamotte,https://bergamotte.imgix.net/ntvc6zoz8ci7kawemo9ba62nwhlx,in_stock,24.90 EUR,https://www.bergamotte.fr,https://www.bergamotte.fr/terms-and-conditions,true,14,new,Arts et loisirs > Fêtes et soirées > Cadeaux > Fleurs coupées fraîches,https://bergamotte.imgix.net/s6wypqvb9c8bkmvs68lzegvdshe3,9262,,3401,true,"{""Taille du bouquet"": ""S""}",9.90 EUR,true,true,false,"{""custom_label_4"": ""costly""}",FR,FR
9413,Ficus elastica 'Belize' - Livraison plantes - Plantes vertes Bergamotte,"Ficus Philomène. Ficus elastica 'Belize'. Diamètre du pot : 14 cm - Hauteur : Entre 40 et 50 cm (pot inclus). Facile à vivre. Personnalisation possible Comment s’occuper de votre Ficus Philomène ? Producteur. Labellisé MPS-A/SQ. Difficulté. Débutant. Exposition. Lumineux. Arrosage. Modéré. Entretien. Toxicité Commandez votre Ficus Philomène dès aujourd'hui et recevez une plante d'exception, cultivée avec soin et livrée directement chez vous par Bergamotte. Le cadeau parfait pour soi ou pour un proche !",https://www.bergamotte.fr/livraison-plantes/philomene,Bergamotte,Bergamotte,https://bergamotte.imgix.net/dd82sqzulomzel4tnv8j3g42zeo8,in_stock,27.90 EUR,https://www.bergamotte.fr,https://www.bergamotte.fr/terms-and-conditions,true,14,new,Maison et jardin > Plantes > Plantes d'extérieur et d'intérieur,https://bergamotte.imgix.net/oiyit8fbkax1itruw7n5pk6ow716,9413,,,,,9.90 EUR,true,true,false,"{""custom_label_4"": ""costly""}",FR,FR
9418,Bouquet de Roses Coloma S - 7 roses - Livraison Fleurs a Domicile 3h Paris & 24h France - Fleurs pas Cher - Fleurs Fraiches de Saison - Amour,"Ce bouquet de fleurs se compose d'une harmonie de fleurs de saison rigoureusement sélectionnées pour leur fraîcheur et leur beauté : Rose, Eucalyptus. 7 roses + eucalyptus / Hauteur 45 cm. La valeur sûre. Carte message offerte. Emballage sur mesure Le cadeau idéal en toute occasion : Parfait pour un anniversaire, un remerciement, ou simplement pour le plaisir d'offrir, le Bouquet de roses Coloma saura transmettre vos plus belles émotions. Il est disponible en plusieurs tailles pour s'adapter à tous les budgets et à toutes les envies. Qualité et fraîcheur garanties : - Fleurs de saison : cueillies en direct des meilleurs producteurs. - Circuit court : pour une fraîcheur et une longévité maximales. - Préparé à la commande : nos artisans fleuristes confectionnent votre bouquet avec soin dans notre atelier parisien. Livraison express et services sur-mesure : - Livraison de fleurs en 24h dans toute la France et en 3h à Paris. - Carte message offerte pour accompagner votre bouquet. - Emballage soigné et conçu pour le transport. Offrez plus qu'un simple bouquet, offrez une expérience florale inoubliable avec le Bouquet de roses Coloma de Bergamotte. Commandez en ligne pour une livraison de fleurs à domicile rapide et soignée. Livraison express fleurs a domicile : en 3h a Paris et le lendemain partout en France avant 13h Fleurs fraiches de saison selectionnees selon les arrivages du marche par nos fleuristes Bouquet de 7 roses Coloma et eucalyptus : tons roses pastel pour celebrer l amour et toutes les occasions Emballage premium sur mesure avec poche d eau offerte pour preserver vos fleurs pendant la livraison Carte message personnalisee offerte et emballage cadeau soigne pour toutes vos occasions speciales",https://www.bergamotte.fr/livraison-fleurs/bouquet-de-roses-coloma/v/bouquet-roses-coloma-s,Bergamotte,Bergamotte,https://bergamotte.imgix.net/n7rj7y7yigwigqrj03vaahdtnumv,in_stock,27.90 EUR,https://www.bergamotte.fr,https://www.bergamotte.fr/terms-and-conditions,true,14,new,Arts et loisirs > Fêtes et soirées > Cadeaux > Fleurs coupées fraîches,"https://bergamotte.imgix.net/uzf2k1mop69s836hb9joptv8tesy,https://bergamotte.imgix.net/af44soaudy9kc3amqmjd11npgrfo,https://bergamotte.imgix.net/8tpoevrii31vacv2h2rezcxc0ysv,https://bergamotte.imgix.net/d51y9vq69xlwo90sd0dlj20h2cvk,https://bergamotte.imgix.net/mscf7fh4pl49st3b21qvgjwu8ymf",9418,,3193,true,"{""Taille du bouquet"": ""S (7 roses)""}",9.90 EUR,true,true,false,"{""custom_label_4"": ""new""}",FR,FR
9456,Billes d'argile 2L - Soin des plantes - Livraison plantes - Plantes vertes Bergamotte,"La bille d'argile Clotaire est un choix parfait pour les amateurs de jardinage et les passionnés de plantes en intérieur. Grâce à leur structure poreuse, les billes d'argile Clotaire favorisent un excellent drainage de l'eau. Elles empêchent la stagnation de l'humidité autour des racines, prévenant ainsi les risques de pourriture et de maladies. Leur capacité à retenir et à libérer l'eau progressivement assure un équilibre hydrique idéal pour les plantes. Opter pour la Bille d'argile Clotaire, c'est choisir un produit de qualité, écologique et responsable, inscris dans une économie circulaire. Contenance : 2L = 2 pots de diamètre 15cm, packaging recyclé et recyclable",https://www.bergamotte.fr/livraison-plantes/bille-argile-2l,Bergamotte,Bergamotte,https://bergamotte.imgix.net/x6mw6vb6znl35v7ka0fn61e008eu,in_stock,5.90 EUR,https://www.bergamotte.fr,https://www.bergamotte.fr/terms-and-conditions,true,14,new,Maison et jardin > Pelouses et jardins > Jardinage > Engrais,https://bergamotte.imgix.net/d3gsqmbwmzri5fv06kqiufksvfr7,9456,,,,,9.90 EUR,true,true,false,,FR,FR
9458,Sachet de graines Bisous fleuris - Accessoires décoration - Idées cadeaux - Fleuriste Bergamotte,"Ce sachet de graines de cosmos bio de La Fabrique à Sachets est parfait pour ceux souhaitant offrir une jolie surprise aux personnes qu’ils chérissent grâce au cadeau à semer « Bisous fleuris ». Espiègle et poétique !. Sachet blanc moucheté fabriqué à partir de fibres de paille Format : 70 x 100 mm | Papier FSC, recyclé et recyclable Des graines de cosmos françaises, bio, reproductibles et mellifères : une variété annuelle qui pousse à tous les coups et la moitié de l’année. Une graine semée se transforme en grande tige avec de multiples fleurs roses, pourpres ou blanches. Contient env. 50 graines | Surface de 3 m2 ou 8 pots (préférez des grands pots) Fabrication made in Nantes. Et si l’on semait pour s’aimer ? Oui, vous avez bien lu, La Fabrique à sachet et Bergamotte, vous invite à offrir cette petite surprise pas comme les autres : un sachet de graines à faire pousser, qui a aussi un joli message à faire passer.",https://www.bergamotte.fr/livraison-accessoires/sachet-de-graines-bisous-fleuris,Bergamotte,Bergamotte,https://bergamotte.imgix.net/4dprd966s0ig0kkf8puo0d149vbd,in_stock,3.90 EUR,https://www.bergamotte.fr,https://www.bergamotte.fr/terms-and-conditions,true,14,new,Arts et loisirs > Fêtes et soirées > Cadeaux,https://bergamotte.imgix.net/gjsh7rci6st58cnuhumvikc4h3e5,9458,,,,,9.90 EUR,true,true,false,,FR,FR
9459,Sachet de graines Joyeux anniversaire - Accessoires décoration - Idées cadeaux - Fleuriste Bergamotte,"Ce sachet de graines de fleurs des champs de La Fabrique à Sachets revisite la traditionnelle carte d’anniversaire pour la rendre plus originale, symbolique et moderne. Colorés et joyeux, ce mélange de graines est parfait pour les indécis et invite vos proches à la fête !. Sachet blanc moucheté fabriqué à partir de fibres de paille Format : 70 x 100 mm | Papier FSC, recyclé et recyclable Des graines de fleurs des champs françaises, non traitées, reproductibles et mellifères : cette variété annuelle est en réalité un panaché de plusieurs fleurs champêtres. Contient env. 350 graines | Surface de 3 m2 ou 8 pots Fabrication made in Nantes. Et si l’on semait pour s’aimer ? Oui, vous avez bien lu, La Fabrique à sachet et Bergamotte, vous invite à offrir cette petite surprise pas comme les autres : un sachet de graines à faire pousser, qui a aussi un joli message à faire passer.",https://www.bergamotte.fr/livraison-accessoires/sachet-de-graines-joyeux-anniversaire,Bergamotte,Bergamotte,https://bergamotte.imgix.net/fkijmtuwdzae80pue7edy61bbbdd,in_stock,3.90 EUR,https://www.bergamotte.fr,https://www.bergamotte.fr/terms-and-conditions,true,14,new,Arts et loisirs > Fêtes et soirées > Cadeaux,https://bergamotte.imgix.net/lasxvaon9zhaei3ro58m76wz3gir,9459,,,,,9.90 EUR,true,true,false,,FR,FR
9460,Biscuits d'anniversaire - Idées cadeaux gourmandes - Fleuriste Bergamotte,"Pour aider votre ami(e) à passer le cap, offrez lui les biscuits au chocolat porteurs de messages réconfortants et mignons de la marque Le French Biscuit !. Biscuits sablés au cacao Poids : 156 grammes (12 biscuits au chocolat) Ingrédients : Farine de blé d'Ile-de-France, beurre AOP d’Isigny Saint-Mère, sucre blanc, cacao plein arôme Barry, œufs entier plein air, sel. Allergènes mentionnés en gras. Valeurs nutritionnelles pour 100g : Energie : 1741,4 kj / 416,1 kcal, matières grasses : 21,2 g (dont acides gras saturés : 14,4 g), glucides : 46,1 g (dont sucres : 22,2 g), fibres alimentaires : 1,5 g, protéines : 7,6 g, sel : 1,0 g (156 grammes - Prix/kg : 89.10€)Fabriqué dans un atelier où sont utilisés des arachides et des fruits à coque. À consommer de préférence avant la date indiquée sur l'emballage. Conservation optimale : Les biscuits se conservent idéalement 6 mois dans leur emballage d'origine ou une boîte hermétique, à l'abri de la chaleur et l'humidité. Confectionné en Île de France. Fabriquant : Le French Biscuit - 14, avenue du 1er mai, 91120 PALAISEAU",https://www.bergamotte.fr/livraison-accessoires/biscuits-anniversaire,Bergamotte,Bergamotte,https://bergamotte.imgix.net/55jp7ff7o077sx66ba2fktfg9xb1,in_stock,13.90 EUR,https://www.bergamotte.fr,https://www.bergamotte.fr/terms-and-conditions,true,14,new,"Alimentation, boissons et tabac",https://bergamotte.imgix.net/ut21pkfy7m8963ognhrlu6wobru6,9460,,,,,9.90 EUR,true,true,false,,FR,FR
9461,Parfum d'ambiance Bois de Figuier - Accessoires décoration - Idées cadeaux - Fleuriste Bergamotte,"Ce spray d'ambiance est une création unique et exclusive pour Bergamotte, créé par un maître parfumeur français. Les notes qui composent le parfum sont : -notes de tête: feuilles d'olivier, figue, violette -notes de cœur: cyclamen, notes vertes -notes de fond: cèdre blanc Le parfum est conçu avec la plus fine qualité de matières premières dans le parfait respect de l’environnement. Flacon : 100ml, verre Formulé et fabriqué en France",https://www.bergamotte.fr/livraison-accessoires/parfum-ambiance-bois-de-figuier,Bergamotte,Bergamotte,https://bergamotte.imgix.net/2sgxyh9dspirj0q6gxob29oq54i5,in_stock,35.90 EUR,https://www.bergamotte.fr,https://www.bergamotte.fr/terms-and-conditions,true,14,new,Maison et jardin > Décorations,https://bergamotte.imgix.net/wipd1qxkhducvgjlvk7azedmsggz,9461,,,,,9.90 EUR,true,true,false,,FR,FR
9471,Cache-pot rose D23 - Accessoires décoration - Idées cadeaux - Fleuriste Bergamotte,Diamètre : 23 cm Hauteur : 22 cm Composition : Céramique. Diamètre : 23 cm Hauteur : 22 cm Composition : Céramique,https://www.bergamotte.fr/pots/cache-pot-rose-d23,Bergamotte,Bergamotte,https://bergamotte.imgix.net/jtmgy4v8z3j8bd6ks02xkqonusmb,in_stock,24.90 EUR,https://www.bergamotte.fr,https://www.bergamotte.fr/terms-and-conditions,true,14,new,Arts et loisirs > Fêtes et soirées > Cadeaux,,9471,,,,,9.90 EUR,true,true,false,,FR,FR
9477,Vase Prado - Accessoires décoration - Idées cadeaux - Fleuriste Bergamotte,Matériau principal : Verre Couleur : Vert d'eau Hauteur : 20 cm Largeur : 6 cm / 8.7 cm. Matériau principal : Verre Couleur : Vert d'eau Hauteur : 20 cm Largeur : 6 cm / 8.7 cm,https://www.bergamotte.fr/vases/vase-prado/v/vase-prado,Bergamotte,Bergamotte,https://bergamotte.imgix.net/k9yx2c72roc53csggobu3vnv2lix,in_stock,12.90 EUR,https://www.bergamotte.fr,https://www.bergamotte.fr/terms-and-conditions,true,14,new,Arts et loisirs > Fêtes et soirées > Cadeaux,https://bergamotte.imgix.net/4oxt4lxwcxfj9f29c8rg0iunuvmi,9477,,,,,9.90 EUR,true,true,false,,FR,FR
9588,Carmona microphylla - Livraison plantes - Plantes vertes Bergamotte,"Bonsaï Zack. Carmona microphylla. Hauteur : entre 20 et 30 cm (pot inclus) - Chaque Bonsaï est différent : sa forme, sa hauteur et le nombre de ses branches peut varier, photos non contractuelles. À ne surtout pas manquer. Fait pour vous Comment s’occuper de votre Bonsaï Zack ? Pet-friendly. Producteur. Labellisé MPS-A/SQ. Entretien. Arrosage. Régulier. Exposition. Lumineux. Difficulté. Intermédiaire Commandez votre Bonsaï Zack dès aujourd'hui et recevez une plante d'exception, cultivée avec soin et livrée directement chez vous par Bergamotte. Le cadeau parfait pour soi ou pour un proche !",https://www.bergamotte.fr/livraison-plantes/zack,Bergamotte,Bergamotte,https://bergamotte.imgix.net/buq3nghgt0ltc9wzz3yhxxh09t9k,in_stock,39.90 EUR,https://www.bergamotte.fr,https://www.bergamotte.fr/terms-and-conditions,true,14,new,Maison et jardin > Plantes > Plantes d'extérieur et d'intérieur,https://bergamotte.imgix.net/cgzvll8npjwxpgi7k6amtbu9d3xs,9588,,,,,9.90 EUR,true,true,false,"{""custom_label_4"": ""costly""}",FR,FR
9627,Vase Verre recycle Opale - Transparent - H30cm - L10.5cm - Adapte Bouquets XL - Livraison 24h - Idee Cadeau Deco,"Vos fleurs de saison ont besoin d'un vase à la hauteur ! Celui-ci saura les mettre en valeur, son verre transparent donnera à votre pièce de la légèreté et votre bouquet semblera suspendu, comme un nuage de fleurs. Hauteur : 30 cm Diamètre : 10.5 cm / 15 cm Couleur : Transparent Composition : Verre recyclé. Vous avez trouvé le bouquet de fleurs parfait, mais qu'en est-il du vase ? Oui, oui, on y pense rarement et finalement, on se retrouve à courir les magasins, à la recherche de ce dernier. Pas de panique, nous avons trouvé celui qu'il vous faut, un vase transparent, au design léger et parfaitement adapté aux bouquets hauts. Livraison a domicile en 24h partout en France ou en 3h a Paris et soigneusement emballe Adapte aux bouquets XL - verre recycle cisele - finition transparente - style boheme Dimensions : 30 cm x 10.5 / 15 cm - Matiere : Verre recycle - Couleur : Transparent Entretien facile : Rincer a l eau tiede Vase decoratif design vendu seul ou en pack avec votre bouquet bergamotte - Cadeau ideal",https://www.bergamotte.fr/vases/vase-opale,Bergamotte,Bergamotte,https://bergamotte.imgix.net/ho4tj8o8sxz3c3uz6kie7k5bhtbb,in_stock,35.90 EUR,https://www.bergamotte.fr,https://www.bergamotte.fr/terms-and-conditions,true,14,new,Arts et loisirs > Fêtes et soirées > Cadeaux,"https://bergamotte.imgix.net/7od9d6moq35gbhq9dqy8jv6frgqs,https://bergamotte.imgix.net/4lv3dk8ls4d4dwf0sp17fdfas4lm,https://bergamotte.imgix.net/xxbs34uey3otuc8zds5hf8dk477y",9627,,,,,9.90 EUR,true,true,false,,FR,FR
9662,Bouquet du Marche Taille S - Livraison Fleurs a Domicile 3h Paris & 24h France - Fleurs Fraiches de Saison,"Ce bouquet de fleurs se compose d'une harmonie de fleurs de saison rigoureusement sélectionnées pour leur fraîcheur et leur beauté : Lisianthus, Limonium, Antirrhinum, Gerbera, Santini, Eucalyptus, Rose branchue. Diamètre 28 cm Hauteur 45 cm. Carte message offerte. Emballage sur mesure. Avec des fleurs françaises Le cadeau idéal en toute occasion : Parfait pour un anniversaire, un remerciement, ou simplement pour le plaisir d'offrir, le Bouquet du Marché saura transmettre vos plus belles émotions. Il est disponible en plusieurs tailles pour s'adapter à tous les budgets et à toutes les envies. Qualité et fraîcheur garanties : - Fleurs de saison : cueillies en direct des meilleurs producteurs. - Circuit court : pour une fraîcheur et une longévité maximales. - Préparé à la commande : nos artisans fleuristes confectionnent votre bouquet avec soin dans notre atelier parisien. Livraison express et services sur-mesure : - Livraison de fleurs en 24h dans toute la France et en 3h à Paris. - Carte message offerte pour accompagner votre bouquet. - Emballage soigné et conçu pour le transport. Offrez plus qu'un simple bouquet, offrez une expérience florale inoubliable avec le Bouquet du Marché de Bergamotte. Commandez en ligne pour une livraison de fleurs à domicile rapide et soignée. Livraison express fleurs a domicile : en 3h a Paris et le lendemain partout en France avant 13h Fleurs fraiches de saison selectionnees chaque matin par nos fleuristes Bouquet S compose de fleurs de saison selectionnees par nos fleuristes et livre sous 24h en France Emballage premium sur mesure avec poche d eau offerte pour preserver vos fleurs pendant la livraison Carte message personnalisee offerte et emballage cadeau soigne pour toutes vos occasions speciales",https://www.bergamotte.fr/livraison-fleurs/bouquet-du-marche/v/bouquet-du-marche-s,Bergamotte,Bergamotte,https://bergamotte.imgix.net/qxf0qclfk4ewcvrud8is3ewdz7ny,in_stock,27.90 EUR,https://www.bergamotte.fr,https://www.bergamotte.fr/terms-and-conditions,true,14,new,Arts et loisirs > Fêtes et soirées > Cadeaux > Fleurs coupées fraîches,"https://bergamotte.imgix.net/p2j0w4uq26j6k6fitnoav5aus50s,https://bergamotte.imgix.net/8tg7nej7d1lpr974nx9s8zph180c,https://bergamotte.imgix.net/8kog62f492c0tu7e8zd7irzvqdwz,https://bergamotte.imgix.net/s7g4bxt0upks6bxbxhbmipyfju4l,https://bergamotte.imgix.net/mphlne9tdxnq9gltyqvu25nsrz4q",9662,,3460,true,"{""Taille du bouquet"": ""S""}",9.90 EUR,true,true,false,"{""custom_label_4"": ""costly""}",FR,FR
9663,Bouquet du Marche Taille M - Livraison Fleurs a Domicile 3h Paris & 24h France - Fleurs Fraiches de Saison,"Ce bouquet de fleurs se compose d'une harmonie de fleurs de saison rigoureusement sélectionnées pour leur fraîcheur et leur beauté : Lisianthus, Limonium, Antirrhinum, Gerbera, Santini, Eucalyptus, Rose branchue. Diamètre 31 cm Hauteur 45 cm. Carte message offerte. Emballage sur mesure. Avec des fleurs françaises Le cadeau idéal en toute occasion : Parfait pour un anniversaire, un remerciement, ou simplement pour le plaisir d'offrir, le Bouquet du Marché saura transmettre vos plus belles émotions. Il est disponible en plusieurs tailles pour s'adapter à tous les budgets et à toutes les envies. Qualité et fraîcheur garanties : - Fleurs de saison : cueillies en direct des meilleurs producteurs. - Circuit court : pour une fraîcheur et une longévité maximales. - Préparé à la commande : nos artisans fleuristes confectionnent votre bouquet avec soin dans notre atelier parisien. Livraison express et services sur-mesure : - Livraison de fleurs en 24h dans toute la France et en 3h à Paris. - Carte message offerte pour accompagner votre bouquet. - Emballage soigné et conçu pour le transport. Offrez plus qu'un simple bouquet, offrez une expérience florale inoubliable avec le Bouquet du Marché de Bergamotte. Commandez en ligne pour une livraison de fleurs à domicile rapide et soignée. Livraison express fleurs a domicile : en 3h a Paris et le lendemain partout en France avant 13h Fleurs fraiches de saison selectionnees chaque matin par nos fleuristes Bouquet M genereux compose de fleurs fraiches de saison ideal pour offrir a toutes les occasions Emballage premium sur mesure avec poche d eau offerte pour preserver vos fleurs pendant la livraison Carte message personnalisee offerte et emballage cadeau soigne pour toutes vos occasions speciales",https://www.bergamotte.fr/livraison-fleurs/bouquet-du-marche,Bergamotte,Bergamotte,https://bergamotte.imgix.net/skeznzrcmjec3pxwiqjzcp726k2y,in_stock,47.90 EUR,https://www.bergamotte.fr,https://www.bergamotte.fr/terms-and-conditions,true,14,new,Arts et loisirs > Fêtes et soirées > Cadeaux > Fleurs coupées fraîches,"https://bergamotte.imgix.net/kmfhqvgcak7i7if82uu9gyh15ziy,https://bergamotte.imgix.net/8tg7nej7d1lpr974nx9s8zph180c,https://bergamotte.imgix.net/8kog62f492c0tu7e8zd7irzvqdwz,https://bergamotte.imgix.net/s7g4bxt0upks6bxbxhbmipyfju4l,https://bergamotte.imgix.net/mphlne9tdxnq9gltyqvu25nsrz4q",9663,,3460,true,"{""Taille du bouquet"": ""M""}",9.90 EUR,true,true,false,"{""custom_label_4"": ""costly""}",FR,FR
9664,Bouquet du Marche Taille L - Livraison Fleurs a Domicile 3h Paris & 24h France - Fleurs Fraiches de Saison,"Ce bouquet de fleurs se compose d'une harmonie de fleurs de saison rigoureusement sélectionnées pour leur fraîcheur et leur beauté : Lisianthus, Limonium, Antirrhinum, Gerbera, Santini, Eucalyptus, Rose branchue. Diamètre 36 cm Hauteur 50 cm. Carte message offerte. Emballage sur mesure. Avec des fleurs françaises Le cadeau idéal en toute occasion : Parfait pour un anniversaire, un remerciement, ou simplement pour le plaisir d'offrir, le Bouquet du Marché saura transmettre vos plus belles émotions. Il est disponible en plusieurs tailles pour s'adapter à tous les budgets et à toutes les envies. Qualité et fraîcheur garanties : - Fleurs de saison : cueillies en direct des meilleurs producteurs. - Circuit court : pour une fraîcheur et une longévité maximales. - Préparé à la commande : nos artisans fleuristes confectionnent votre bouquet avec soin dans notre atelier parisien. Livraison express et services sur-mesure : - Livraison de fleurs en 24h dans toute la France et en 3h à Paris. - Carte message offerte pour accompagner votre bouquet. - Emballage soigné et conçu pour le transport. Offrez plus qu'un simple bouquet, offrez une expérience florale inoubliable avec le Bouquet du Marché de Bergamotte. Commandez en ligne pour une livraison de fleurs à domicile rapide et soignée. Livraison express fleurs a domicile : en 3h a Paris et le lendemain partout en France avant 13h Fleurs fraiches de saison selectionnees chaque matin par nos fleuristes Bouquet L impressionnant compose de fleurs fraiches de saison pour un cadeau floral haut de gamme Emballage premium sur mesure avec poche d eau offerte pour preserver vos fleurs pendant la livraison Carte message personnalisee offerte et emballage cadeau soigne pour toutes vos occasions speciales",https://www.bergamotte.fr/livraison-fleurs/bouquet-du-marche/v/bouquet-du-marche-l,Bergamotte,Bergamotte,https://bergamotte.imgix.net/ge4twmd5gj84hf8iw0qqv9dl9gdv,in_stock,69.90 EUR,https://www.bergamotte.fr,https://www.bergamotte.fr/terms-and-conditions,true,14,new,Arts et loisirs > Fêtes et soirées > Cadeaux > Fleurs coupées fraîches,"https://bergamotte.imgix.net/dge02fvfhvdiyeiamgkacf5prwms,https://bergamotte.imgix.net/gj9r52so51ae6izvgykfktujz6pc,https://bergamotte.imgix.net/8tg7nej7d1lpr974nx9s8zph180c,https://bergamotte.imgix.net/8kog62f492c0tu7e8zd7irzvqdwz,https://bergamotte.imgix.net/mphlne9tdxnq9gltyqvu25nsrz4q",9664,,3460,true,"{""Taille du bouquet"": ""L""}",9.90 EUR,true,true,false,"{""custom_label_4"": ""costly""}",FR,FR
9716,Cache-pot vert D16 - Accessoires décoration - Idées cadeaux - Fleuriste Bergamotte,"Diamètre : 16 cm Hauteur : 14,8 cm Composition : Céramique. Diamètre : 16 cm Hauteur : 14,8 cm Composition : Céramique",https://www.bergamotte.fr/pots/cache-pot-vert-d16,Bergamotte,Bergamotte,https://bergamotte.imgix.net/3gi0vozs3gxw7qheyho433bbjgbe,in_stock,14.90 EUR,https://www.bergamotte.fr,https://www.bergamotte.fr/terms-and-conditions,true,14,new,Arts et loisirs > Fêtes et soirées > Cadeaux,,9716,,,,,9.90 EUR,true,true,false,,FR,FR
9717,Cache-pot rose D16 - Accessoires décoration - Idées cadeaux - Fleuriste Bergamotte,"Diamètre : 16 cm Hauteur : 14,8 cm Composition : Céramique. Diamètre : 16 cm Hauteur : 14,8 cm Composition : Céramique",https://www.bergamotte.fr/pots/cache-pot-rose-d16,Bergamotte,Bergamotte,https://bergamotte.imgix.net/pnrflxy2340elg7ly99cip20ns5s,in_stock,14.90 EUR,https://www.bergamotte.fr,https://www.bergamotte.fr/terms-and-conditions,true,14,new,Arts et loisirs > Fêtes et soirées > Cadeaux,,9717,,,,,9.90 EUR,true,true,false,,FR,FR
9720,Olla hydratante - Accessoires décoration - Idées cadeaux - Fleuriste Bergamotte,"L’Olla régule naturellement l’écoulement de l’eau dans le terreau grâce à sa céramique microporeuse. Elle est idéale pour les absences (vacances,...) mais aussi pour assurer un apport d'eau adéquat, en fonction des besoins de chaque plante. Plantez la pointe de l'olla dans la terre puis remplissez la d'eau. Autonomie : Environ 1 semaine (en cas de fortes chaleurs, il est possible d'avoir à la remplir plus régulièrement) Dimensions : 14 x 8cm - 25cl Fabrication : Portugal",https://www.bergamotte.fr/livraison-accessoires/olla-hydratante,Bergamotte,Bergamotte,https://bergamotte.imgix.net/f24xfqdj2unoqsxappnxmd2cn7gm,in_stock,24.90 EUR,https://www.bergamotte.fr,https://www.bergamotte.fr/terms-and-conditions,true,14,new,Arts et loisirs > Fêtes et soirées > Cadeaux,https://bergamotte.imgix.net/p7thf6qaryzmjm6ptdymiyhc85gw,9720,,,,,9.90 EUR,true,true,false,,FR,FR
9782,Euphorbia trigona 'Rubra' - Livraison plantes - Plantes vertes Bergamotte,"Cactus Gus. Euphorbia trigona 'Rubra'. Diamètre du pot : 12 cm - Hauteur : Entre 25 et 50 cm (pot inclus). Chaque plante est unique : sa forme et sa hauteur peuvent varier, photos non contractuelles. (Presque) rien à faire. Personnalisation possible Comment s’occuper de votre Cactus Gus ? Difficulté. Débutant. Exposition. Très lumineux. Arrosage. Très léger. Entretien. Toxicité. Mise en garde Commandez votre Cactus Gus dès aujourd'hui et recevez une plante d'exception, cultivée avec soin et livrée directement chez vous par Bergamotte. Le cadeau parfait pour soi ou pour un proche !",https://www.bergamotte.fr/livraison-plantes/gus,Bergamotte,Bergamotte,https://bergamotte.imgix.net/5wcasnakm245716ikj9kqnhg67eg,in_stock,24.90 EUR,https://www.bergamotte.fr,https://www.bergamotte.fr/terms-and-conditions,true,14,new,Maison et jardin > Plantes > Plantes d'extérieur et d'intérieur,https://bergamotte.imgix.net/y1zytgx1ylrym9faignynxyd69u5,9782,,,,,9.90 EUR,true,true,false,"{""custom_label_4"": ""profitable""}",FR,FR
9786,Orchidée (cambria 'Nelly Isler' ou 'Red velvet') - Livraison plantes - Plantes vertes Bergamotte,"Orchidée Aude. Orchidée (cambria 'Nelly Isler' ou 'Red velvet'). Diamètre du pot : 12 cm - Hauteur : Entre 50 et 60 cm (pot inclus). La plante peut être livrée à différents stades de floraison, de même, la variété peut varier selon les disponibilités. Personnalisation possible. Parfumé Comment s’occuper de votre Orchidée Aude ? Pet-friendly. Entretien. Floraison. Rose foncé / rouge. Producteur. Labellisé MPS-A/SQ/GAP. Exposition. Lumineux. Arrosage. Régulier. Difficulté. Débutant Commandez votre Orchidée Aude dès aujourd'hui et recevez une plante d'exception, cultivée avec soin et livrée directement chez vous par Bergamotte. Le cadeau parfait pour soi ou pour un proche !",https://www.bergamotte.fr/livraison-plantes/aude,Bergamotte,Bergamotte,https://bergamotte.imgix.net/vo5ytx4x4au5a9yj0vrzx44q2wzb,in_stock,39.90 EUR,https://www.bergamotte.fr,https://www.bergamotte.fr/terms-and-conditions,true,14,new,Maison et jardin > Plantes > Plantes d'extérieur et d'intérieur,https://bergamotte.imgix.net/rs3haxingtcf5f3iz8rvegwllj3q,9786,,,,,9.90 EUR,true,true,false,"{""custom_label_4"": ""profitable""}",FR,FR
9795,Citrus Limon Meyer Lisa - Citronnier - Fête des Pères - Livraison Plante 24h France - Idee Cadeau Vegetal,"Citronnier Sidonie. Citrus Limon Meyer 'Lisa'. Hauteur : Entre 25 et 35 cm (pot inclus). La bonne idée cadeau Comment s’occuper de votre Citronnier Sidonie ? Entretien. Mise en garde. Difficulté. Débutant. Résistance au froid. Peu rustique. Exposition. Ensoleillée. Arrosage. Régulier. Producteur. MPS C/GAP/SQ Commandez votre Citronnier Sidonie dès aujourd'hui et recevez une plante d'exception, cultivée avec soin et livrée directement chez vous par Bergamotte. Le cadeau parfait pour soi ou pour un proche ! Livraison a domicile en 24h partout en France ou en 3h a Paris soigneusement emballe Citronnier Sidonie; variete Citrus Limon Meyer Lisa; agrume decoratif et fruitier pour interieur lumineux Hauteur entre 25 et 35 cm pot inclus - Producteur certifie MPS-C; GAP et SQ Entretien facile niveau debutant; peu rustique; exposition ensoleilee et arrosage regulier Carte message personnalisee offerte; idee cadeau vegetal original pour toutes les occasions",https://www.bergamotte.fr/livraison-jardin/sidonie,Bergamotte,Bergamotte,https://bergamotte.imgix.net/o5wjh4ydn2vwi9y7o7vao9ohdbqz,in_stock,49.90 EUR,https://www.bergamotte.fr,https://www.bergamotte.fr/terms-and-conditions,true,14,new,Maison et jardin > Plantes > Plantes d'extérieur et d'intérieur,"https://bergamotte.imgix.net/bf1ppuqmck2yudg4wx3hd9kiizog,https://bergamotte.imgix.net/d1hsnq85lbcxl2va4futvyh2c9uc,https://bergamotte.imgix.net/klm3tfekv79cfefh96h0z5a28b13,https://bergamotte.imgix.net/z88fnx5io25gztiw8t3a43mdwhxd",9795,,,,,9.90 EUR,true,true,false,,FR,FR
9822,Couronne Ottawa - Livraison fleurs séchées - Fleuriste en ligne Bergamotte,"Apportez une touche de poésie et de nature intemporelle à votre intérieur avec cette couronne de fleurs séchées. Une création artisanale tout en texture, conçue pour durer et embellir votre quotidien sans le moindre effort. Parfaite pour habiller un mur, décorer une porte ou comme centre de table, la Couronne Ottawa s'intègre harmonieusement dans tous les styles de décoration, du plus moderne au plus bohème. C'est un cadeau idéal et durable, qui ne fane jamais. Pour conserver sa beauté, placez-la à l'abri du soleil direct et de l'humidité. Un simple dépoussiérage délicat au sèche-cheveux (air froid, faible puissance) suffira à l'entretenir. Pourquoi vous allez adorer votre Couronne Ottawa : - Décoration Durable, Zéro Entretien : Oubliez l'arrosage ! ces fleurs séchées conservent leur beauté et leurs couleurs des mois, voire des années. Un simple dépoussiérage occasionnel suffit. - Style Bohème Tendance : Parfait pour ajouter une touche chaleureuse, naturelle et texturée à un salon, une chambre ou un bureau. Elle s'intègre à merveille dans tous les décors. Livraison express et services sur-mesure : - Livraison de fleurs en 24h dans toute la France et en 3h à Paris. - Carte message offerte pour accompagner vos fleurs séchées. - Emballage soigné et conçu pour le transport. Caractéristique : Diamètre 30 cm Le Cadeau Parfait qui Dure : C'est le cadeau idéal pour une pendaison de crémaillère, un anniversaire ou simplement pour offrir une attention qui ne se fane pas. Une touche de nature intemporelle qui plaira à coup sûr. Commandez votre Couronne Ottawa pour une touche de nature éternelle dans votre maison. Une création Bergamotte, livrée avec soin partout en France.",https://www.bergamotte.fr/livraison-fleurs-sechees/couronne-ottawa/v/couronne-ottawa-m,Bergamotte,Bergamotte,https://bergamotte.imgix.net/fq4m3u75askqqp3tgkgy3fugx5pz,in_stock,49.90 EUR,https://www.bergamotte.fr,https://www.bergamotte.fr/terms-and-conditions,true,14,new,Maison et jardin > Décorations > Fleurs séchées,https://bergamotte.imgix.net/9y4tjp0v7peeapi6hdia9j1gw536,9822,,,,,9.90 EUR,true,true,false,"{""custom_label_4"": ""new""}",FR,FR
9826,Bouquet de Fleurs Séchées Vermont (Taille L) - Tons Rouges et Ocres - Boheme - Livraison 24h France - Decoration Durable,"Faites entrer un air d'évasion et de poésie bohème dans votre intérieur avec ces fleurs séchées. Une création artisanale tout en texture, conçue pour durer et embellir votre quotidien sans le moindre effort. Pourquoi vous allez adorer votre Bouquet Vermont L : - Décoration Durable, Zéro Entretien : Oubliez l'arrosage ! ces fleurs séchées conservent leur beauté et leurs couleurs des mois, voire des années. Un simple dépoussiérage occasionnel suffit. - Style Bohème Tendance : Parfait pour ajouter une touche chaleureuse, naturelle et texturée à un salon, une chambre ou un bureau. Il s'intègre à merveille dans tous les décors. Livraison express et services sur-mesure : - Livraison de fleurs en 24h dans toute la France et en 3h à Paris. - Carte message offerte pour accompagner vos fleurs séchées. - Emballage soigné et conçu pour le transport. Caractéristique : Diamètre 45 cm Hauteur 60 cm Le Cadeau Parfait qui Dure : C'est le cadeau idéal pour une pendaison de crémaillère, un anniversaire ou simplement pour offrir une attention qui ne se fane pas. Une touche de nature intemporelle qui plaira à coup sûr. Commandez votre Bouquet Vermont L pour une touche de nature éternelle dans votre maison. Une création artisanale Bergamotte, livrée avec soin partout en France. Livraison express a domicile : en 3h a Paris et le lendemain partout en France avant 13h Bouquet de fleurs sechees artisanal style boheme : composition texturee aux teintes rouges et ocres Decoration durable zero entretien : les fleurs sechees conservent leur beaute des mois voire des annees Diametre 45 cm et hauteur 60 cm : taille L pour habiller avec presence un salon une chambre ou un bureau Carte message personnalisee offerte et emballage soigne pour toutes vos occasions speciales",https://www.bergamotte.fr/livraison-fleurs/bouquet-vermont-l,Bergamotte,Bergamotte,https://bergamotte.imgix.net/2h0vt9zxav6cg95472lazpr0hj09,in_stock,69.90 EUR,https://www.bergamotte.fr,https://www.bergamotte.fr/terms-and-conditions,true,14,new,Maison et jardin > Décorations > Fleurs séchées,"https://bergamotte.imgix.net/f3tfs97yrmpx85i51mr8ve3w9j3i,https://bergamotte.imgix.net/6zubj899lhkezysv0fh5ui2rd4qb,https://bergamotte.imgix.net/mkg095y6fvomyon9gfhaqhkpvpk4,https://bergamotte.imgix.net/rgnkd501tidjag3qlp1wbxc4e12l,https://bergamotte.imgix.net/zoljiinbz3l4w5vwtn2jf55wt14u",9826,,,,,9.90 EUR,true,true,false,,FR,FR
9860,Bouquet de Fleurs Lago di Como L - Livraison Fleurs a Domicile 3h Paris & 24h France - Fleurs Fraiches de Saison - Tons Pastel et Roses,"Ce bouquet de fleurs se compose d'une harmonie de fleurs de saison rigoureusement sélectionnées pour leur fraîcheur et leur beauté : Gypsophile, Eucalyptus, Chrysantheme, Chrysantheme, Rose, Lisianthus, Lisianthus. Diamètre 37 cm Hauteur 50 cm. Carte message offerte. Emballage sur mesure. Avec des fleurs françaises Le cadeau idéal en toute occasion : Parfait pour un anniversaire, un remerciement, ou simplement pour le plaisir d'offrir, le Bouquet Lago di Como saura transmettre vos plus belles émotions. Il est disponible en plusieurs tailles pour s'adapter à tous les budgets et à toutes les envies. Qualité et fraîcheur garanties : - Fleurs de saison : cueillies en direct des meilleurs producteurs. - Circuit court : pour une fraîcheur et une longévité maximales. - Préparé à la commande : nos artisans fleuristes confectionnent votre bouquet avec soin dans notre atelier parisien. Livraison express et services sur-mesure : - Livraison de fleurs en 24h dans toute la France et en 3h à Paris. - Carte message offerte pour accompagner votre bouquet. - Emballage soigné et conçu pour le transport. Offrez plus qu'un simple bouquet, offrez une expérience florale inoubliable avec le Bouquet Lago di Como de Bergamotte. Commandez en ligne pour une livraison de fleurs à domicile rapide et soignée.",https://www.bergamotte.fr/livraison-fleurs/lago-di-como/v/bouquet-lago-di-como-l,Bergamotte,Bergamotte,https://bergamotte.imgix.net/4vlr9oz8mz3pr4mebjh1sqs6u3sc,in_stock,69.90 EUR,https://www.bergamotte.fr,https://www.bergamotte.fr/terms-and-conditions,true,14,new,Arts et loisirs > Fêtes et soirées > Cadeaux > Fleurs coupées fraîches,"https://bergamotte.imgix.net/dtglq6mwzzoub1rksaoxv8gkeatb,https://bergamotte.imgix.net/pwb4oj70zg3r72looggswdtv1xjj,https://bergamotte.imgix.net/t85uj9qq90x3ux5cf809rgsd6os5,https://bergamotte.imgix.net/ysm8rsmu3vst57tcqnk70496s91a,https://bergamotte.imgix.net/6s3vegzbgeizu3cxqwzael2hxmfu",9860,,3277,true,"{""Taille du bouquet"": ""L""}",9.90 EUR,true,true,false,"{""custom_label_4"": ""new""}",FR,FR
9882,Skimmia - Feuillage Persistant - Livraison Plante 24h France - Idee Cadeau Vegetal,"Skimmia Edouard. Skimmia. Hauteur : Entre 60 et 70 cm (pot inclus). La bonne idée cadeau. Petit prix Comment s’occuper de votre Skimmia Edouard ? Difficulté. Débutant. Résistance au froid. Rustique. Exposition. Ensoleillée ou mi ombragée. Arrosage. Régulier. Entretien. Mise en garde. Producteur. Labellisé MPS-A+/SQ/GAP Commandez votre Skimmia Edouard dès aujourd'hui et recevez une plante d'exception, cultivée avec soin et livrée directement chez vous par Bergamotte. Le cadeau parfait pour soi ou pour un proche ! Livraison a domicile en 24h partout en France ou en 3h a Paris, soigneusement emballe Skimmia au feuillage persistant et compact, plante ornementale ideale pour terrasse et balcon toute l annee Hauteur entre 60 et 70 cm, plante rustique et facile d entretien pour les debutants Exposition ensoleillee ou mi-ombragee et arrosage regulier, s adapte a tous les environnements Carte message personnalisee offerte, idee cadeau vegetal original pour toutes les occasions",https://www.bergamotte.fr/livraison-jardin/edouard,Bergamotte,Bergamotte,https://bergamotte.imgix.net/2q3r3lflynppwv3ks6xv75m56og4,in_stock,59.90 EUR,https://www.bergamotte.fr,https://www.bergamotte.fr/terms-and-conditions,true,14,new,Maison et jardin > Plantes > Plantes d'extérieur et d'intérieur,"https://bergamotte.imgix.net/y4fbfj2c1t8vgwybbpepc2o0a6w7,https://bergamotte.imgix.net/o0voufz0eedhdn6d21joh1tpoh75,https://bergamotte.imgix.net/t9f3zd7o8f6n4pbmckdjb2fvnl5z,https://bergamotte.imgix.net/js7sgce4s86o8lydr68t03y9zs68",9882,,,,,9.90 EUR,true,true,false,"{""custom_label_4"": ""new""}",FR,FR
9936,Vase Ceramique Faro - Raye Rose - H23cm - Design exclusif - Carafe - Adapte Bouquets M et L - Livraison 24h - Idee Cadeau Deco,"Le vase à rayures Faro est une création exclusive Bergamotte. Fabriqué à la main dans notre usine partenaire au Portugal. Dimensions : 23 cm x 14 cm, ouverture de 9.5 cm. Peut être lavé au lave-vaisselle (à basse température) ou nettoyé avec du savon à vaisselle dilué pour protéger le motif. Le vase à rayures Faro est une création exclusive Bergamotte. Fabriqué à la main dans notre usine partenaire au Portugal. Dimensions : 23 cm x 14 cm, ouverture de 9.5 cm. Peut être lavé au lave-vaisselle (à basse température) ou nettoyé avec du savon à vaisselle dilué pour protéger le motif. Livraison a domicile en 24h partout en France ou en 3h a Paris et soigneusement emballe Adapte aux bouquets M et L - creation exclusive Bergamotte - fabrique a la main au Portugal - motif rayures Dimensions : 23 cm x 14 cm - ouverture 9.5 cm - Matiere : Ceramique - Couleur : Rose Entretien facile : Lavable au lave-vaisselle basse temperature ou savon vaisselle dilue Vase decoratif design vendu seul ou en pack avec votre bouquet bergamotte - Cadeau ideal",https://www.bergamotte.fr/vases/vase-faro-rose,Bergamotte,Bergamotte,https://bergamotte.imgix.net/id3f5tccww09ysy7us5m3c3dhs58,in_stock,59.90 EUR,https://www.bergamotte.fr,https://www.bergamotte.fr/terms-and-conditions,true,14,new,Arts et loisirs > Fêtes et soirées > Cadeaux,"https://bergamotte.imgix.net/lwpjoirrem217ljxic79r41kr8of,https://bergamotte.imgix.net/3h860w7afwds9b6tbfupeomhivnm,https://bergamotte.imgix.net/1gktwoeums5c39jp109s1ke62uxk,https://bergamotte.imgix.net/4lv3dk8ls4d4dwf0sp17fdfas4lm,https://bergamotte.imgix.net/tml60fl79ew2xvu5folndz28vd6r",9936,,,,,9.90 EUR,true,true,false,,FR,FR
9991,Cache-pot bordeaux D23 - Accessoires décoration - Idées cadeaux - Fleuriste Bergamotte,Diamètre : 23 cm Hauteur : 22 cm Composition : Céramique. Diamètre : 23 cm Hauteur : 22 cm Composition : Céramique,https://www.bergamotte.fr/pots/cache-pot-bordeaux-d23,Bergamotte,Bergamotte,https://bergamotte.imgix.net/jllorg7af98untkyvn06e7kuqiqj,in_stock,24.90 EUR,https://www.bergamotte.fr,https://www.bergamotte.fr/terms-and-conditions,true,14,new,Arts et loisirs > Fêtes et soirées > Cadeaux,,9991,,,,,9.90 EUR,true,true,false,,FR,FR
9993,Cache-pot brun D19 - Accessoires décoration - Idées cadeaux - Fleuriste Bergamotte,Diamètre : 19 cm Hauteur : 18 cm Composition : Céramique. Diamètre : 19 cm Hauteur : 18 cm Composition : Céramique,https://www.bergamotte.fr/pots/cache-pot-brun-d19,Bergamotte,Bergamotte,https://bergamotte.imgix.net/fahsijc0tdj7a1cb8wkzcsrh2fys,in_stock,22.90 EUR,https://www.bergamotte.fr,https://www.bergamotte.fr/terms-and-conditions,true,14,new,Arts et loisirs > Fêtes et soirées > Cadeaux,,9993,,,,,9.90 EUR,true,true,false,,FR,FR
10011,Cache-pot brun D23 - Accessoires décoration - Idées cadeaux - Fleuriste Bergamotte,Diamètre : 23 cm Hauteur : 22 cm Composition : Céramique. Diamètre : 23 cm Hauteur : 22 cm Composition : Céramique,https://www.bergamotte.fr/pots/cache-pot-brun-d23,Bergamotte,Bergamotte,https://bergamotte.imgix.net/vqdqajfu1jawhj5rkxfxgjpkekir,in_stock,24.90 EUR,https://www.bergamotte.fr,https://www.bergamotte.fr/terms-and-conditions,true,14,new,Arts et loisirs > Fêtes et soirées > Cadeaux,,10011,,,,,9.90 EUR,true,true,false,,FR,FR
10013,Calathea orbifolia - Livraison plantes - Plantes vertes Bergamotte,"Calathea Théo. Calathea orbifolia. Diamètre du pot : 19 cm - Hauteur : Entre 50 et 60 cm (pot inclus). Pet friendly. Personnalisation possible Comment s’occuper de votre Calathea Théo ? Pet-friendly. Entretien. Exposition. Semi-ombragé. Arrosage. Fréquent. Difficulté. Intermédiaire Commandez votre Calathea Théo dès aujourd'hui et recevez une plante d'exception, cultivée avec soin et livrée directement chez vous par Bergamotte. Le cadeau parfait pour soi ou pour un proche !",https://www.bergamotte.fr/livraison-plantes/theo,Bergamotte,Bergamotte,https://bergamotte.imgix.net/73372qxts3xs1v85aphj76ymahny,in_stock,49.90 EUR,https://www.bergamotte.fr,https://www.bergamotte.fr/terms-and-conditions,true,14,new,Maison et jardin > Plantes > Plantes d'extérieur et d'intérieur,https://bergamotte.imgix.net/bhiu5vb3hyep2cygei4ca66pmns7,10013,,,,,9.90 EUR,true,true,false,"{""custom_label_4"": ""new""}",FR,FR
10022,Vase Artisan Ecume - Accessoires décoration - Idées cadeaux - Fleuriste Bergamotte,"Co-créé avec Fernanda Justina, céramiste de l'atelier parisien Temps de Terre, le vase Artisan Écume est fabriqué à la main dans le 12e arrondissement. Cylindrique et élégant, il se distingue par un émail bleu nuit intense, appliqué à l'intérieur et à l'extérieur, sublimant ses rayures horizontales en relief. Conçu pour accueillir des bouquets de taille S et M, il associe lignes épurées et bleu profond pour capturer la lumière et s'imposer comme une pièce décorative unique. Chaque vase, réalisé en grès, résulte d'un processus artisanal méticuleux : tournage, tournassage, émaillage et plusieurs cuissons. Les irrégularités issues du geste de l'artisan rendent chaque pièce unique, témoignant de la rencontre entre la main et l’argile. Fernanda privilégie des émaux naturels non toxiques, garantissant des créations écologiques et durables, conçues pour durer. Ce vase est pensé pour s'adapter à tous les bouquets de taille S et M. Hauteur : 15 cm Diamètre : 11 cm Diamètre du col : 8 cm Fait main en France",https://www.bergamotte.fr/vases/vase-artisan-ecume,Bergamotte,Bergamotte,https://bergamotte.imgix.net/o6665psheelu11difuj3mvzxaixf,in_stock,79.90 EUR,https://www.bergamotte.fr,https://www.bergamotte.fr/terms-and-conditions,true,14,new,Arts et loisirs > Fêtes et soirées > Cadeaux,https://bergamotte.imgix.net/7slj9vnuyxe0x71vlq0zkvhrlaxn,10022,,,,,9.90 EUR,true,true,false,,FR,FR
10029,Céramique Warwick - Livraison fleurs séchées - Fleuriste en ligne Bergamotte,"Faites entrer un air d'évasion et de poésie bohème dans votre intérieur avec ces fleurs séchées. Une création artisanale tout en texture, conçue pour durer et embellir votre quotidien sans le moindre effort. Pourquoi vous allez adorer votre Céramique Warwick : - Décoration Durable, Zéro Entretien : Oubliez l'arrosage ! ces fleurs séchées conservent leur beauté et leurs couleurs des mois, voire des années. Un simple dépoussiérage occasionnel suffit. - Style Bohème Tendance : Parfait pour ajouter une touche chaleureuse, naturelle et texturée à un salon, une chambre ou un bureau. Il s'intègre à merveille dans tous les décors. Livraison express et services sur-mesure : - Livraison de fleurs en 24h dans toute la France et en 3h à Paris. - Carte message offerte pour accompagner vos fleurs séchées. - Emballage soigné et conçu pour le transport. Caractéristique : Diamètre 13 cm Hauteur 21 cm Le Cadeau Parfait qui Dure : C'est le cadeau idéal pour une pendaison de crémaillère, un anniversaire ou simplement pour offrir une attention qui ne se fane pas. Une touche de nature intemporelle qui plaira à coup sûr. Commandez votre Céramique Warwick pour une touche de nature éternelle dans votre maison. Une création artisanale Bergamotte, livrée avec soin partout en France.",https://www.bergamotte.fr/livraison-fleurs-sechees/ceramique-warwick,Bergamotte,Bergamotte,https://bergamotte.imgix.net/lobnj9blcks459958fsakqvm3uhc,in_stock,39.90 EUR,https://www.bergamotte.fr,https://www.bergamotte.fr/terms-and-conditions,true,14,new,Maison et jardin > Décorations > Fleurs séchées,,10029,,,,,9.90 EUR,true,true,false,"{""custom_label_4"": ""new""}",FR,FR
10050,Vase Ruby - Accessoires décoration - Idées cadeaux - Fleuriste Bergamotte,Hauteur : 20 cm Diamètre : 11 cm Couleur : transparent. Hauteur : 20 cm Diamètre : 11 cm Couleur : transparent,https://www.bergamotte.fr/vases/vase-ruby-transparent/v/vase-ruby-transparent,Bergamotte,Bergamotte,https://bergamotte.imgix.net/lox0me2z4siu81vxsy2chzjzz8w8,in_stock,12.90 EUR,https://www.bergamotte.fr,https://www.bergamotte.fr/terms-and-conditions,true,14,new,Arts et loisirs > Fêtes et soirées > Cadeaux,https://bergamotte.imgix.net/c13fi6gwewa89iql7gatdfxwpgwd,10050,,,,,9.90 EUR,true,true,false,,FR,FR
10055,Choco Sticks La Maison du Chocolat - Idées cadeaux gourmandes - Fleuriste Bergamotte,"Boîte de 6 batônnets gourmands ""Rocher Craquant"" : bâtonnets d'amandes torréfiées, caramélisées et enrobées de chocolat au lait. Etui de 6 Bâtonnets d’amandes torréfiées, caramélisées et enrobées de chocolat au lait Ingrédients : Chocolat au lait (sucre, lait entier en poudre, beurre de cacao, pâte de cacao, émulsifiant (lécithine de tournesol)), amandes, sucre, sirop de glucose, beurre, arôme naturel de vanille. Chocolat au lait : cacao 37% minimum. Allergènes : mentionnés en gras. Traces éventuelles : gluten, œufs, soja, arachides et autres fruits à coque. Valeurs nutritionnelles moyennes pour 100g : Energie (Kcal) : 547, Energie (kJ) : 2283, Matière grasse (g) : 36, dont Acides gras saturés (g) : 12, Glucides (g) : 44, dont sucres (g) : 36, protéines (g) : 12, Sel (g) : 0.1. Poids : 0.055kg (Prix/kg : 180,00 €) À consommer de préférence avant la date indiquée sur l’emballage. Durée de consommation optimale de 8 à 96 jours. Conservation : 18 °C dans un endroit sec. Dans leur emballage d'origine, ou bien dans le bac en bas de votre réfrigérateur, après avoir protégé votre coffret dans un sac papier ou plastique. Fabriquant : La Maison du Chocolat - 65 avenue de Ségur, 75007 Paris, France.",https://www.bergamotte.fr/idees-cadeaux-gourmands/choco-sticks-la-maison-du-chocolat,Bergamotte,Bergamotte,https://bergamotte.imgix.net/uop2lbekbejgi0231mmnk8cfz8rg,in_stock,9.90 EUR,https://www.bergamotte.fr,https://www.bergamotte.fr/terms-and-conditions,true,14,new,"Alimentation, boissons et tabac",,10055,,,,,9.90 EUR,true,true,false,,FR,FR
10108,Carte mots doux Tendres pensées - Accessoires décoration - Idées cadeaux - Fleuriste Bergamotte,"Pour accompagner vos surprises végétales, nous vous proposons une carte 'Mots Doux', illustrée par Bergamotte. Nous pourrons y glisser votre carte photo personnalisée et le petit mot que vous aurez rédigé (le tout à compléter lors de votre achat). Carte 'Love', carte 'Merci', carte 'Félicitations', carte 'Happy Birthday' ou carte illustrée sans mot, selon votre message, trouvez celle qui parlera le mieux pour vous !. Illustration Bergamotte",https://www.bergamotte.fr/livraison-accessoires/carte-mots-doux-tendres-pensees,Bergamotte,Bergamotte,https://bergamotte.imgix.net/fcbo0bu97bcyaiz7fkr1hnqg06ly,in_stock,3.90 EUR,https://www.bergamotte.fr,https://www.bergamotte.fr/terms-and-conditions,true,14,new,Arts et loisirs > Fêtes et soirées > Cadeaux,https://bergamotte.imgix.net/fq7rpldvq6yxbd1ns7xvmi83ccbo,10108,,,,,9.90 EUR,true,true,false,,FR,FR
10127,Sachet de graines de coquelicots - Accessoires décoration - Idées cadeaux - Fleuriste Bergamotte,"Ce sachet de graines de coquelicots de La Fabrique à Sachets X Bergamotte est parfait pour ceux souhaitant offrir une jolie surprise aux personnes qu’ils chérissent !. Graines : graines de coquelicots françaises, bio, reproductibles et mellifères. Cette variété vivace aime être semée à la surface de la terre. 400 graines | Surface de 3 m2 ou 8 pots (préférez des grands pots) Sachet : blanc moucheté fabriqué à partir de fibres de paille. 70 x 100 mm | Papier FSC, recyclé et recyclable Fabrication made in Nantes",https://www.bergamotte.fr/livraison-accessoires/sachet-de-graines-de-coquelicots,Bergamotte,Bergamotte,https://bergamotte.imgix.net/c0d7s324tjl7u84kywk36i8pwn11,in_stock,3.90 EUR,https://www.bergamotte.fr,https://www.bergamotte.fr/terms-and-conditions,true,14,new,Arts et loisirs > Fêtes et soirées > Cadeaux,https://bergamotte.imgix.net/jj1ef51zk5379aldf6cm2hl1g6g8,10127,,,,,9.90 EUR,true,true,false,,FR,FR
10138,Rosé effervescent sans alcool French Bloom - Idées cadeaux gourmandes - Fleuriste Bergamotte,"Découvrez le Rosé effervescent sophistiqué sans alcool de la Maison French Bloom, qui réinvente les moments de bonheur et de convivialité. Avec une complexité équilibrée, le Rosé oscille entre minéralité et fraicheur pour dévoiler en son cœur un véritable bouquet floral aux notes vibrantes. Une éclosion majestueuse de pétales de roses rencontre l’acidité des fruits rouges fraîchement cueillis, s’alliant à des notes de pêche blanche juteuse. Les accents de vin de Chardonnay Français et une touche de Pinot Noir, signature de la maison French Bloom, viennent être sublimés par ces arômes pétillants et lumineux. Rosé effervescent, sans Alcool, French Bloom Contenance : 75cl 0.0 % d'alcool Sans sulfites, sans conservateur, sans sucre ajouté, faible en calories, certifié vegan, halal et adapté aux femmes enceintes. Ingrédients : Eau Gensac® gazéifiée (origine France), jus de raisin blanc biologique, vin biologique désalcoolisé, jus de citron biologique, arôme naturel de raisin. À consommer de préférence avant la date indiquée sur la bouteille. Conservation : Servir frais (2-4°C). Après ouverture veuillez conserver la bouteille au réfrigérateur avec un bouchon hermétique afin de garder les bulles jusqu'à 48h. (75cl - 46.53€ / L) Fabriquant : French Bloom - 32 rue Washington, 75008 Paris, France.",https://www.bergamotte.fr/livraison-accessoires/rose-french-bloom,Bergamotte,Bergamotte,https://bergamotte.imgix.net/oyw4mxt31p2cyk261s2lphyuewu7,in_stock,34.90 EUR,https://www.bergamotte.fr,https://www.bergamotte.fr/terms-and-conditions,true,14,new,"Alimentation, boissons et tabac",https://bergamotte.imgix.net/gok4xrjcha30d8umlms7u1t3h79q,10138,,,,,9.90 EUR,true,true,false,,FR,FR
10139,Coffret Baby Bloom sans alcool French Bloom - Idées cadeaux gourmandes - Fleuriste Bergamotte,"L'élégant coffret pétillant Baby Bloom vous offre le meilleur de la collection de bulles françaises sans alcool French Bloom, conçu pour un cadeau original. Il comprend une demi-bouteille de 375 ml de French Bloom Le Blanc et une demi-bouteille de 375 ml de French Bloom Le Rosé, joliment présentées avec des détails gaufrés et luxueux. Duo blanc et rosé effervescent, sans Alcool, French Bloom (2 bouteilles de 37.5cl) 0.0 % d'alcool Sans sulfites, sans conservateur, sans sucre ajouté, faible en calories, certifié vegan, halal et adapté aux femmes enceintes. Ingrédients Blanc : Eau de source de Gensac® gazéifiée (origine France), vin désalcoolisé, jus de raisin, jus de citron biologique, arôme naturel de raisin. Ingrédients Rosé : Eau Gensac® gazéifiée (origine France), jus de raisin blanc biologique, vin biologique désalcoolisé, jus de citron biologique, arôme naturel de raisin. À consommer de préférence avant la date indiquée sur le coffret. Conservation : Servir frais (2-4°C). Après ouverture veuillez conserver les bouteilles au réfrigérateur avec un bouchon hermétique afin de garder les bulles jusqu'à 48h. (2 x 37.5cl - 66.53€ / L) Fabriquant : French Bloom - 32 rue Washington, 75008 Paris, France.",https://www.bergamotte.fr/livraison-accessoires/coffret-baby-bloom-sans-alcool-french-bloom,Bergamotte,Bergamotte,https://bergamotte.imgix.net/b8v0tfw40vy0fchrnitghob8oz7w,in_stock,49.90 EUR,https://www.bergamotte.fr,https://www.bergamotte.fr/terms-and-conditions,true,14,new,"Alimentation, boissons et tabac",https://bergamotte.imgix.net/7onyns6rez3mfczodw7bawgrnuyw,10139,,,,,9.90 EUR,true,true,false,,FR,FR
10175,Coffret Routine Plantcare - Accessoires décoration - Idées cadeaux - Fleuriste Bergamotte,Découvrez le coffret routine plantcare de chez Pépin qui réunit les indispensables pour des plantes en bonne santé !. Ce coffret contient 4 produits : - 1 Brume nettoyante pour nettoyer les feuilles et protéger le microbiote des plantes. - 1 mini Olla (réservoir d’eau en terre cuite) pour un arrosage naturel et progressif. - 1 Sérum nourrissant plantes vertes pour apporter tous les nutriments dont les plantes vertes ont besoin. - 1 Toner protecteur pour renforcer les défenses naturelles et améliorer la résistance des plantes.,https://www.bergamotte.fr/livraison-accessoires/coffret-routine-plantcare,Bergamotte,Bergamotte,https://bergamotte.imgix.net/m337uv95lgf95g8kyf9xhig8qn8q,in_stock,49.90 EUR,https://www.bergamotte.fr,https://www.bergamotte.fr/terms-and-conditions,true,14,new,Arts et loisirs > Fêtes et soirées > Cadeaux,https://bergamotte.imgix.net/nd55injodx0iq53duyvv6o8q3tj0,10175,,,,,9.90 EUR,true,true,false,,FR,FR
10234,Miel Un Toit pour les Abeilles - Idées cadeaux gourmandes - Fleuriste Bergamotte,"Miel de fleurs Dans le cadre de notre action pour aider à préserver des abeilles, nous soutenons depuis 6 ans Un Toit Pour les Abeilles. Nous sommes fiers, aujourd'hui, de compter 30 apiculteurs de leur réseau parrainés, et environ 1 000 000 d’abeilles sauvegardées. Ce miel français et gourmand est le fruit du travail des abeilles, parrainées avec Un Toit pour les Abeilles. Poids net : 125g (55.20€ / kg) Origine : France À conserver à l'abri de la chaleur et de l'humidité. Miel de fleurs Dans le cadre de notre action pour aider à préserver des abeilles, nous soutenons depuis 6 ans Un Toit Pour les Abeilles. Nous sommes fiers, aujourd'hui, de compter 30 apiculteurs de leur réseau parrainés, et environ 1 000 000 d’abeilles sauvegardées. Ce miel français et gourmand est le fruit du travail des abeilles, parrainées avec Un Toit pour les Abeilles. Poids net : 125g (55.20€ / kg) Origine : France À conserver à l'abri de la chaleur et de l'humidité",https://www.bergamotte.fr/idees-cadeaux-gourmands/miel-un-toit-pour-les-abeilles/v/miel-un-toit-pour-les-abeilles,Bergamotte,Bergamotte,https://bergamotte.imgix.net/nz977epqs5agt15rlldhk4z3256t,in_stock,6.90 EUR,https://www.bergamotte.fr,https://www.bergamotte.fr/terms-and-conditions,true,14,new,"Alimentation, boissons et tabac",https://bergamotte.imgix.net/uljo57rp0mze267zn7goi7iazran,10234,,,,,9.90 EUR,true,true,false,,FR,FR
10235,Cache-pot à rayures roses D12 - Accessoires décoration - Idées cadeaux - Fleuriste Bergamotte,"Diamètre : 12 cm Hauteur : 12,5 cm Composition : Céramique. Diamètre : 12 cm Hauteur : 12,5 cm Composition : Céramique",https://www.bergamotte.fr/livraison-fleurs/cache-pot-a-rayures-roses-d12,Bergamotte,Bergamotte,https://bergamotte.imgix.net/qamzarg8dlbcny1zsvshaad27k2d,in_stock,12.90 EUR,https://www.bergamotte.fr,https://www.bergamotte.fr/terms-and-conditions,true,14,new,Arts et loisirs > Fêtes et soirées > Cadeaux,,10235,,,,,9.90 EUR,true,true,false,,FR,FR
10236,Cache-pot rayé vert D12 - Accessoires décoration - Idées cadeaux - Fleuriste Bergamotte,"Diamètre : 12 cm Hauteur : 12,5 cm Composition : Céramique. Diamètre : 12 cm Hauteur : 12,5 cm Composition : Céramique",https://www.bergamotte.fr/pots/cache-pot-raye-vert-d12,Bergamotte,Bergamotte,https://bergamotte.imgix.net/a89g9d4l8n7cn2ezczgpeeahbnrc,in_stock,12.90 EUR,https://www.bergamotte.fr,https://www.bergamotte.fr/terms-and-conditions,true,14,new,Arts et loisirs > Fêtes et soirées > Cadeaux,,10236,,,,,9.90 EUR,true,true,false,,FR,FR
10237,Cache-pot quadrillé D12 - Accessoires décoration - Idées cadeaux - Fleuriste Bergamotte,"Diamètre : 12 cm Hauteur : 12,5 cm Composition : Céramique. Diamètre : 12 cm Hauteur : 12,5 cm Composition : Céramique",https://www.bergamotte.fr/pots/cache-pot-quadrille-d12,Bergamotte,Bergamotte,https://bergamotte.imgix.net/iefji8898mmff1wapq53ohc2x8h6,in_stock,12.90 EUR,https://www.bergamotte.fr,https://www.bergamotte.fr/terms-and-conditions,true,14,new,Arts et loisirs > Fêtes et soirées > Cadeaux,,10237,,,,,9.90 EUR,true,true,false,,FR,FR
10368,Boucles d'oreilles Maria - Accessoires décoration - Idées cadeaux - Fleuriste Bergamotte,"Les Couronnes de Victoire, marque référente dans l’univers du mariage, et Bergamotte, allient leurs expertises pour offrir des pièces mêlant élégance, artisanat et raffinement. Diamètre des créoles : 3 cm Composition : fleurs d’hortensia stabilisées, sur une structure plaquée or. Les fleurs qui composent le bouquet et les boucles d’oreilles sont éternelles, à préserver du soleil, de la chaleur et de l’humidité. Ce format est idéal pour s’associer à des robes de mariées à col.Diamètre de créole : 3 cm.Composition : fleurs d’hortensia stabilisées, qui les rendent éternelles, structure plaquée or.A préserver du soleil, de la chaleur et de l’humidité.",https://www.bergamotte.fr/livraison-fleurs-sechees/boucles-oreilles-maria,Bergamotte,Bergamotte,https://bergamotte.imgix.net/buwgasiy98p1npgbn3pq1iof4oub,in_stock,39.90 EUR,https://www.bergamotte.fr,https://www.bergamotte.fr/terms-and-conditions,true,14,new,Arts et loisirs > Fêtes et soirées > Cadeaux,https://bergamotte.imgix.net/h94v4x1gl6i7nusd1l8dk8ivbz6f,10368,,,,,9.90 EUR,true,true,false,,FR,FR
10369,Barrette Roma - Accessoires décoration - Idées cadeaux - Fleuriste Bergamotte,"Taille de la barrette : 6 cm. Composition : structure dorée à l'or fin et fleurs d'hortensia stabilisées, qui les rendent éternelles. A préserver du soleil, de la chaleur et de l'humidité.",https://www.bergamotte.fr/livraison-fleurs-sechees/barrette-roma,Bergamotte,Bergamotte,https://bergamotte.imgix.net/6sh1qxt9s4ijzp03rs1o19kykgyi,in_stock,39.90 EUR,https://www.bergamotte.fr,https://www.bergamotte.fr/terms-and-conditions,true,14,new,Arts et loisirs > Fêtes et soirées > Cadeaux,https://bergamotte.imgix.net/8ime3bqhosso0jb8rm59w7x89ge0,10369,,,,,9.90 EUR,true,true,false,,FR,FR
10442,Couronne Minorque M - Livraison fleurs séchées - Fleuriste en ligne Bergamotte,"Apportez une touche de poésie et de nature intemporelle à votre intérieur avec cette couronne de fleurs séchées. Une création artisanale tout en texture, conçue pour durer et embellir votre quotidien sans le moindre effort. Parfaite pour habiller un mur, décorer une porte ou comme centre de table, la Couronne Minorque s'intègre harmonieusement dans tous les styles de décoration, du plus moderne au plus bohème. C'est un cadeau idéal et durable, qui ne fane jamais. Pour conserver sa beauté, placez-la à l'abri du soleil direct et de l'humidité. Un simple dépoussiérage délicat au sèche-cheveux (air froid, faible puissance) suffira à l'entretenir. Pourquoi vous allez adorer votre Couronne Minorque : - Décoration Durable, Zéro Entretien : Oubliez l'arrosage ! ces fleurs séchées conservent leur beauté et leurs couleurs des mois, voire des années. Un simple dépoussiérage occasionnel suffit. - Style Bohème Tendance : Parfait pour ajouter une touche chaleureuse, naturelle et texturée à un salon, une chambre ou un bureau. Elle s'intègre à merveille dans tous les décors. Livraison express et services sur-mesure : - Livraison de fleurs en 24h dans toute la France et en 3h à Paris. - Carte message offerte pour accompagner vos fleurs séchées. - Emballage soigné et conçu pour le transport. Caractéristique : Diamètre 25 cm Le Cadeau Parfait qui Dure : C'est le cadeau idéal pour une pendaison de crémaillère, un anniversaire ou simplement pour offrir une attention qui ne se fane pas. Une touche de nature intemporelle qui plaira à coup sûr. Commandez votre Couronne Minorque pour une touche de nature éternelle dans votre maison. Une création Bergamotte, livrée avec soin partout en France.",https://www.bergamotte.fr/livraison-fleurs-sechees/couronne-minorque/v/couronne-minorque-m,Bergamotte,Bergamotte,https://bergamotte.imgix.net/scbnpfc36pv1eg5j1ky0nghjyt4h,in_stock,39.90 EUR,https://www.bergamotte.fr,https://www.bergamotte.fr/terms-and-conditions,true,14,new,Maison et jardin > Décorations > Fleurs séchées,https://bergamotte.imgix.net/4z8m8joslewo4csxkvsr3qnu0lsq,10442,,,,,9.90 EUR,true,true,false,"{""custom_label_4"": ""new""}",FR,FR
10443,Couronne Honolulu L - Livraison fleurs séchées - Fleuriste en ligne Bergamotte,"Apportez une touche de poésie et de nature intemporelle à votre intérieur avec cette couronne de fleurs séchées. Une création artisanale tout en texture, conçue pour durer et embellir votre quotidien sans le moindre effort. Parfaite pour habiller un mur, décorer une porte ou comme centre de table, la Couronne Honolulu L s'intègre harmonieusement dans tous les styles de décoration, du plus moderne au plus bohème. C'est un cadeau idéal et durable, qui ne fane jamais. Pour conserver sa beauté, placez-la à l'abri du soleil direct et de l'humidité. Un simple dépoussiérage délicat au sèche-cheveux (air froid, faible puissance) suffira à l'entretenir. Pourquoi vous allez adorer votre Couronne Honolulu L : - Décoration Durable, Zéro Entretien : Oubliez l'arrosage ! ces fleurs séchées conservent leur beauté et leurs couleurs des mois, voire des années. Un simple dépoussiérage occasionnel suffit. - Style Bohème Tendance : Parfait pour ajouter une touche chaleureuse, naturelle et texturée à un salon, une chambre ou un bureau. Elle s'intègre à merveille dans tous les décors. Livraison express et services sur-mesure : - Livraison de fleurs en 24h dans toute la France et en 3h à Paris. - Carte message offerte pour accompagner vos fleurs séchées. - Emballage soigné et conçu pour le transport. Caractéristique : Diamètre 35 cm / Composée de fleurs séchées et artificielles Le Cadeau Parfait qui Dure : C'est le cadeau idéal pour une pendaison de crémaillère, un anniversaire ou simplement pour offrir une attention qui ne se fane pas. Une touche de nature intemporelle qui plaira à coup sûr. Commandez votre Couronne Honolulu L pour une touche de nature éternelle dans votre maison. Une création Bergamotte, livrée avec soin partout en France.",https://www.bergamotte.fr/livraison-fleurs-sechees/couronne-honolulu-l/v/couronne-honolulu-l,Bergamotte,Bergamotte,https://bergamotte.imgix.net/wj0v29d3b78y75uu4ux2g3b8svmr,in_stock,69.90 EUR,https://www.bergamotte.fr,https://www.bergamotte.fr/terms-and-conditions,true,14,new,Maison et jardin > Décorations > Fleurs séchées,https://bergamotte.imgix.net/asoixxgzddkaf2bty9sv0lsnhzby,10443,,,,,9.90 EUR,true,true,false,"{""custom_label_4"": ""new""}",FR,FR
10447,Couronne Palma L - Livraison fleurs séchées - Fleuriste en ligne Bergamotte,"Apportez une touche de poésie et de nature intemporelle à votre intérieur avec cette couronne de fleurs séchées. Une création artisanale tout en texture, conçue pour durer et embellir votre quotidien sans le moindre effort. Parfaite pour habiller un mur, décorer une porte ou comme centre de table, la Couronne Palma L s'intègre harmonieusement dans tous les styles de décoration, du plus moderne au plus bohème. C'est un cadeau idéal et durable, qui ne fane jamais. Pour conserver sa beauté, placez-la à l'abri du soleil direct et de l'humidité. Un simple dépoussiérage délicat au sèche-cheveux (air froid, faible puissance) suffira à l'entretenir. Pourquoi vous allez adorer votre Couronne Palma L : - Décoration Durable, Zéro Entretien : Oubliez l'arrosage ! ces fleurs séchées conservent leur beauté et leurs couleurs des mois, voire des années. Un simple dépoussiérage occasionnel suffit. - Style Bohème Tendance : Parfait pour ajouter une touche chaleureuse, naturelle et texturée à un salon, une chambre ou un bureau. Elle s'intègre à merveille dans tous les décors. Livraison express et services sur-mesure : - Livraison de fleurs en 24h dans toute la France et en 3h à Paris. - Carte message offerte pour accompagner vos fleurs séchées. - Emballage soigné et conçu pour le transport. Caractéristique : Diamètre 35 cm Le Cadeau Parfait qui Dure : C'est le cadeau idéal pour une pendaison de crémaillère, un anniversaire ou simplement pour offrir une attention qui ne se fane pas. Une touche de nature intemporelle qui plaira à coup sûr. Commandez votre Couronne Palma L pour une touche de nature éternelle dans votre maison. Une création Bergamotte, livrée avec soin partout en France.",https://www.bergamotte.fr/livraison-fleurs-sechees/couronne-palma-l,Bergamotte,Bergamotte,https://bergamotte.imgix.net/ouq7dsecn9ofn7n4goeu3zs0lmg4,in_stock,64.90 EUR,https://www.bergamotte.fr,https://www.bergamotte.fr/terms-and-conditions,true,14,new,Maison et jardin > Décorations > Fleurs séchées,https://bergamotte.imgix.net/8am0vdvi3b3u5b45g4ip5dhpfyuo,10447,,,,,9.90 EUR,true,true,false,"{""custom_label_4"": ""new""}",FR,FR
10460,Bouquet Maddalena M - Livraison fleurs séchées - Fleuriste en ligne Bergamotte,"Faites entrer un air d'évasion et de poésie bohème dans votre intérieur avec ces fleurs séchées. Une création artisanale tout en texture, conçue pour durer et embellir votre quotidien sans le moindre effort. Pourquoi vous allez adorer votre Bouquet Maddalena M : - Décoration Durable, Zéro Entretien : Oubliez l'arrosage ! ces fleurs séchées conservent leur beauté et leurs couleurs des mois, voire des années. Un simple dépoussiérage occasionnel suffit. - Style Bohème Tendance : Parfait pour ajouter une touche chaleureuse, naturelle et texturée à un salon, une chambre ou un bureau. Il s'intègre à merveille dans tous les décors. Livraison express et services sur-mesure : - Livraison de fleurs en 24h dans toute la France et en 3h à Paris. - Carte message offerte pour accompagner vos fleurs séchées. - Emballage soigné et conçu pour le transport. Caractéristique : Diamètre 25 cm Hauteur 50 cm Le Cadeau Parfait qui Dure : C'est le cadeau idéal pour une pendaison de crémaillère, un anniversaire ou simplement pour offrir une attention qui ne se fane pas. Une touche de nature intemporelle qui plaira à coup sûr. Commandez votre Bouquet Maddalena M pour une touche de nature éternelle dans votre maison. Une création artisanale Bergamotte, livrée avec soin partout en France.",https://www.bergamotte.fr/livraison-fleurs-sechees/bouquet-maddalena/v/bouquet-maddalena,Bergamotte,Bergamotte,https://bergamotte.imgix.net/14hi94u9gl0cbicy394oge39xh7p,in_stock,54.90 EUR,https://www.bergamotte.fr,https://www.bergamotte.fr/terms-and-conditions,true,14,new,Maison et jardin > Décorations > Fleurs séchées,https://bergamotte.imgix.net/k14styqv6dlroiij3jye0vlnm41t,10460,,,,,9.90 EUR,true,true,false,"{""custom_label_4"": ""new""}",FR,FR
10506,Vase Ceramique Faro - Raye Vert - H23cm - Design exclusif - Carafe - Adapte Bouquets M et L - Livraison 24h - Idee Cadeau Deco,"Le vase à rayures Faro est une création exclusive Bergamotte. Fabriqué à la main dans notre usine partenaire au Portugal. Dimensions : 23 cm x 14 cm, ouverture de 9.5 cm. Peut être lavé au lave-vaisselle (à basse température) ou nettoyé avec du savon à vaisselle dilué pour protéger le motif. Le vase à rayures Faro est une création exclusive Bergamotte. Fabriqué à la main dans notre usine partenaire au Portugal. Dimensions : 23 cm x 14 cm, ouverture de 9.5 cm. Peut être lavé au lave-vaisselle (à basse température) ou nettoyé avec du savon à vaisselle dilué pour protéger le motif. Livraison a domicile en 24h partout en France ou en 3h a Paris et soigneusement emballe Adapte aux bouquets M et L - creation exclusive Bergamotte - fabrique a la main au Portugal - motif rayures Dimensions : 23 cm x 14 cm - ouverture 9.5 cm - Matiere : Ceramique - Couleur : Vert Entretien facile : Lavable au lave-vaisselle basse temperature ou savon vaisselle dilue Vase decoratif design vendu seul ou en pack avec votre bouquet bergamotte - Cadeau ideal",https://www.bergamotte.fr/vases/vase-faro-vert,Bergamotte,Bergamotte,https://bergamotte.imgix.net/o2m41co106se12h9hyp2eplaunwb,in_stock,59.90 EUR,https://www.bergamotte.fr,https://www.bergamotte.fr/terms-and-conditions,true,14,new,Arts et loisirs > Fêtes et soirées > Cadeaux,"https://bergamotte.imgix.net/n3uk45njgnjlkv7ig11p1b5gve2n,https://bergamotte.imgix.net/5j1q4i2bavesyisfhf1w1xwi6c3o,https://bergamotte.imgix.net/4lv3dk8ls4d4dwf0sp17fdfas4lm,https://bergamotte.imgix.net/ii1hbex0bfc1kcc9f3ix14lku93w",10506,,,,,9.90 EUR,true,true,false,,FR,FR
10534,Confiture Parisienne Fraise Framboise Géranium Rosat - Idées cadeaux gourmandes - Fleuriste Bergamotte,"Associé à l'acidité de la framboise et à la douceur de la fraise, le parfum très floral du géranium rosat apporte un petit je ne sais quoi à cette confiture artisanale. En une seule cuillerée, la saveur nous rappelle les promenades dans les jardins, le soleil sur la véranda... Un vrai régal !. Confiture extra de Fraise, Framboise et Géranium Rosat Ingrédients : fraise, sucre de canne, framboise, citron, pectine d’agrumes, arôme naturel de géranium rosat. Traces éventuelles : oeuf, arachide, fruits à coque, gluten, sésame et lait. Sans conservateurs. Peut contenir des sulfites. Teneur totale en sucres : 39 g pour 100 g Confectionnée à Paris de manière artisanale. À consommer de préférence avant la date indiquée sur le pot. Conservation : Après ouverture conserver au frais et consommer rapidement. Conseils de dégustation : sur une tartine, une crêpe, un scone, ou fromage blanc. Fabriquant : Confiture Parisienne - 17 avenue Daumesnil, 75012 Paris, France. Valeurs nutritionnelles pour 100g, fruits utilisés : 80g, énergie : 175 kcal / 742 kj, matières grasses : 0,5g dont acides gras saturés : 0,1g, glucides : 41g dont sucres : 39g, protéines : 0,6g, sel : 0,04g (250g - Prix/kg : 59,60€)",https://www.bergamotte.fr/livraison-accessoires/confiture-parisienne-fraise-framboise-geranium-rosat,Bergamotte,Bergamotte,https://bergamotte.imgix.net/tqg2lsxiht2zsgr7alxrynhkb541,in_stock,14.90 EUR,https://www.bergamotte.fr,https://www.bergamotte.fr/terms-and-conditions,true,14,new,"Alimentation, boissons et tabac",https://bergamotte.imgix.net/zcdwklel94wlljhokqba9pl2cii3,10534,,,,,9.90 EUR,true,true,false,,FR,FR
10568,Cache-pot rayé rouge D12 - Accessoires décoration - Idées cadeaux - Fleuriste Bergamotte,"Diamètre : 12,5 cm Hauteur : 12,5 cm Composition : Céramique NB : Chaque cache-pot est unique : les rayures étant peintes à la main, de légères variations peuvent apparaître d’un modèle à l’autre. Photos non contractuelles. Diamètre : 12,5 cm Hauteur : 12,5 cm Composition : Céramique NB : Chaque cache-pot est unique : les rayures étant peintes à la main, de légères variations peuvent apparaître d’un modèle à l’autre. Photos non contractuelles.",https://www.bergamotte.fr/livraison-fleurs/cache-pot-raye-rouge-d12,Bergamotte,Bergamotte,https://bergamotte.imgix.net/kjanexrlvtezausun22lnhglgez1,in_stock,12.90 EUR,https://www.bergamotte.fr,https://www.bergamotte.fr/terms-and-conditions,true,14,new,Arts et loisirs > Fêtes et soirées > Cadeaux,,10568,,,,,9.90 EUR,true,true,false,,FR,FR
10588,Céramique Porquerolles - Livraison fleurs séchées - Fleuriste en ligne Bergamotte,"Faites entrer un air d'évasion et de poésie bohème dans votre intérieur avec ces fleurs séchées. Une création artisanale tout en texture, conçue pour durer et embellir votre quotidien sans le moindre effort. Pourquoi vous allez adorer votre Céramique Porquerolles : - Décoration Durable, Zéro Entretien : Oubliez l'arrosage ! ces fleurs séchées conservent leur beauté et leurs couleurs des mois, voire des années. Un simple dépoussiérage occasionnel suffit. - Style Bohème Tendance : Parfait pour ajouter une touche chaleureuse, naturelle et texturée à un salon, une chambre ou un bureau. Il s'intègre à merveille dans tous les décors. Livraison express et services sur-mesure : - Livraison de fleurs en 24h dans toute la France et en 3h à Paris. - Carte message offerte pour accompagner vos fleurs séchées. - Emballage soigné et conçu pour le transport. Caractéristique : Diamètre 13 cm Hauteur 21 cm Le Cadeau Parfait qui Dure : C'est le cadeau idéal pour une pendaison de crémaillère, un anniversaire ou simplement pour offrir une attention qui ne se fane pas. Une touche de nature intemporelle qui plaira à coup sûr. Commandez votre Céramique Porquerolles pour une touche de nature éternelle dans votre maison. Une création artisanale Bergamotte, livrée avec soin partout en France.",https://www.bergamotte.fr/livraison-fleurs-sechees/ceramique-porquerolles,Bergamotte,Bergamotte,https://bergamotte.imgix.net/ppghlfcsuxkwzd8yq22wvjcn1254,in_stock,39.90 EUR,https://www.bergamotte.fr,https://www.bergamotte.fr/terms-and-conditions,true,14,new,Maison et jardin > Décorations > Fleurs séchées,,10588,,,,,9.90 EUR,true,true,false,"{""custom_label_4"": ""new""}",FR,FR
10730,Mug rayé rose - Accessoires décoration - Idées cadeaux - Fleuriste Bergamotte,"Découvrez le mug à rayures roses du Magazin Minori : un accessoire chaleureux et élégant, idéal pour accompagner votre surprise végétale d'une pause réconfortante. Céramique artisanale, peinte à la main – Emballée individuellement et de manière durable – Passe au lave-vaisselle et apte au contact alimentaire et au micro-ondes Dimensions : diamètre 8 cm, hauteur 8,5 cm et capacité 300 ml",https://www.bergamotte.fr/livraison-accessoires/mug-raye-rose,Bergamotte,Bergamotte,https://bergamotte.imgix.net/7e8em6vfzt6seba1o1nq4b0su6q6,in_stock,24.90 EUR,https://www.bergamotte.fr,https://www.bergamotte.fr/terms-and-conditions,true,14,new,Arts et loisirs > Fêtes et soirées > Cadeaux,,10730,,,,,9.90 EUR,true,true,false,,FR,FR
10733,Mini bougie Sous le figuier - Accessoires décoration - Idées cadeaux - Fleuriste Bergamotte,"Découvrez la mini bougie « Sous le Figuier » de Saugette : une fragrance ensoleillée et relaxante, idéale pour accompagner votre surprise végétale d'un délicat parfum d'ambiance. Fabriquée en France Coulée à la main Cire de soja végétale et sans OGM Fragrances de Grasse sans CMR et sans phtalates Mèches en coton sans plomb Contenants recyclables Dimensions : 9,7(L) x 5,9(l) x 2,3(H) cm - 2 mèches - 60gr de cire - 13h de combustion",https://www.bergamotte.fr/livraison-accessoires/mini-bougie-sous-le-figuier,Bergamotte,Bergamotte,https://bergamotte.imgix.net/5ufk6b3ygor3345n9dre0fpuivlx,in_stock,13.90 EUR,https://www.bergamotte.fr,https://www.bergamotte.fr/terms-and-conditions,true,14,new,Arts et loisirs > Fêtes et soirées > Cadeaux,,10733,,,,,9.90 EUR,true,true,false,,FR,FR
10734,Allumettes Archivist Gallery - Accessoires décoration - Idées cadeaux - Fleuriste Bergamotte,Cette magnifique boîte d'allumettes serait parfaite dans votre intérieur ou pour accompagner votre surprise végétale !. Dimensions : 11cm x 11cm x 5cm Contenance : 125 allumettes (têtes d'allumettes blanches) de 10cm,https://www.bergamotte.fr/livraison-accessoires/allumettes-archivist-gallery,Bergamotte,Bergamotte,https://bergamotte.imgix.net/50nu894xnbi92wjjb9seihhs09ox,in_stock,9.90 EUR,https://www.bergamotte.fr,https://www.bergamotte.fr/terms-and-conditions,true,14,new,Arts et loisirs > Fêtes et soirées > Cadeaux,,10734,,,,,9.90 EUR,true,true,false,,FR,FR
10742,Mini cookies Eclair de génie - Idées cadeaux gourmandes - Fleuriste Bergamotte,"Découvrez les délicieux cookies aux noisettes d'Italie de chez l'Eclair de Génie : fabriqués artisanalement à Paris, ils sont la petite attention qui complètera à merveille votre surprise végétale !. Biscuits aux noisettes et pépites de chocolat au lait Ingrédients : Farine de riz, vergeoise brune, chocolat lait 28,3% de cacao*minimum (sucre, beurre de cacao, poudre de lait entier, pâte de cacao, sucre du lait, lactosérum en poudre, émulsifiant : lécithine de soja) 14,8%, gianduja noisette (pâte de noisettes d’Italie, chocolat lait 35,2% de cacao* minimum (sucre, beurre de cacao, poudre de lait entier, pâte de cacao, émulsifiant : lécithine de soja), sucre glace (sucre, amidon de pomme de terre), pâte de cacao, chocolat noir 57,9% de cacao* minimum (pâte de cacao, sucre, beurre de cacao, émulsifiant : lécithine de soja, arôme naturel de vanille), fleur de sel de Guérande, pâte de vanille (gousses de vanille de Madagascar, trimoline)) 11,2%, beurre concentré, noisettes d’Italie hachées grillées 8,5%, oeuf entier, farine de sarrasin, jaune d’oeuf, sirop de glucose, sorbitol en poudre, sel fin, lécithine de tournesol en poudre. Allergènes mentionnés en gras. Traces éventuelles : autres fruits à coque, arachides. *Fèves de cacao issues de l'Afrique de l'Ouest (Sierra Leone, Côte d’Ivoire, Ghana, Togo, Nigéria, Cameroun, Guinée équatoriale, Gabon, Sao Tomé, Congo). Valeurs nutritionnelles pour 100g : energie :1991 kJ / 476 kcal, matières grasses : 27,5 g dont acides gras saturés : 12,4 g, glucides : 50,9 g dont sucres : 30,2 g, protéines : 6,4 g, sel : 0,44 g. Poids net : 120g (Prix/kg : 74.17€) Confectionnée à Paris de manière artisanale. À consommer de préférence avant la date indiquée sur l'emballage. Conservation optimale : Entre 12°C et 20°C. Fabriquant : Eclair de génie - 32 rue Notre Dame des Victoires, 75002 Paris, France.",https://www.bergamotte.fr/idees-cadeaux-gourmands/mini-cookies-eclair-de-genie,Bergamotte,Bergamotte,https://bergamotte.imgix.net/nzmgyv45lkidwyp1lptajlztfhi4,in_stock,8.90 EUR,https://www.bergamotte.fr,https://www.bergamotte.fr/terms-and-conditions,true,14,new,"Alimentation, boissons et tabac",https://bergamotte.imgix.net/odrfp3hx7ijt0xg12dmelayy0suy,10742,,,,,9.90 EUR,true,true,false,,FR,FR
10743,Duo de tablettes de chocolat Eclair de Génie - Idées cadeaux gourmandes - Fleuriste Bergamotte,"Pour ne pas avoir à faire de choix, optez pour ce duo de tablettes de chocolat noir imaginées par Christophe Adam : l'une au praliné et l'autre au caramel pour un accompagnement gourmand à votre bouquet ou votre plante ! Le petit plus ? Elles sont fabriquées de manière artisanale à Paris !. Assortiment de deux tablettes de chocolat fourrées au praliné - 1 Tablette chocolat noir praliné noisettes françaises Ingrédients : Chocolat noir 57,9% de cacao* minimum (pâte de cacao, sucre, beurre de cacao, émulsifiant : lécithine de soja, arôme naturel de vanille) 52,6%, praliné noisette (noisettes françaises, sucre semoule, eau, sirop de glucose, fleur de sel de Guérande, pâte de vanille (gousses de vanille de Madagascar, trimoline)) 33,1%, noisettes françaises hachées, pâte de noisette française, chocolat lait 35,2% de cacao* minimum (sucre, beurre de cacao, poudre de lait entier, pâte de cacao, émulsifiant : lécithine de soja). Allergènes mentionnés en gras. Traces éventuelles : autres fruits à coque, arachides.* Fèves de cacao issues de l'Afrique de l'Ouest (Sierra Leone, Côte d'Ivoire, Ghana, Togo, Nigéria, Cameroun, Guinée équatoriale, Gabon, Sao Tomé, Congo). Valeurs nutritionnelles pour 100g : énergie : 2267 kJ / 545 kcal, matières grasses : 40,1 g dont acides gras saturés : 14,4 g, glucides : 35,5 g dont sucres : 32,2 g, protéines : 8,6 g, sel : 0,11 g. Poids net : 115g (86.52€/Kg) - 1 Tablette chocolat lait praliné cacahuètes chouchou Ingrédients : chocolat lait 35,2% de cacao* minimum (sucre, pâte de cacao, beurre de cacao, poudre de lait entier et écrémé, émulsifiant : lécithine de soja, arôme naturel de vanille) 70%, praliné cacahuète (cacahuètes grillées blanchies, sucre, eau, glucose, fleur de sel de Guérande, pâte de vanille (gousses de vanille de Madagascar, trimoline)) 15,7%, chocolat lacté caramélisé 31,1% de cacao* minimum (sucre, beurre de cacao, poudre de lait entier, pâte de cacao, poudre de lait écrémé, sucre caramélisé, émulsifiant : lécithine de soja, extrait de paprika, arôme naturel de vanille), cacahuètes 3,2%, pâte de noisette française, beurre de cacao, fleur de sel de Guérande. Allergènes mentionnés en gras. Traces éventuelles : autres fruits à coque, oeufs, gluten. *Fèves de cacao issues de l'Afrique de l'Ouest (Sierra Leone, Côte d’Ivoire, Ghana, Togo, Nigéria, Cameroun, Guinée équatoriale, Gabon, Sao Tomé, Congo). Valeurs nutritionnelles pour 100g : Énergie : 2332 kJ / 557 kcal, matières grasses : 36,3 g dont acides gras saturés : 18,2 g, glucides : 48,3 g dont sucres : 45,4 g, protéines : 8,4 g, sel : 0,14 g. Poids net : 115g (86.52€/Kg) Confectionnée à Paris de manière artisanale. À consommer de préférence avant la date indiquée sur l'emballage. Conservation optimale : Entre 12°C et 20°C. Fabriquant : Eclair de génie - 32 rue Notre Dame des Victoires, 75002 Paris, France",https://www.bergamotte.fr/livraison-accessoires/duo-de-tablettes-de-chocolat-eclair-de-genie,Bergamotte,Bergamotte,https://bergamotte.imgix.net/mt4xpy0djdiwhtd7inoi7kjr57hr,in_stock,19.90 EUR,https://www.bergamotte.fr,https://www.bergamotte.fr/terms-and-conditions,true,14,new,"Alimentation, boissons et tabac",,10743,,,,,9.90 EUR,true,true,false,,FR,FR
10745,Pâte à tartiner Confiture Parisienne - Idées cadeaux gourmandes - Fleuriste Bergamotte,"Oubliez tout ce que vous connaissez sur les pâtes à tartiner. Tartine Noisette, c’est une crème, une vraie. Pas du genre à coller au couteau ni à arracher sauvagement la mie du pain : elle est délicieusement onctueuse, infiniment soyeuse. Habillée d'une étiquette illustrée avec talent par Soledad, Tartine Noisette c’est l’élégance au petit-déjeuner, le luxe discret du goûter. Une crème d’exception à déguster sans modération. Pâte à tartiner noisette et cacao 250g Ingrédients : noisette (45%), sucre de canne, amande, cacao. Allergènes mentionnés en gras. Traces éventuelles : oeuf, arachide, gluten, sésame et lait. Sans conservateurs, sans lécithine et sans lactose. Confectionnée à Paris de manière artisanale. À consommer de préférence avant la date indiquée sur le pot. Conservation : Après ouverture conserver à température ambiante et consommer rapidement. Conseils de dégustation : Avec des biscuits directement trempés dans le pot, sur une tranche de brioche tout juste grillée, sur une glace, ou à l’intérieur d’un muffin pour un maximum de plaisir... Fabriquant : Confiture Parisienne - 17 avenue Daumesnil, 75012 Paris, France. Valeurs nutritionnelles pour 100g, énergie : 544 kcal / 2269 kj, matières grasses : 34g dont acides gras saturés : 2,5g, glucides : 47g dont sucres : 44g, protéines : 10g, sel : 0,07g (250g - Prix/kg : 67,60€)",https://www.bergamotte.fr/livraison-accessoires/pate-a-tartiner-confiture-parisienne,Bergamotte,Bergamotte,https://bergamotte.imgix.net/vwx7wiyaqxl41393393368drizga,in_stock,16.90 EUR,https://www.bergamotte.fr,https://www.bergamotte.fr/terms-and-conditions,true,14,new,"Alimentation, boissons et tabac",,10745,,,,,9.90 EUR,true,true,false,,FR,FR
10746,Couronne Minorque L - Livraison fleurs séchées - Fleuriste en ligne Bergamotte,"Apportez une touche de poésie et de nature intemporelle à votre intérieur avec cette couronne de fleurs séchées. Une création artisanale tout en texture, conçue pour durer et embellir votre quotidien sans le moindre effort. Parfaite pour habiller un mur, décorer une porte ou comme centre de table, la Couronne Minorque s'intègre harmonieusement dans tous les styles de décoration, du plus moderne au plus bohème. C'est un cadeau idéal et durable, qui ne fane jamais. Pour conserver sa beauté, placez-la à l'abri du soleil direct et de l'humidité. Un simple dépoussiérage délicat au sèche-cheveux (air froid, faible puissance) suffira à l'entretenir. Pourquoi vous allez adorer votre Couronne Minorque : - Décoration Durable, Zéro Entretien : Oubliez l'arrosage ! ces fleurs séchées conservent leur beauté et leurs couleurs des mois, voire des années. Un simple dépoussiérage occasionnel suffit. - Style Bohème Tendance : Parfait pour ajouter une touche chaleureuse, naturelle et texturée à un salon, une chambre ou un bureau. Elle s'intègre à merveille dans tous les décors. Livraison express et services sur-mesure : - Livraison de fleurs en 24h dans toute la France et en 3h à Paris. - Carte message offerte pour accompagner vos fleurs séchées. - Emballage soigné et conçu pour le transport. Caractéristique : Diamètre 35 cm Le Cadeau Parfait qui Dure : C'est le cadeau idéal pour une pendaison de crémaillère, un anniversaire ou simplement pour offrir une attention qui ne se fane pas. Une touche de nature intemporelle qui plaira à coup sûr. Commandez votre Couronne Minorque pour une touche de nature éternelle dans votre maison. Une création Bergamotte, livrée avec soin partout en France.",https://www.bergamotte.fr/livraison-fleurs-sechees/couronne-minorque/v/couronne-minorque-l,Bergamotte,Bergamotte,https://bergamotte.imgix.net/rgugcai7opyy25ckyowqhqhbj02g,in_stock,64.90 EUR,https://www.bergamotte.fr,https://www.bergamotte.fr/terms-and-conditions,true,14,new,Maison et jardin > Décorations > Fleurs séchées,https://bergamotte.imgix.net/4z8m8joslewo4csxkvsr3qnu0lsq,10746,,,,,9.90 EUR,true,true,false,"{""custom_label_4"": ""new""}",FR,FR
10751,Bouquet de Fleurs Séchées Central Park (Taille M) - Tons Beige et Rouge - Boheme - Livraison 24h France - Decoration Durable,"Faites entrer un air d'évasion et de poésie bohème dans votre intérieur avec ces fleurs séchées. Une création artisanale tout en texture, conçue pour durer et embellir votre quotidien sans le moindre effort. Pourquoi vous allez adorer votre Bouquet Central Park M : - Décoration Durable, Zéro Entretien : Oubliez l'arrosage ! ces fleurs séchées conservent leur beauté et leurs couleurs des mois, voire des années. Un simple dépoussiérage occasionnel suffit. - Style Bohème Tendance : Parfait pour ajouter une touche chaleureuse, naturelle et texturée à un salon, une chambre ou un bureau. Il s'intègre à merveille dans tous les décors. Livraison express et services sur-mesure : - Livraison de fleurs en 24h dans toute la France et en 3h à Paris. - Carte message offerte pour accompagner vos fleurs séchées. - Emballage soigné et conçu pour le transport. Caractéristique : Diamètre 25 cm Hauteur 50 cm Le Cadeau Parfait qui Dure : C'est le cadeau idéal pour une pendaison de crémaillère, un anniversaire ou simplement pour offrir une attention qui ne se fane pas. Une touche de nature intemporelle qui plaira à coup sûr. Commandez votre Bouquet Central Park M pour une touche de nature éternelle dans votre maison. Une création artisanale Bergamotte, livrée avec soin partout en France. Livraison express a domicile : en 3h a Paris et le lendemain partout en France avant 13h Bouquet de fleurs sechees artisanal style boheme : composition texturee aux teintes naturelles durable Decoration durable zero entretien : les fleurs sechees conservent leur beaute des mois voire des annees Diametre 25 cm et hauteur 50 cm : taille M ideale pour habiller un salon une chambre ou un bureau Carte message personnalisee offerte et emballage soigne pour toutes vos occasions speciales",https://www.bergamotte.fr/livraison-fleurs/bouquet-central-park-m,Bergamotte,Bergamotte,https://bergamotte.imgix.net/uiggvgzoz2629gw4nhsx90fxb9dm,in_stock,52.90 EUR,https://www.bergamotte.fr,https://www.bergamotte.fr/terms-and-conditions,true,14,new,Maison et jardin > Décorations > Fleurs séchées,"https://bergamotte.imgix.net/nqciiuscmb00dpbscgduitsgm0cu,https://bergamotte.imgix.net/m2jw7cn0rx52l7seqixml6v480er,https://bergamotte.imgix.net/8hvg6vdc7q8xvd8ik5gdgfzicsy1,https://bergamotte.imgix.net/hdmavwoxhtwpygdpcrvmbp36p3bo,https://bergamotte.imgix.net/46c3hi1ii3q4puib76b5mx7lh6gn",10751,,,,,9.90 EUR,true,true,false,,FR,FR
10757,Couronne Zalla L - Livraison fleurs séchées - Fleuriste en ligne Bergamotte,"Apportez une touche de poésie et de nature intemporelle à votre intérieur avec cette couronne de fleurs séchées. Une création artisanale tout en texture, conçue pour durer et embellir votre quotidien sans le moindre effort. Parfaite pour habiller un mur, décorer une porte ou comme centre de table, la Couronne Zalla L s'intègre harmonieusement dans tous les styles de décoration, du plus moderne au plus bohème. C'est un cadeau idéal et durable, qui ne fane jamais. Pour conserver sa beauté, placez-la à l'abri du soleil direct et de l'humidité. Un simple dépoussiérage délicat au sèche-cheveux (air froid, faible puissance) suffira à l'entretenir. Pourquoi vous allez adorer votre Couronne Zalla L : - Décoration Durable, Zéro Entretien : Oubliez l'arrosage ! ces fleurs séchées conservent leur beauté et leurs couleurs des mois, voire des années. Un simple dépoussiérage occasionnel suffit. - Style Bohème Tendance : Parfait pour ajouter une touche chaleureuse, naturelle et texturée à un salon, une chambre ou un bureau. Elle s'intègre à merveille dans tous les décors. Livraison express et services sur-mesure : - Livraison de fleurs en 24h dans toute la France et en 3h à Paris. - Carte message offerte pour accompagner vos fleurs séchées. - Emballage soigné et conçu pour le transport. Caractéristique : Diamètre 35 cm Le Cadeau Parfait qui Dure : C'est le cadeau idéal pour une pendaison de crémaillère, un anniversaire ou simplement pour offrir une attention qui ne se fane pas. Une touche de nature intemporelle qui plaira à coup sûr. Commandez votre Couronne Zalla L pour une touche de nature éternelle dans votre maison. Une création Bergamotte, livrée avec soin partout en France.",https://www.bergamotte.fr/livraison-fleurs-sechees/couronne-zalla/v/couronne-zalla-l,Bergamotte,Bergamotte,https://bergamotte.imgix.net/ufevih6fndrg0mdw39tgkwgr7ube,in_stock,64.90 EUR,https://www.bergamotte.fr,https://www.bergamotte.fr/terms-and-conditions,true,14,new,Maison et jardin > Décorations > Fleurs séchées,https://bergamotte.imgix.net/pdm449m94mijsw0pqncso427j37a,10757,,,,,9.90 EUR,true,true,false,"{""custom_label_4"": ""new""}",FR,FR
10767,Phalaenopsis Table - Livraison plantes - Plantes vertes Bergamotte,"Orchidée Bianca. Phalaenopsis Table. Diamètre du pot : 12 cm - Hauteur : Entre 20 et 25 cm (pot inclus). La plante peut être livrée à différents stades de floraison. La bonne idée cadeau. Personnalisation possible Comment s’occuper de votre Orchidée Bianca ? Difficulté. Débutant. Exposition. Lumineux. Arrosage. Régulier. Entretien. Floraison. Blanche. Pet-friendly. Producteur. Labellisé MPS-A Commandez votre Orchidée Bianca dès aujourd'hui et recevez une plante d'exception, cultivée avec soin et livrée directement chez vous par Bergamotte. Le cadeau parfait pour soi ou pour un proche !",https://www.bergamotte.fr/livraison-plantes/bianca,Bergamotte,Bergamotte,https://bergamotte.imgix.net/aofmeu7naveh1t3u9f8tcfs8m4y1,in_stock,39.90 EUR,https://www.bergamotte.fr,https://www.bergamotte.fr/terms-and-conditions,true,14,new,Maison et jardin > Plantes > Plantes d'extérieur et d'intérieur,https://bergamotte.imgix.net/j7odsssea0aoecb3rs3f20giwc3e,10767,,,,,9.90 EUR,true,true,false,"{""custom_label_4"": ""out""}",FR,FR
10788,Coffret Gourmand - Idées cadeaux - Coffret cadeau - Expérience à offrir - Bergamotte,"Célébrez les plus beaux moments avec ce coffret cadeau, pensé pour toucher en plein cœur. Plus qu'une simple attention, c'est une véritable expérience à offrir. Un aller simple vers l'heure du goûter, pour un instant suspendu : le Coffret Gourmand est une douce parenthèse hors du temps, qui réveille avec délice les souvenirs d'enfance. Ce coffret contient : une boite de mini-cookies Éclair de Génie, une confiture framboise violette Confiture Parisienne, un petit thé Kusmi Tea ""Sweet Love"" et un joli mug rayé. Retrouvez plus d'informations sur les produits plus bas sur cette page. Mini cookies Gianduja noisettes Eclair de génie : Biscuits aux noisettes et pépites de chocolat au lait Ingrédients : Farine de riz, vergeoise brune, chocolat lait 28,3% de cacao*minimum (sucre, beurre de cacao, poudre de lait entier, pâte de cacao, sucre du lait, lactosérum en poudre, émulsifiant : lécithine de soja) 14,8%, gianduja noisette (pâte de noisettes d’Italie, chocolat lait 35,2% de cacao* minimum (sucre, beurre de cacao, poudre de lait entier, pâte de cacao, émulsifiant : lécithine de soja), sucre glace (sucre, amidon de pomme de terre), pâte de cacao, chocolat noir 57,9% de cacao* minimum (pâte de cacao, sucre, beurre de cacao, émulsifiant : lécithine de soja, arôme naturel de vanille), fleur de sel de Guérande, pâte de vanille (gousses de vanille de Madagascar, trimoline)) 11,2%, beurre concentré, noisettes d’Italie hachées grillées 8,5%, oeuf entier, farine de sarrasin, jaune d’oeuf, sirop de glucose, sorbitol en poudre, sel fin, lécithine de tournesol en poudre. Allergènes mentionnés en gras. Traces éventuelles : autres fruits à coque, arachides. *Fèves de cacao issues de l'Afrique de l'Ouest (Sierra Leone, Côte d’Ivoire, Ghana, Togo, Nigéria, Cameroun, Guinée équatoriale, Gabon, Sao Tomé, Congo). Valeurs nutritionnelles pour 100g : energie :1991 kJ / 476 kcal, matières grasses : 27,5 g dont acides gras saturés : 12,4 g, glucides : 50,9 g dont sucres : 30,2 g, protéines : 6,4 g, sel : 0,44 g. Poids net : 120g Confectionnée à Paris de manière artisanale. À consommer de préférence avant la date indiquée sur l'emballage. Conservation optimale : Entre 12°C et 20°C. Fabriquant : Eclair de génie - 32 rue Notre Dame des Victoires, 75002 Paris, France.Confiture Parisienne Framboise Violette : Confiture extra Framboise et Violette 100g Ingrédients : framboise, sucre de canne, citron, pectine d'agrumes, arôme naturel de violette. Traces éventuelles : oeuf, arachide, fruits à coque, gluten, sésame et lait. Sans conservateurs. Peut contenir des sulfites. Confectionnée à Paris de manière artisanale. À consommer de préférence avant la date indiquée sur le pot. Conservation : Après ouverture conserver au frais et consommer rapidement. Conseils de dégustation : sur une tartine, une crêpe, un scone, ou fromage blanc. Fabriquant : Confiture Parisienne - 17 avenue Daumesnil, 75012 Paris, France. Valeurs nutritionnelles pour 100g. Fruits utilisés : 64g, energie : 207 kcal / 875 kj, matières grasses : 0,6g dont acides gras saturés : 0,1g, glucides : 47g dont sucres : 46g, protéines : 0,9g, Sel : 0,05gMini thé Kusmi Tea Sweet Love : Thé noir bio, épices (Boîte métal 20g) Ingrédients : Thé noir* (39%), épices* (cardamome*, cannelle*, anis*, clou de girofle*) (38%), racines de réglisse*, poivre rose* (3%), guarana* (2%), arômes naturels d'épices. *Produit issu de l'agriculture biologique. Contient de la réglisse - les personnes souffrant d’hypertension doivent éviter toute consommation excessive. À consommer de préférence avant la date indiquée sur la boîte. Conservation : Dans un endroit sec à l'abri de la lumière. Préparation : Temps d'infusion de 3 à 5 minutes, température d'infusion 90°C. Fabriquant : Kusmi Tea - 89 avenue Niel, 75017 Paris, France. Mug rayé rose : Céramique artisanale, peinte à la main – Emballée individuellement et de manière durable – Passe au lave-vaisselle et apte au contact alimentaire et au micro-ondes Dimensions : diamètre 8 cm, hauteur 8,5 cm et capacité 300 ml Pour que la surprise soit parfaite, votre coffret est expédié avec le plus grand soin. Nous assurons une livraison express en 24h partout en France et en 3h à Paris, dans un emballage sur mesure et soigné qui protège et sublime votre cadeau. Recevez ou faites livrer un présent impeccable, prêt à émerveiller. Le tout, présenté avec le soin et l'élégance qui caractérisent Bergamotte. Le cadeau parfait pour chouchouter vos proches. Offrez un instant de pur bonheur ! (",https://www.bergamotte.fr/livraison-accessoires/coffret-gourmand,Bergamotte,Bergamotte,https://bergamotte.imgix.net/1kg7918l9fz2m3or1ws1romwaxvf,in_stock,49.90 EUR,https://www.bergamotte.fr,https://www.bergamotte.fr/terms-and-conditions,true,14,new,Arts et loisirs > Fêtes et soirées > Cadeaux,https://bergamotte.imgix.net/8tfhwt9610qj1xnxxfrxl7t94836,10788,,,,,9.90 EUR,true,true,false,"{""custom_label_4"": ""new""}",FR,FR
10791,Coffret Pétillant - Idées cadeaux - Coffret cadeau - Expérience à offrir - Bergamotte,"Célébrez les plus beaux moments avec ce coffret cadeau, pensé pour toucher en plein cœur. Plus qu'une simple attention, c'est une véritable expérience à offrir. Le Coffret Pétillant s'offre comme un éclat de joie et de gourmandise. Un geste élégant, parfait pour une douce attention, comme pour les grands moments. Ce coffret contient : une bouteille de Champagne Laurent-Perrier de 37.5cl, un coffret de chocolats pralinés Maison du Chocolat et une carte illustrée. Retrouvez plus d'informations sur les produits plus bas sur cette page. Champagne Laurent-Perrier La Cuvée, brut, 37.5cl : Origine : Tours-sur-Marne - France Alcool : 12 % Cépage : Chardonnay 53 %, pinot noir 33 %, pinot meunier 14 % Contient des SULFITES Fabriquant : Laurent-Perrier - 32 avenue de Champagne, 51150 Tours-sur-Marne, France. L'abus d'alcool est dangereux pour la santé. A consommer avec modération. La consommation de boissons alcoolisées pendant la grossesse, même en faible quantité, peut avoir des conséquences graves pour la santé de l’enfant. La vente d'alcool aux mineurs est strictement interdite. Assortiment de chocolats noirs et au lait fourrés au praliné La Maison du Chocolat 116g 16 pépites : x4 Carya : Praliné pécan aux éclats de noix de pécan caramélisées. x4 Grain Dentelle : Praliné au chocolat au lait et aux éclats de crêpes dentelle. x4 Praliné Mendiant : Praliné amandes aux éclats d'amandes caramélisées, de noisettes et pistaches torréfiées et d'oranges confites. x4 Praliné Noisette : Praliné noisettes aux éclats de noisettes du Piémont. *L’assortiment est susceptible de varier. Ingrédients : chocolat noir (fèves de cacao, sucre, beurre de cacao, émulsifiant (lécithine de tournesol), arôme naturel (vanille)), sucre, noisettes, amandes, chocolat au lait (sucre, lait entier en poudre, beurre de cacao, fèves de cacao, émulsifiant (lécithine de tournesol)), noix de pécan, arôme naturel (amande amère, vanille), beurre de cacao, beurre, pistaches, farine de blé, lait entier en poudre, poudre d'amande, sel, émulsifiant (lécithine de tournesol), lait écrémé en poudre, colorant naturel (caramel, curcumine), malt d'orge, concentrés (radis, pomme, cassis), orge en poudre. Allergènes mentionnés en gras. Chocolat noir : cacao 56% minimum, Chocolat au lait : cacao 37% minimum. Fabriquant : La Maison du Chocolat - 65 avenue de Ségur, 75007 Paris, France. Valeurs nutritionnelles moyennes pour 100g : Energie (Kcal) : 565, Energie (kJ) : 2343, Matière grasse (g) : 39, dont Acides gras saturés (g) : 13, Glucides (g) : 42, dont sucres (g) : 39, protéines (g) : 8.7, Sel (g) : 0.11. À consommer de préférence avant la date indiquée sur le coffret. Durée de consommation optimale de 8 à 54 jours. Conservation : 18 °C dans un endroit sec. Dans leur emballage d'origine, ou bien dans le bac en bas de votre réfrigérateur, après avoir protégé votre coffret dans un sac papier ou plastique. Carte mots doux With Love : Illustration signée Bergamotte Pour que la surprise soit parfaite, votre coffret est expédié avec le plus grand soin. Nous assurons une livraison express en 24h partout en France et en 3h à Paris, dans un emballage sur mesure et soigné qui protège et sublime votre cadeau. Recevez ou faites livrer un présent impeccable, prêt à émerveiller. Le tout, présenté avec le soin et l'élégance qui caractérisent Bergamotte. Le cadeau parfait pour chouchouter vos proches. Offrez un instant de pur bonheur ! (",https://www.bergamotte.fr/livraison-accessoires/coffret-petillant,Bergamotte,Bergamotte,https://bergamotte.imgix.net/apvdrhe9ux8xc0s6mqdfa68s9bb8,in_stock,62.90 EUR,https://www.bergamotte.fr,https://www.bergamotte.fr/terms-and-conditions,true,14,new,Arts et loisirs > Fêtes et soirées > Cadeaux,,10791,,,,,9.90 EUR,true,true,false,"{""custom_label_4"": ""new""}",FR,FR
10792,Coffret Naissance - Idées cadeaux - Coffret cadeau - Expérience à offrir - Bergamotte,"Célébrez les plus beaux moments avec ce coffret cadeau, pensé pour toucher en plein cœur. Plus qu'une simple attention, c'est une véritable expérience à offrir. Célébrez la plus belle des nouvelles avec ce délicat coffret : un cadeau pour dire bienvenue à bébé, et félicitations aux jeunes parents ! Ce coffret contient : une bouteille de rosé sans alcool French Bloom, un doudou Petit Bateau, un coffret de pépites pralinées Maison du Chocolat et une carte illustrée. Retrouvez plus d'informations sur les produits plus bas sur cette page. Rosé effervescent sans alcool French Bloom : Contenance : 75cl 0.0 % d'alcool Sans sulfites, sans conservateur, sans sucre ajouté, faible en calories, certifié vegan, halal et adapté aux femmes enceintes. Ingrédients : Eau Gensac® gazéifiée (origine France), jus de raisin blanc biologique, vin biologique désalcoolisé, jus de citron biologique, arôme naturel de raisin. À consommer de préférence avant la date indiquée sur le coffret. Conservation : Servir frais (2-4°C). Après ouverture veuillez conserver les bouteilles au réfrigérateur avec un bouchon hermétique afin de garder les bulles jusqu'à 48h. Fabriquant : French Bloom - 32 rue Washington, 75008 Paris, France. Doudou Petit Bateau Cœurs : Matière : – Extérieur du doudou : 100 % coton issu de l'agriculture biologique, garanti sans OGM. – Ouatine : 100 % polyester. Produit labellisé standard 100 by OEKO-TEX ®, CQ 746/3, IFTH, garantissant le respect de la peau Entretien : température maximale 40 °C, essorage normal, pas de blanchiment, pas de séchage en tambour, pas de repassage, pas de nettoyage à sec Assortiment de chocolats noirs et au lait fourrés au praliné La Maison du Chocolat 116g 16 pépites : x4 Carya : Praliné pécan aux éclats de noix de pécan caramélisées. x4 Grain Dentelle : Praliné au chocolat au lait et aux éclats de crêpes dentelle. x4 Praliné Mendiant : Praliné amandes aux éclats d'amandes caramélisées, de noisettes et pistaches torréfiées et d'oranges confites. x4 Praliné Noisette : Praliné noisettes aux éclats de noisettes du Piémont. *L’assortiment est susceptible de varier. Ingrédients : chocolat noir (fèves de cacao, sucre, beurre de cacao, émulsifiant (lécithine de tournesol), arôme naturel (vanille)), sucre, noisettes, amandes, chocolat au lait (sucre, lait entier en poudre, beurre de cacao, fèves de cacao, émulsifiant (lécithine de tournesol)), noix de pécan, arôme naturel (amande amère, vanille), beurre de cacao, beurre, pistaches, farine de blé, lait entier en poudre, poudre d'amande, sel, émulsifiant (lécithine de tournesol), lait écrémé en poudre, colorant naturel (caramel, curcumine), malt d'orge, concentrés (radis, pomme, cassis), orge en poudre. Allergènes mentionnés en gras. Chocolat noir : cacao 56% minimum, Chocolat au lait : cacao 37% minimum. Fabriquant : La Maison du Chocolat - 65 avenue de Ségur, 75007 Paris, France. Valeurs nutritionnelles moyennes pour 100g : Energie (Kcal) : 565, Energie (kJ) : 2343, Matière grasse (g) : 39, dont Acides gras saturés (g) : 13, Glucides (g) : 42, dont sucres (g) : 39, protéines (g) : 8.7, Sel (g) : 0.11. À consommer de préférence avant la date indiquée sur le coffret. Durée de consommation optimale de 8 à 54 jours. Conservation : 18 °C dans un endroit sec. Dans leur emballage d'origine, ou bien dans le bac en bas de votre réfrigérateur, après avoir protégé votre coffret dans un sac papier ou plastique. Carte mots doux Félicitations : Illustration signée Bergamotte Pour que la surprise soit parfaite, votre coffret est expédié avec le plus grand soin. Nous assurons une livraison express en 24h partout en France et en 3h à Paris, dans un emballage sur mesure et soigné qui protège et sublime votre cadeau. Recevez ou faites livrer un présent impeccable, prêt à émerveiller. Le tout, présenté avec le soin et l'élégance qui caractérisent Bergamotte. Le cadeau parfait pour chouchouter vos proches. Offrez un instant de pur bonheur ! (",https://www.bergamotte.fr/livraison-accessoires/coffret-naissance,Bergamotte,Bergamotte,https://bergamotte.imgix.net/agq4u690p7veh23cwmre24l60pp3,in_stock,79.90 EUR,https://www.bergamotte.fr,https://www.bergamotte.fr/terms-and-conditions,true,14,new,Arts et loisirs > Fêtes et soirées > Cadeaux,https://bergamotte.imgix.net/vm9663kq42gluutzacczdgn3b21u,10792,,,,,9.90 EUR,true,true,false,,FR,FR
10794,Coffret Parfumé - Idées cadeaux - Coffret cadeau - Expérience à offrir - Bergamotte,"Célébrez les plus beaux moments avec ce coffret cadeau, pensé pour toucher en plein cœur. Plus qu'une simple attention, c'est une véritable expérience à offrir. Le Coffret Parfumé s'offre comme un rituel : un voyage olfactif qui éveille les sens, pour créer une ambiance douce et parfumée, en un instant. Ce coffret contient : 2 petites bougies Saugette (""Fleur d'oranger"" et ""Sous le figuier""), des allumettes Archivist Gallery ainsi qu'un éteignoir à bougie. Retrouvez plus d'informations sur les produits plus bas sur cette page. Mini bougie Fleurs d'oranger : Dimensions : 9,7(L) x 5,9(l) x 2,3(H) cm - 2 mèches - 60gr de cire - 13h de combustion Fabriquée en France Coulée à la main Cire de soja végétale et sans OGM Fragrances de Grasse sans CMR et sans phtalates Mèches en coton sans plomb Contenants recyclables Mini bougie Sous le figuier : Dimensions : 9,7(L) x 5,9(l) x 2,3(H) cm - 2 mèches - 60gr de cire - 13h de combustion Fabriquée en France Coulée à la main Cire de soja végétale et sans OGM Fragrances de Grasse sans CMR et sans phtalates Mèches en coton sans plomb Contenants recyclables Allumettes Archivist Gallery : Dimensions : 11cm x 11cm x 5cm Contenance : 125 allumettes (têtes d'allumettes blanches) de 10cm Éteignoir à bougie : Extincteur bougie en métal couleur champagne Pour que la surprise soit parfaite, votre coffret est expédié avec le plus grand soin. Nous assurons une livraison express en 24h partout en France et en 3h à Paris, dans un emballage sur mesure et soigné qui protège et sublime votre cadeau. Recevez ou faites livrer un présent impeccable, prêt à émerveiller. Le tout, présenté avec le soin et l'élégance qui caractérisent Bergamotte. Le cadeau parfait pour chouchouter vos proches. Offrez un instant de pur bonheur ! (",https://www.bergamotte.fr/livraison-accessoires/coffret-parfume,Bergamotte,Bergamotte,https://bergamotte.imgix.net/qdrcbea3xv48qvvqc976w8vk9b39,in_stock,44.90 EUR,https://www.bergamotte.fr,https://www.bergamotte.fr/terms-and-conditions,true,14,new,Arts et loisirs > Fêtes et soirées > Cadeaux,https://bergamotte.imgix.net/w4j37pca03mye0zrvf1rmb3to86l,10794,,,,,9.90 EUR,true,true,false,,FR,FR
10795,Coffret Sérénité - Idées cadeaux - Coffret cadeau - Expérience à offrir - Bergamotte,"Célébrez les plus beaux moments avec ce coffret cadeau, pensé pour toucher en plein cœur. Plus qu'une simple attention, c'est une véritable expérience à offrir. Zen soyez zen… Entre le travail, une retraite bien chargée, le chat pour certains, les enfants pour d’autres… Nos experts dans l’art d’offrir ont pensé à nos proches qui ont besoin d’une pause, en créant le coffret Sérénité. Un puzzle pour détendre les esprits toujours en ébullition. Un ourson en guimauve L’éclair de génie, pour fondre calmement. Une boîte à thé Kusmi Tea ‘Sweet Love’ et sa pince cœur pour infuser. Et le petit plus, une bougie parfumée à la fleur d’oranger, pour apaiser l’ambiance… Retrouvez toutes les informations complémentaires à propos du contenu de notre coffret Sérénité, plus bas. Mini-puzzle : 99 pièces - Illustré par Victoria Ball Taille puzzle : 10 x 14 cm - Dimensions boîte : 9 x 6 x 2 cm Emballé sans plastique dans une boîte en carton - Puzzle en carton recyclé Guimauve à la vanille enrobée de chocolat au lait 50g Ingrédients : guimauve à la vanille de Madagascar (sucre semoule, trimoline, gélatine de poisson, eau, pâte de vanille de Madagascar (gousses de vanille de Madagascar, trimoline)) 81,9%, enrobage chocolat au lait 35,1% de cacao minimum (sucre, beurre de cacao, poudre de lait entier, pâte de cacao, émulsifiant : lécithine de soja, arôme naturel de vanille). Allergènes mentionnés en gras. Traces éventuelles : fruits à coque, arachides. À consommer de préférence avant la date indiquée sur l'emballage. Conservation optimale : Entre 12°C et 20°C Confectionnée à Paris de manière artisanale. Fabriquant : Eclair de génie - 32 rue Notre Dame des Victoires, 75002 Paris, France Valeurs nutritionnelles pour 100g : Énergie : 1389 kJ / 328 kcal | Matières grasses : 6,7 g (dont acides gras saturés : 4 g) | Glucides : 62,9 g (dont sucres : 62,5 g) | Protéines : 3,7 g | Sel* : 0,04 g. *Teneur en sel exclusivement due à la présence naturelle de sodium. Thé Kusmi Tea Sweet Love 20g : Thé noir bio, épices (Boîte métal 20g) Ingrédients : Thé noir* (39%), épices* (cardamome*, cannelle*, anis*, clou de girofle*) (38%), racines de réglisse*, poivre rose* (3%), guarana* (2%), arômes naturels d'épices. *Produit issu de l'agriculture biologique. Contient de la réglisse - les personnes souffrant d’hypertension doivent éviter toute consommation excessive. À consommer de préférence avant la date indiquée sur la boîte. Conservation : Dans un endroit sec à l'abri de la lumière. Préparation : Temps d'infusion de 3 à 5 minutes, température d'infusion 90°C. Fabriquant : Kusmi Tea - 89 avenue Niel, 75017 Paris, France. Pince à thé cœur : Couleur : dorée Matériau : acier inoxydable Taille/Poids : hauteur 16 cm, largeur 3,5 cm, profondeur 3,5 cm/ 40,82 g Mini bougie Fleurs d'oranger : Dimensions : 9,7(L) x 5,9(l) x 2,3(H) cm - 2 mèches - 60gr de cire - 13h de combustion Fabriquée en France Coulée à la main Cire de soja végétale et sans OGM Fragrances de Grasse sans CMR et sans phtalates Mèches en coton sans plomb Contenants recyclables Pour que la surprise soit parfaite, votre coffret est expédié avec le plus grand soin. Nous assurons une livraison express en 24h partout en France et en 3h à Paris, dans un emballage sur mesure et soigné qui protège et sublime votre cadeau. Recevez ou faites livrer un présent impeccable, prêt à émerveiller. Le tout, présenté avec le soin et l'élégance qui caractérisent Bergamotte. Le cadeau parfait pour chouchouter vos proches. Offrez un instant de pur bonheur ! (",https://www.bergamotte.fr/livraison-accessoires/coffret-serenite,Bergamotte,Bergamotte,https://bergamotte.imgix.net/u6kmwpmllynsjbm67ormz8eg0nut,in_stock,49.90 EUR,https://www.bergamotte.fr,https://www.bergamotte.fr/terms-and-conditions,true,14,new,Arts et loisirs > Fêtes et soirées > Cadeaux,https://bergamotte.imgix.net/f5vwjx8pn9bc2nys90shz8o4z6n9,10795,,,,,9.90 EUR,true,true,false,,FR,FR
10796,Coffret Cosy - Idées cadeaux - Coffret cadeau - Expérience à offrir - Bergamotte,"Célébrez les plus beaux moments avec ce coffret cadeau, pensé pour toucher en plein cœur. Plus qu'une simple attention, c'est une véritable expérience à offrir. Le Coffret Cosy est le complice des journées douces, à l'abri des tumultes : un concentré de bonheur à savourer en toute quiétude. Ce coffret contient : une tablette de chocolat noir fourrée praliné noisettes Éclair de Génie, une bougie à la fleur d'oranger Saugette, un éteignoir à bougie et un joli mug rayé. Retrouvez plus d'informations sur les produits plus bas sur cette page. Tablettes de chocolat fourrée au praliné noisettes françaises Eclair de Génie 115g : Ingrédients : Chocolat noir 57,9% de cacao* minimum (pâte de cacao, sucre, beurre de cacao, émulsifiant : lécithine de soja, arôme naturel de vanille) 52,6%, praliné noisette (noisettes françaises, sucre semoule, eau, sirop de glucose, fleur de sel de Guérande, pâte de vanille (gousses de vanille de Madagascar, trimoline)) 33,1%, noisettes françaises hachées, pâte de noisette française, chocolat lait 35,2% de cacao* minimum (sucre, beurre de cacao, poudre de lait entier, pâte de cacao, émulsifiant : lécithine de soja). Allergènes mentionnés en gras. Traces éventuelles : autres fruits à coque, arachides.* Fèves de cacao issues de l'Afrique de l'Ouest (Sierra Leone, Côte d'Ivoire, Ghana, Togo, Nigéria, Cameroun, Guinée équatoriale, Gabon, Sao Tomé, Congo). Valeurs nutritionnelles pour 100g : énergie : 2267 kJ / 545 kcal, matières grasses : 40,1 g dont acides gras saturés : 14,4 g, glucides : 35,5 g dont sucres : 32,2 g, protéines : 8,6 g, sel : 0,11 g.Bougie Fleur d'oranger : Marque : Saugette Assemblage olfactif : Fleur d'Oranger Contenance : 100g - 24h de combustion Dimensions : hauteur 6 cm, diamètre 6,5 cm Fabriquée en France Coulée à la main Cire de soja végétale sans OGM Fragrance de Grasse sans CMR ni phtalates Mèche en coton sans plomb Contenant recyclable Éteignoir à bougie : Extincteur bougie en métal couleur champagne Mug rayé rose : Céramique artisanale, peinte à la main : – Emballée individuellement et de manière durable – Passe au lave-vaisselle et apte au contact alimentaire et au micro-ondes Dimensions : diamètre 8 cm, hauteur 8,5 cm et capacité 300 ml Pour que la surprise soit parfaite, votre coffret est expédié avec le plus grand soin. Nous assurons une livraison express en 24h partout en France et en 3h à Paris, dans un emballage sur mesure et soigné qui protège et sublime votre cadeau. Recevez ou faites livrer un présent impeccable, prêt à émerveiller. Le tout, présenté avec le soin et l'élégance qui caractérisent Bergamotte. Le cadeau parfait pour chouchouter vos proches. Offrez un instant de pur bonheur ! (",https://www.bergamotte.fr/livraison-accessoires/coffret-cosy,Bergamotte,Bergamotte,https://bergamotte.imgix.net/qy3lq2d8nzmwjayr3gh5k6wdfhf8,in_stock,59.90 EUR,https://www.bergamotte.fr,https://www.bergamotte.fr/terms-and-conditions,true,14,new,Arts et loisirs > Fêtes et soirées > Cadeaux,https://bergamotte.imgix.net/uq9sm6xbf7ub6zos5ax7ufuz4ckn,10796,,,,,9.90 EUR,true,true,false,,FR,FR
10797,Coffret Anniversaire - Champagne et Biscuits - Idee Cadeau Original - Livraison Rapide a Domicile 24h,"Célébrez les plus beaux moments avec ce coffret cadeau, pensé pour toucher en plein cœur. Plus qu'une simple attention, c'est une véritable expérience à offrir. “Un très joyeux anniversaire.”. Tous les âges sont importants, c’est pourquoi nos experts dans l’art d’offrir ont créé le Coffret Anniversaire. Une surprise unique dont vous serez le seul parmi vos proches à avoir le secret… Entre les biscuits illustrés French Biscuits, le petit champagne Laurent Perrier, un petit sachet de graines à planter et une carte designée Bergamotte, votre heureux destinataire n’oubliera pas cette surprise. Retrouvez toutes les informations complémentaires à propos du contenu de notre coffret Anniversaire, plus bas. Champagne Laurent-Perrier La Cuvée, brut, 37.5cl : Origine : Tours-sur-Marne - France Alcool : 12 % Cépage : Chardonnay 53 %, pinot noir 33 %, pinot meunier 14 % Contient des SULFITES Fabriquant : Laurent-Perrier - 32 avenue de Champagne, 51150 Tours-sur-Marne, France. L'abus d'alcool est dangereux pour la santé. A consommer avec modération. La consommation de boissons alcoolisées pendant la grossesse, même en faible quantité, peut avoir des conséquences graves pour la santé de l’enfant. La vente d'alcool aux mineurs est strictement interdite.Biscuits sablés au cacao 156 g : Poids : 156 grammes (12 biscuits au chocolat) Ingrédients : Farine de blé d'Ile-de-France, beurre AOP d’Isigny Saint-Mère, sucre blanc, cacao plein arôme Barry, œufs entier plein air, sel. Allergènes mentionnés en gras. Valeurs nutritionnelles pour 100g : Energie : 1741,4 kj / 416,1 kcal, matières grasses : 21,2 g (dont acides gras saturés : 14,4 g), glucides : 46,1 g (dont sucres : 22,2 g), fibres alimentaires : 1,5 g, protéines : 7,6 g, sel : 1,0 g (156 grammes)Fabriqué dans un atelier où sont utilisés des arachides et des fruits à coque. À consommer de préférence avant la date indiquée sur l'emballage. Conservation optimale : Les biscuits se conservent idéalement 6 mois dans leur emballage d'origine ou une boîte hermétique, à l'abri de la chaleur et l'humidité. Confectionné en Île de France. Fabriquant : Le French Biscuit - 14, avenue du 1er mai, 91120 PALAISEAUCarte mots doux Happy Birthday : Illustration faite par BergamotteSachet de graines Joyeux anniversaire : Sachet blanc moucheté fabriqué à partir de fibres de paille Format : 70 x 100 mm | Papier FSC, recyclé et recyclable Des graines de fleurs des champs françaises, non traitées, reproductibles et mellifères : cette variété annuelle est en réalité un panaché de plusieurs fleurs champêtres. Contient env. 350 graines | Surface de 3 m² ou 8 pots. Fabrication made in Nantes Pour que la surprise soit parfaite, votre coffret est expédié avec le plus grand soin. Nous assurons une livraison express en 24h partout en France et en 3h à Paris, dans un emballage sur mesure et soigné qui protège et sublime votre cadeau. Recevez ou faites livrer un présent impeccable, prêt à émerveiller. Le tout, présenté avec le soin et l'élégance qui caractérisent Bergamotte. Le cadeau parfait pour chouchouter vos proches. Offrez un instant de pur bonheur ! ( Livraison a domicile en 24h partout en France ou en 3h a Paris soigneusement emballe Coffret anniversaire festif avec Champagne Laurent-Perrier 37.5 cl et biscuits au chocolat French Biscuits Biscuits a messages personnalises et sachet de graines La Fabrique a sachets pour celebrer l evenement Emballage premium soigne et coffret cadeau elegant parfait pour celebrer un anniversaire inoubliable Carte message personnalisee offerte idee cadeau festif original pour celebrer toutes les occasions",https://www.bergamotte.fr/livraison-accessoires/coffret-anniversaire,Bergamotte,Bergamotte,https://bergamotte.imgix.net/1v3zbhrleyl7swb56b7vxgl3ql7p,in_stock,49.90 EUR,https://www.bergamotte.fr,https://www.bergamotte.fr/terms-and-conditions,true,14,new,Arts et loisirs > Fêtes et soirées > Cadeaux,"https://bergamotte.imgix.net/y4fiq2dsphv0nfkv71amznazknnu,https://bergamotte.imgix.net/jl6s9b3tg7nxp45dvjhhpb7byadj,https://bergamotte.imgix.net/1wvsgfmvch5gg8u3i0z5rcnckmus,https://bergamotte.imgix.net/ztoj3wksppe9f0qmlw0btbiw75c7,https://bergamotte.imgix.net/lowid6fjifqlrpdld6sxdlxj6ye2",10797,,,,,9.90 EUR,true,true,false,,FR,FR
10871,Couronne de Fleurs Séchées Tivoli - Diamètre 25 cm - Livraison 24h France - Decoration Murale Durable,"Apportez une touche de poésie et de nature intemporelle à votre intérieur avec cette couronne de fleurs séchées. Une création artisanale tout en texture, conçue pour durer et embellir votre quotidien sans le moindre effort. Parfaite pour habiller un mur, décorer une porte ou comme centre de table, la Couronne Tivoli s'intègre harmonieusement dans tous les styles de décoration, du plus moderne au plus bohème. C'est un cadeau idéal et durable, qui ne fane jamais. Pour conserver sa beauté, placez-la à l'abri du soleil direct et de l'humidité. Un simple dépoussiérage délicat au sèche-cheveux (air froid, faible puissance) suffira à l'entretenir. Pourquoi vous allez adorer votre Couronne Tivoli : - Décoration Durable, Zéro Entretien : Oubliez l'arrosage ! ces fleurs séchées conservent leur beauté et leurs couleurs des mois, voire des années. Un simple dépoussiérage occasionnel suffit. - Style Bohème Tendance : Parfait pour ajouter une touche chaleureuse, naturelle et texturée à un salon, une chambre ou un bureau. Elle s'intègre à merveille dans tous les décors. Livraison express et services sur-mesure : - Livraison de fleurs en 24h dans toute la France et en 3h à Paris. - Carte message offerte pour accompagner vos fleurs séchées. - Emballage soigné et conçu pour le transport. Caractéristique : Diamètre 25 cm Le Cadeau Parfait qui Dure : C'est le cadeau idéal pour une pendaison de crémaillère, un anniversaire ou simplement pour offrir une attention qui ne se fane pas. Une touche de nature intemporelle qui plaira à coup sûr. Commandez votre Couronne Tivoli pour une touche de nature éternelle dans votre maison. Une création Bergamotte, livrée avec soin partout en France. Livraison express a domicile : en 3h a Paris et le lendemain partout en France avant 13h Couronne de fleurs sechees artisanale : creation texturee parfaite pour habiller un mur ou decorer une porte Decoration durable zero entretien : les fleurs sechees conservent leur beaute des mois voire des annees Diametre 25 cm : ideale comme centre de table ou decoration murale dans tous les styles d interieur Carte message personnalisee offerte et emballage soigne pour toutes vos occasions speciales",https://www.bergamotte.fr/livraison-fleurs/couronne-tivoli,Bergamotte,Bergamotte,https://bergamotte.imgix.net/icsqi2v6sig0vj9tdptshw9rbixo,in_stock,49.90 EUR,https://www.bergamotte.fr,https://www.bergamotte.fr/terms-and-conditions,true,14,new,Maison et jardin > Décorations > Fleurs séchées,"https://bergamotte.imgix.net/b5yonxlathirb2yn6tlm9926d0dr,https://bergamotte.imgix.net/j1v5p5hnqhrz0jehoyij27tzphum,https://bergamotte.imgix.net/75tcxquch72fh93bmjvmc753mbam,https://bergamotte.imgix.net/4lv3dk8ls4d4dwf0sp17fdfas4lm,https://bergamotte.imgix.net/iv63jgiugfw8fxg3l7m8q651l5gq",10871,,,,,9.90 EUR,true,true,false,,FR,FR
10902,Cache-pot rayé kaki D16 - Accessoires décoration - Idées cadeaux - Fleuriste Bergamotte,"Diamètre : 15,5 cm Hauteur : 14,5 cm Composition : Céramique NB : Chaque cache-pot est unique : les rayures étant peintes à la main, de légères variations peuvent apparaître d’un modèle à l’autre. Photos non contractuelles. Diamètre : 15,5 cm Hauteur : 14,5 cm Composition : Céramique NB : Chaque cache-pot est unique : les rayures étant peintes à la main, de légères variations peuvent apparaître d’un modèle à l’autre. Photos non contractuelles.",https://www.bergamotte.fr/livraison-fleurs/cache-pot-raye-kaki-d16,Bergamotte,Bergamotte,https://bergamotte.imgix.net/ksh77ukb8wtg0ml9d5effvwiigbz,in_stock,16.90 EUR,https://www.bergamotte.fr,https://www.bergamotte.fr/terms-and-conditions,true,14,new,Arts et loisirs > Fêtes et soirées > Cadeaux,,10902,,,,,9.90 EUR,true,true,false,,FR,FR
10903,Cache-pot rayé rouge D16 - Accessoires décoration - Idées cadeaux - Fleuriste Bergamotte,"Diamètre : 15,5 cm Hauteur : 14,5 cm Composition : Céramique NB : Chaque cache-pot est unique : les rayures étant peintes à la main, de légères variations peuvent apparaître d’un modèle à l’autre. Photos non contractuelles. Diamètre : 15,5 cm Hauteur : 14,5 cm Composition : Céramique NB : Chaque cache-pot est unique : les rayures étant peintes à la main, de légères variations peuvent apparaître d’un modèle à l’autre. Photos non contractuelles.",https://www.bergamotte.fr/pots/cache-pot-raye-rouge-d16,Bergamotte,Bergamotte,https://bergamotte.imgix.net/twivmzfd0c6kxu5cpk9d4pf26zdh,in_stock,16.90 EUR,https://www.bergamotte.fr,https://www.bergamotte.fr/terms-and-conditions,true,14,new,Arts et loisirs > Fêtes et soirées > Cadeaux,,10903,,,,,9.90 EUR,true,true,false,,FR,FR
10906,Boîte à bonheur La Sablésienne - Idées cadeaux gourmandes - Fleuriste Bergamotte,"La boîte à bonheur signée La Sablésienne contient de savoureux petits sablés pur beurre aux pépites de chocolat. C'est du bonheur à offrir pour accompagner votre surprise végétale ou seule pour les gourmands... Psst : La Sablésienne fut fondée en 1962 à Sablé-sur-Sarthe, ville qui a donné son nom aux célèbres biscuits sablés. Boîte de sablés aux pépites de chocolat Confectionnés de manière artisanale à Sablé-sur-Sarthe Ingrédients : Farine de blé, beurre frais 18.9%, sucre, pépites de chocolat 10.6% (sucre, pâte de cacao, beurre de cacao, émulsifiant : lécithine de SOJA), œufs, sel, lait écrémé en poudre, poudre à lever : bicarbonate de sodium. Allergènes mentionnés en gras. Fabriqué dans un atelier qui utilise également du sésame, du soja, des fruits à coque et des céréales contenant du gluten, lait et beurre. Energie 2065kJ / 493kcal, matières grasses 15.0g, glucides 66.3g dont sucres 32.1g, protéines 6.8g, sel 0.68g. Poids : 300g (76.33€/ kg)",https://www.bergamotte.fr/livraison-accessoires/boite-a-bonheur-la-sablesienne,Bergamotte,Bergamotte,https://bergamotte.imgix.net/irg272zveif4wqthrre8obezhtgr,in_stock,22.90 EUR,https://www.bergamotte.fr,https://www.bergamotte.fr/terms-and-conditions,true,14,new,"Alimentation, boissons et tabac",,10906,,,,,9.90 EUR,true,true,false,,FR,FR
10908,Matcha Anatae - Idées cadeaux gourmandes - Fleuriste Bergamotte,"Matcha traditionnel, matcha latte, pâtisserie,... Tout est possible avec le matcha classique de chez Anatae !. Thé Matcha Classique Japonais Ingrédients : 100 % poudre de thé vert matcha - Sans gluten ni allergènes Origine : Fujieda (Shizuoka, Japon). Cultivé sans pesticide selon les standards de l’agriculture biologique japonaise (JAS). Utilisations : Thé matcha traditionnel (à l'eau), Thé matcha latte, Pâtisserie (1g/ matcha) Conservation : À consommer de préférence avant la date indiquée sur l'emballage. Pour préserver sa couleur éclatante et ses bienfaits, nous vous conseillons de conserver votre boîte bien fermée dans un endroit frais et sec. (30g - Prix/kg : 763.33€) Fabriquant : Anatae - 12 rue Louis Bleriot, 66000 Perpignan, France.",https://www.bergamotte.fr/livraison-accessoires/matcha-anatae,Bergamotte,Bergamotte,https://bergamotte.imgix.net/5slm1wvwxppqwoc5ld1lzcae6cmd,in_stock,22.90 EUR,https://www.bergamotte.fr,https://www.bergamotte.fr/terms-and-conditions,true,14,new,"Alimentation, boissons et tabac",,10908,,,,,9.90 EUR,true,true,false,,FR,FR
10938,Mug rayé bleu - Accessoires décoration - Idées cadeaux - Fleuriste Bergamotte,"Découvrez le mug à rayures bleu du Magazin Minori : un accessoire chaleureux et élégant, idéal pour accompagner votre surprise végétale d'une pause réconfortante. Céramique artisanale, peinte à la main – Emballée individuellement et de manière durable – Passe au lave-vaisselle et apte au contact alimentaire et au micro-ondes Contenance : 300 ml Dimensions : D8 cm x H8,5 cm",https://www.bergamotte.fr/livraison-accessoires/mug-raye-bleu,Bergamotte,Bergamotte,https://bergamotte.imgix.net/4i9dx3cea1g9i686lzwnkhox2cio,in_stock,24.90 EUR,https://www.bergamotte.fr,https://www.bergamotte.fr/terms-and-conditions,true,14,new,Arts et loisirs > Fêtes et soirées > Cadeaux,,10938,,,,,9.90 EUR,true,true,false,,FR,FR
10940,Brume d'oreiller nuit calme Durance - Accessoires décoration - Idées cadeaux - Fleuriste Bergamotte,"Découvrez la brume d'oreiller « Nuit Calme » de chez Durance : une touche apaisante et délicatement parfumée, idéale pour accompagner votre surprise végétale d'un rituel de relaxation. Fragrance : notes de fleurs d’Oranger Contenance : 50ml",https://www.bergamotte.fr/livraison-accessoires/brume-d-oreiller-nuit-calme-durance,Bergamotte,Bergamotte,https://bergamotte.imgix.net/wbthcyfs1p2guswdkwd9g7z0oqe9,in_stock,12.90 EUR,https://www.bergamotte.fr,https://www.bergamotte.fr/terms-and-conditions,true,14,new,Arts et loisirs > Fêtes et soirées > Cadeaux,,10940,,,,,9.90 EUR,true,true,false,,FR,FR
10941,Tisane Kusmi Tea Lovely Night - Idées cadeaux gourmandes - Fleuriste Bergamotte,"Découvrez l'infusion bio Lovely Night de Kusmi Tea : un mélange réconfortant de rooibos, honeybush, épices et saveur poire, idéal pour accompagner votre surprise végétale d'un moment de pure sérénité. Infusion en boîte métal 100g (50 thés) Ingrédients : Honeybush* (31%), rooibos* (20%), cannelle* (15%), tilleul*, réglisse* (9%), camomille*, verveine*, arôme naturel de poire (5%). *Produit issu de l'agriculture biologique. Contient de la réglisse - les personnes souffrant d’hypertension doivent éviter toute consommation excessive. À consommer de préférence avant la date indiquée sur la boîte. Conservation : Dans un endroit sec à l'abri de la lumière. Préparation : Temps d'infusion de 3 à 5 minutes, température d'infusion 90°C. Fabriquant : Kusmi Tea - 89 avenue Niel, 75017 Paris, France.",https://www.bergamotte.fr/livraison-accessoires/tisane-kusmi-tea-lovely-night,Bergamotte,Bergamotte,https://bergamotte.imgix.net/g5xmhha0u7e452kc8xap6wbj3x3b,in_stock,16.90 EUR,https://www.bergamotte.fr,https://www.bergamotte.fr/terms-and-conditions,true,14,new,"Alimentation, boissons et tabac",,10941,,,,,9.90 EUR,true,true,false,,FR,FR
11008,Coffret Nuit étoilée - Idées cadeaux - Coffret cadeau - Expérience à offrir - Bergamotte,"Célébrez les plus beaux moments avec ce coffret cadeau, pensé pour toucher en plein cœur. Plus qu'une simple attention, c'est une véritable expérience à offrir. Pour passer une bonne nuit… Il ne suffit pas de le dire ! Chez Bergamotte, le coffret Nuit étoilée est le cadeau parfait pour celles et ceux qui aiment dormir à la belle étoile… Tout en restant bien au chaud dans leur cocon ! Nos experts dans l’art d’offrir ont réuni en 1 seul cadeau : une brume d’oreiller Nuit Calme Durance. Un masque de nuit pour garder les yeux clos en toutes circonstances. Une infusion Lovely Night sans théine par Kusmi Tea. Une pince à thé en forme de coeur, à glisser dans un mug à rayures bleues (la couleur des rêves aux pays des mille et une nuits.). Retrouvez plus d'informations sur les produits plus bas sur cette page. Infusion ""Lovely night"" KusmiTea : Tisane rooibos bio, honeybush, tilleul (Boîte métal 100g, 50 thés) Ingrédients : Honeybush* (31%), rooibos* (20%), cannelle* (15%), tilleul*, réglisse* (9%), camomille*, verveine*, arôme naturel de poire (5%). *Produit issu de l'agriculture biologique. Contient de la réglisse - les personnes souffrant d’hypertension doivent éviter toute consommation excessive. À consommer de préférence avant la date indiquée sur la boîte. Conservation : Dans un endroit sec à l'abri de la lumière. Préparation : Temps d'infusion de 3 à 5 minutes, température d'infusion 90°C. Fabriquant : Kusmi Tea - 89 avenue Niel, 75017 Paris, France. Mug rayé bleu : Céramique artisanale, peinte à la main – Emballée individuellement et de manière durable – Passe au lave-vaisselle et apte au contact alimentaire et au micro-ondes Contenance : 300 ml Dimensions : D8 cm x H8,5 cm Brume d'oreiller ""nuit calme"" Durance : Fragrance : notes de fleurs d’Oranger Contenance : 50ml Masque de nuit : Couleur : champagne Matériau : 100% polyester Dimensions : 22 x 10 x 1 cm Pince à thé cœur : Couleur : dorée Matériau : acier inoxydable Taille/Poids : hauteur 16 cm, largeur 3,5 cm, profondeur 3,5 cm Pour que la surprise soit parfaite, votre coffret est expédié avec le plus grand soin. Nous assurons une livraison express en 24h partout en France et en 3h à Paris, dans un emballage sur mesure et soigné qui protège et sublime votre cadeau. Recevez ou faites livrer un présent impeccable, prêt à émerveiller. Le tout, présenté avec le soin et l'élégance qui caractérisent Bergamotte. Le cadeau parfait pour chouchouter vos proches. Offrez un instant de pur bonheur ! (",https://www.bergamotte.fr/livraison-accessoires/coffret-nuit-etoilee,Bergamotte,Bergamotte,https://bergamotte.imgix.net/2h4g6k57g74xalqrb0h6440qgra3,in_stock,69.90 EUR,https://www.bergamotte.fr,https://www.bergamotte.fr/terms-and-conditions,true,14,new,Arts et loisirs > Fêtes et soirées > Cadeaux,https://bergamotte.imgix.net/19km1hp9iowpsuxzpenlxitzotsh,11008,,,,,9.90 EUR,true,true,false,,FR,FR
11053,Bouquet Oléron M - Livraison fleurs séchées - Fleuriste en ligne Bergamotte,"Faites entrer un air d'évasion et de poésie bohème dans votre intérieur avec ces fleurs séchées. Une création artisanale tout en texture, conçue pour durer et embellir votre quotidien sans le moindre effort. Pourquoi vous allez adorer votre Bouquet Oléron M : - Décoration Durable, Zéro Entretien : Oubliez l'arrosage ! ces fleurs séchées conservent leur beauté et leurs couleurs des mois, voire des années. Un simple dépoussiérage occasionnel suffit. - Style Bohème Tendance : Parfait pour ajouter une touche chaleureuse, naturelle et texturée à un salon, une chambre ou un bureau. Il s'intègre à merveille dans tous les décors. Livraison express et services sur-mesure : - Livraison de fleurs en 24h dans toute la France et en 3h à Paris. - Carte message offerte pour accompagner vos fleurs séchées. - Emballage soigné et conçu pour le transport. Caractéristique : Diamètre 25 cm Hauteur 50 cm Le Cadeau Parfait qui Dure : C'est le cadeau idéal pour une pendaison de crémaillère, un anniversaire ou simplement pour offrir une attention qui ne se fane pas. Une touche de nature intemporelle qui plaira à coup sûr. Commandez votre Bouquet Oléron M pour une touche de nature éternelle dans votre maison. Une création artisanale Bergamotte, livrée avec soin partout en France.",https://www.bergamotte.fr/livraison-fleurs-sechees/bouquet-oleron/v/bouquet-oleron-m,Bergamotte,Bergamotte,https://bergamotte.imgix.net/zjsqvbk1z3w0pa9dvv03z0x6etdf,in_stock,59.90 EUR,https://www.bergamotte.fr,https://www.bergamotte.fr/terms-and-conditions,true,14,new,Maison et jardin > Décorations > Fleurs séchées,https://bergamotte.imgix.net/q62dqz6o5k5laacr7carq6k92j02,11053,,,,,9.90 EUR,true,true,false,"{""custom_label_4"": ""new""}",FR,FR
11062,Coffret duo Confiture Parisienne - Idées cadeaux gourmandes - Fleuriste Bergamotte,"Ce coffret de confitures est le complément gourmand idéal à associer à vos fleurs ou vos plantes, pour offrir une attention sucrée aussi raffinée que délicieuse. Coffret duo : Framboise Violette - Fraise Fleur de Cerisier (2x100g) Ingrédients : fraise, sucre de canne, citron, pectine d’agrumes, arôme naturel de fleur de cerisier/ framboise, sucre de canne, citron, pectine d'agrumes, arôme naturel de violette. Traces éventuelles : oeuf, arachide, fruits à coque, gluten, sésame et lait. Sans conservateurs. Peut contenir des sulfites. À consommer de préférence avant la date indiquée sur le pot. Conservation : Après ouverture conserver au frais et consommer rapidement. Conseils de dégustation : sur une tartine, une crêpe, un scone, ou fromage blanc. Confectionnée à Paris de manière artisanale. Fabriquant : Confiture Parisienne - 17 avenue Daumesnil, 75012 Paris, France.",https://www.bergamotte.fr/livraison-accessoires/coffret-duo-confiture-parisienne,Bergamotte,Bergamotte,https://bergamotte.imgix.net/peba48bovpmra93ng10a63yuuq7q,in_stock,12.90 EUR,https://www.bergamotte.fr,https://www.bergamotte.fr/terms-and-conditions,true,14,new,"Alimentation, boissons et tabac",,11062,,,,,9.90 EUR,true,true,false,,FR,FR
11066,Coffret Goûter - Idées cadeaux - Coffret cadeau - Expérience à offrir - Bergamotte,"Célébrez les plus beaux moments avec ce coffret cadeau, pensé pour toucher en plein cœur. Plus qu'une simple attention, c'est une véritable expérience à offrir. “Have a break, have a coffret!”. Vos proches vont adorer adopter cette nouvelle habitude si ce n’est pas encore déjà fait… Dans tous les cas, pour dire merci, pour célébrer une bonne nouvelle ou pour offrir une touche de bonheur bienvenu, nos experts dans l’Art D’offrir ont composé ce coffret remplit de confiseries : confiture framboise et violette, crème à tartiner noisettes fondante, miel de fleurs d’été, tablette chocolat noir praliné noisette, mini cookies gianduja lait et noisettes d’Italie... Tout ça avec l’aide de nos meilleurs partenaires en la matière - L'Éclair de Génie - Confiture Parisienne - Le Rucher des Brosses. À quelle heure sera la dégustation ? Retrouvez toutes les informations complémentaires à propos du contenu de notre coffret Goûter, plus bas. Biscuits aux noisettes et pépites de chocolat au lait 120g Ingrédients : Farine de riz, vergeoise brune, chocolat lait 28,3% de cacao*minimum (sucre, beurre de cacao, poudre de lait entier, pâte de cacao, sucre du lait, lactosérum en poudre, émulsifiant : lécithine de soja) 14,8%, gianduja noisette (pâte de noisettes d’Italie, chocolat lait 35,2% de cacao* minimum (sucre, beurre de cacao, poudre de lait entier, pâte de cacao, émulsifiant : lécithine de soja), sucre glace (sucre, amidon de pomme de terre), pâte de cacao, chocolat noir 57,9% de cacao* minimum (pâte de cacao, sucre, beurre de cacao, émulsifiant : lécithine de soja, arôme naturel de vanille), fleur de sel de Guérande, pâte de vanille (gousses de vanille de Madagascar, trimoline)) 11,2%, beurre concentré, noisettes d’Italie hachées grillées 8,5%, oeuf entier, farine de sarrasin, jaune d’oeuf, sirop de glucose, sorbitol en poudre, sel fin, lécithine de tournesol en poudre. Allergènes mentionnés en gras. Traces éventuelles : autres fruits à coque, arachides. *Fèves de cacao issues de l'Afrique de l'Ouest (Sierra Leone, Côte d’Ivoire, Ghana, Togo, Nigéria, Cameroun, Guinée équatoriale, Gabon, Sao Tomé, Congo). Valeurs nutritionnelles pour 100g : energie :1991 kJ / 476 kcal, matières grasses : 27,5 g dont acides gras saturés : 12,4 g, glucides : 50,9 g dont sucres : 30,2 g, protéines : 6,4 g, sel : 0,44 g. Confectionnée à Paris de manière artisanale. À consommer de préférence avant la date indiquée sur l'emballage. Conservation optimale : Entre 12°C et 20°C. Fabriquant : Eclair de génie - 32 rue Notre Dame des Victoires, 75002 Paris, France. Confiture extra Framboise et Violette 100g Ingrédients : framboise, sucre de canne, citron, pectine d'agrumes, arôme naturel de violette. Traces éventuelles : oeuf, arachide, fruits à coque, gluten, sésame et lait. Sans conservateurs. Peut contenir des sulfites. Confectionnée à Paris de manière artisanale. À consommer de préférence avant la date indiquée sur le pot. Conservation : Après ouverture conserver au frais et consommer rapidement. Conseils de dégustation : sur une tartine, une crêpe, un scone, ou fromage blanc. Fabriquant : Confiture Parisienne - 17 avenue Daumesnil, 75012 Paris, France. Valeurs nutritionnelles pour 100g. Fruits utilisés : 64g, énergie : 207 kcal / 875 kj, matières grasses : 0,6g dont acides gras saturés : 0,1g, glucides : 47g dont sucres : 46g, protéines : 0,9g, Sel : 0,05g Pâte à tartiner noisette et cacao 250g Ingrédients : noisette (45%), sucre de canne, amande, cacao. Allergènes mentionnés en gras. Traces éventuelles : oeuf, arachide, gluten, sésame et lait. Sans conservateurs, sans lécithine et sans lactose. Confectionnée à Paris de manière artisanale. À consommer de préférence avant la date indiquée sur le pot. Conservation : Après ouverture conserver à température ambiante et consommer rapidement. Conseils de dégustation : Avec des biscuits directement trempés dans le pot, sur une tranche de brioche tout juste grillée, sur une glace, ou à l’intérieur d’un muffin pour un maximum de plaisir... Fabriquant : Confiture Parisienne - 17 avenue Daumesnil, 75012 Paris, France. Valeurs nutritionnelles pour 100g, énergie : 544 kcal / 2269 kj, matières grasses : 34g dont acides gras saturés : 2,5g, glucides : 47g dont sucres : 44g, protéines : 10g, sel : 0,07g. Tablette de chocolat fourrées au praliné 115g Ingrédients : Chocolat noir 57,9% de cacao* minimum (pâte de cacao, sucre, beurre de cacao, émulsifiant : lécithine de soja, arôme naturel de vanille) 52,6%, praliné noisette (noisettes françaises, sucre semoule, eau, sirop de glucose, fleur de sel de Guérande, pâte de vanille (gousses de vanille de Madagascar, trimoline)) 33,1%, noisettes françaises hachées, pâte de noisette française, chocolat lait 35,2% de cacao* minimum (sucre, beurre de cacao, poudre de lait entier, pâte de cacao, émulsifiant : lécithine de soja). Allergènes mentionnés en gras. Traces éventuelles : autres fruits à coque, arachides.* Fèves de cacao issues de l'Afrique de l'Ouest (Sierra Leone…",https://www.bergamotte.fr/livraison-accessoires/coffret-gouter,Bergamotte,Bergamotte,https://bergamotte.imgix.net/b84eou7m97m4qbzn6ehylqghjqva,in_stock,49.90 EUR,https://www.bergamotte.fr,https://www.bergamotte.fr/terms-and-conditions,true,14,new,Arts et loisirs > Fêtes et soirées > Cadeaux,,11066,,,,,9.90 EUR,true,true,false,,FR,FR
11069,Coffret Sweet Time - Guimauves et Confiture Parisienne - Idee Cadeau Original - Livraison Rapide a Domicile 24h,"Célébrez les plus beaux moments avec ce coffret cadeau, pensé pour toucher en plein cœur. Plus qu'une simple attention, c'est une véritable expérience à offrir. Des oursons chocolat noir et lait fourrés d’une guimauve parfum vanille de Madagascar pour fait fondre les papilles, une confiture framboise et violette qui invite les gourmands à se tartiner sans hésiter une tranche de pain et un petit pot de Miel de fleurs d’été pour ceux qui veulent adoucir leur vie … Nos experts dans l’Art d’Offrir ont fait appel aux meilleurs - L'Éclair de Génie - Confiture Parisienne - Le Rucher des Brosses - pour vous confectionner le coffret parfait pour le ‘Sweet Time’ (Oui, Sweet Time, parce que pour les petits gourmands que vous êtes, le ‘Tea Time’ ne suffit pas !). Retrouvez toutes les informations complémentaires à propos du contenu de notre coffret Sweet time, plus bas. Guimauve à la vanille enrobée de chocolat au lait 50g Ingrédients : guimauve à la vanille de Madagascar (sucre semoule, trimoline, gélatine de poisson, eau, pâte de vanille de Madagascar (gousses de vanille de Madagascar, trimoline)) 81,9%, enrobage chocolat au lait 35,1% de cacao minimum (sucre, beurre de cacao, poudre de lait entier, pâte de cacao, émulsifiant : lécithine de soja, arôme naturel de vanille). Allergènes mentionnés en gras. Traces éventuelles : fruits à coque, arachides. À consommer de préférence avant la date indiquée sur l'emballage. Conservation optimale : Entre 12°C et 20°C Confectionnée à Paris de manière artisanale. Fabriquant : Eclair de génie - 32 rue Notre Dame des Victoires, 75002 Paris, France Valeurs nutritionnelles pour 100g : Énergie : 1389 kJ / 328 kcal | Matières grasses : 6,7 g (dont acides gras saturés : 4 g) | Glucides : 62,9 g (dont sucres : 62,5 g) | Protéines : 3,7 g | Sel* : 0,04 g. *Teneur en sel exclusivement due à la présence naturelle de sodium. Guimauve à la vanille enrobée de chocolat noir et amandes 50g Ingrédients : guimauve à la vanille de Madagascar (sucre semoule, trimoline, gélatine de poisson, eau, pâte de vanille de Madagascar (gousses de vanille de Madagascar, trimoline)) 81,8%, enrobage (chocolat noir origine Équateur 76% de cacao minimum (pâte de cacao d'Équateur, sucre, beurre de cacao, gousses de vanille broyées), amandes 3,6%, beurre de cacao). Allergènes mentionnés en gras. Traces éventuelles : autres fruits à coque, arachides, lait, soja, œufs, gluten. À consommer de préférence avant la date indiquée sur l'emballage. Conservation optimale : Entre 12°C et 20°C Confectionnée à Paris de manière artisanale. Fabriquant : Eclair de génie - 32 rue Notre Dame des Victoires, 75002 Paris, France. Valeurs nutritionnelles pour 100g : Énergie : 1394 kJ / 330 kcal | Matières grasses : 9,10 g (dont acides gras saturés : 4,40 g) | Glucides : 58,90 g (dont sucres : 58,20 g) | Protéines : 2,10 g | Sel : 0 g. Confiture extra Framboise et Violette 100g Ingrédients : framboise, sucre de canne, citron, pectine d'agrumes, arôme naturel de violette. Traces éventuelles : oeuf, arachide, fruits à coque, gluten, sésame et lait. Sans conservateurs. Peut contenir des sulfites. Confectionnée à Paris de manière artisanale. À consommer de préférence avant la date indiquée sur le pot. Conservation : Après ouverture conserver au frais et consommer rapidement. Conseils de dégustation : sur une tartine, une crêpe, un scone, ou fromage blanc. Fabriquant : Confiture Parisienne - 17 avenue Daumesnil, 75012 Paris, France. Valeurs nutritionnelles pour 100g. Fruits utilisés : 64g, énergie : 207 kcal / 875 kj, matières grasses : 0,6g dont acides gras saturés : 0,1g, glucides : 47g dont sucres : 46g, protéines : 0,9g, Sel : 0,05gMiel de fleurs 125g Origine : France Marque : Le Rucher des Brosses À conserver à l'abri de la chaleur et de l'humidité Carte mots doux With Love : Illustration signée Bergamotte Pour que la surprise soit parfaite, votre coffret est expédié avec le plus grand soin. Nous assurons une livraison express en 24h partout en France et en 3h à Paris, dans un emballage sur mesure et soigné qui protège et sublime votre cadeau. Recevez ou faites livrer un présent impeccable, prêt à émerveiller. Le tout, présenté avec le soin et l'élégance qui caractérisent Bergamotte. Le cadeau parfait pour chouchouter vos proches. Offrez un instant de pur bonheur ! ( Livraison a domicile en 24h partout en France ou en 3h a Paris soigneusement emballe Coffret gourmand Sweet Time avec guimauves oursons chocolat Eclair de Genie et confiture Parisienne Framboise Violette Douceurs artisanales francaises : miel de fleurs et confiture artisanale pour une pause gourmande raffinee Emballage premium soigne et coffret cadeau elegant parfait pour toutes les occasions speciales Carte message personnalisee offerte idee cadeau gourmand original pour fetes et anniversaires",https://www.bergamotte.fr/livraison-accessoires/coffret-sweet-time,Bergamotte,Bergamotte,https://bergamotte.imgix.net/tcjmbjyubwtkvx2ygockee14y2o6,in_stock,34.90 EUR,https://www.bergamotte.fr,https://www.bergamotte.fr/terms-and-conditions,true,14,new,Arts et loisirs > Fêtes et soirées > Cadeaux,"https://bergamotte.imgix.net/a2cwj4jufptbcofaek4f75nah3m2,https://bergamotte.imgix.net/6og85uc9xll0iumkxrwtslhum0tx,https://bergamotte.imgix.net/2195cq3um5f0bgihf9bpkx00kfk1,https://bergamotte.imgix.net/vx9ef33lh93412lqq1482dumv2le,https://bergamotte.imgix.net/wc1jnj5coetd1aocy20aka5sy39v",11069,,,,,9.90 EUR,true,true,false,"{""custom_label_4"": ""new""}",FR,FR
11089,Offre gourmande Fleurs - Idées cadeaux - Coffret cadeau - Expérience à offrir - Bergamotte,"Célébrez les plus beaux moments avec ce coffret cadeau, pensé pour toucher en plein cœur. Plus qu'une simple attention, c'est une véritable expérience à offrir. Un cadeau pour remercier ? Pour fêter une réussite professionnelle ? Pour célébrer une grande nouvelle ? Nos experts dans l’Art d’offrir ont imaginé un quatuor de cadeaux valeur sûre. Notre iconique bouquet Lago Di Como pour colorer l’occasion. Une bouteille de champagne Laurent-Perrier pour faire pétiller un grand moment. Un coffret de chocolats français pour savourer un beau souvenir. Une carte illustrée pour ne jamais oublier. Retrouvez toutes les informations complémentaires à propos du contenu de notre Offre gourmande Fleurs, plus bas. Carte mots doux Love Pour accompagner votre surprise, nous vous proposons une carte mots doux, illustrée par Bergamotte. Nous pourrons y glisser votre carte photo personnalisée et le petit mot que vous aurez rédigé (le tout à compléter lors de votre achat). Bouteille de Champagne Laurent-Perrier 75cl Origine : Tours-sur-Marne - France Contenance : 75cl Alcool : 12 % Cépage : Chardonnay 53 %, pinot noir 33 %, pinot meunier 14 % Contient des SULFITES Fabriquant : Laurent-Perrier - 32 avenue de Champagne, 51150 Tours-sur-Marne, France. L'abus d'alcool est dangereux pour la santé. A consommer avec modération. La consommation de boissons alcoolisées pendant la grossesse, même en faible quantité, peut avoir des conséquences graves pour la santé de l’enfant. La vente d'alcool aux mineurs est strictement interdite. Coffret La Maison du Chocolat (Assortiment de chocolats noirs et au lait fourrés au praliné) 16 pépites : x4 Carya : Praliné pécan aux éclats de noix de pécan caramélisées. x4 Grain Dentelle : Praliné au chocolat au lait et aux éclats de crêpes dentelle. x4 Praliné Mendiant : Praliné amandes aux éclats d'amandes caramélisées, de noisettes et pistaches torréfiées et d'oranges confites. x4 Praliné Noisette : Praliné noisettes aux éclats de noisettes du Piémont. *L’assortiment est susceptible de varier. Ingrédients : chocolat noir (fèves de cacao, sucre, beurre de cacao, émulsifiant (lécithine de tournesol), arôme naturel (vanille)), sucre, noisettes, amandes, chocolat au lait (sucre, lait entier en poudre, beurre de cacao, fèves de cacao, émulsifiant (lécithine de tournesol)), noix de pécan, arôme naturel (amande amère, vanille), beurre de cacao, beurre, pistaches, farine de blé, lait entier en poudre, poudre d'amande, sel, émulsifiant (lécithine de tournesol), lait écrémé en poudre, colorant naturel (caramel, curcumine), malt d'orge, concentrés (radis, pomme, cassis), orge en poudre. Allergènes mentionnés en gras. Chocolat noir : cacao 56% minimum, Chocolat au lait : cacao 37% minimum. Fabriquant : La Maison du Chocolat - 65 avenue de Ségur, 75007 Paris, France. Valeurs nutritionnelles moyennes pour 100g : Energie (Kcal) : 565, Energie (kJ) : 2343, Matière grasse (g) : 39, dont Acides gras saturés (g) : 13, Glucides (g) : 42, dont sucres (g) : 39, protéines (g) : 8.7, Sel (g) : 0.11. (116g) À consommer de préférence avant la date indiquée sur le coffret. Durée de consommation optimale de 8 à 54 jours. Conservation : 18 °C dans un endroit sec. Dans leur emballage d'origine, ou bien dans le bac en bas de votre réfrigérateur, après avoir protégé votre coffret dans un sac papier ou plastique. Pour que la surprise soit parfaite, votre coffret est expédié avec le plus grand soin. Nous assurons une livraison express en 24h partout en France et en 3h à Paris, dans un emballage sur mesure et soigné qui protège et sublime votre cadeau. Recevez ou faites livrer un présent impeccable, prêt à émerveiller. Le tout, présenté avec le soin et l'élégance qui caractérisent Bergamotte. Le cadeau parfait pour chouchouter vos proches. Offrez un instant de pur bonheur ! (",https://www.bergamotte.fr/livraison-fleurs/offre-gourmande-fleurs,Bergamotte,Bergamotte,https://bergamotte.imgix.net/1dnodv2cy4bii4mt3mh1dxy9raf3,in_stock,109.90 EUR,https://www.bergamotte.fr,https://www.bergamotte.fr/terms-and-conditions,true,14,new,Arts et loisirs > Fêtes et soirées > Cadeaux,https://bergamotte.imgix.net/r0vc3kyd9fsrqmuqrecmf09vy0ri,11089,,,,,0.00 EUR,true,true,false,,FR,FR
11094,Cache-pots adaptés à la tribu emménagement 1 - Idées cadeaux - Coffret cadeau - Expérience à offrir - Bergamotte,"Célébrez les plus beaux moments avec ce coffret cadeau, pensé pour toucher en plein cœur. Plus qu'une simple attention, c'est une véritable expérience à offrir. Cache-pots adaptés aux plantes de la tribu emménagement : - 3 mini cache-pots blanc, rose et violet D6 (composition : Céramique) - 1 cache-pot rose D16 (composition : Céramique) - 1 panier naturel D40 (composition : Roseaux tressés) - Ce cache-pot non étanche est accompagné d'une soucoupe Pour que la surprise soit parfaite, votre coffret est expédié avec le plus grand soin. Nous assurons une livraison express en 24h partout en France et en 3h à Paris, dans un emballage sur mesure et soigné qui protège et sublime votre cadeau. Recevez ou faites livrer un présent impeccable, prêt à émerveiller. Le tout, présenté avec le soin et l'élégance qui caractérisent Bergamotte. Le cadeau parfait pour chouchouter vos proches. Offrez un instant de pur bonheur ! (",https://www.bergamotte.fr/pots/cache-pots-adaptes-a-la-tribu-emmenagement1,Bergamotte,Bergamotte,https://bergamotte.imgix.net/d43izh8qyktv8xll5wc0fa256ph6,in_stock,39.90 EUR,https://www.bergamotte.fr,https://www.bergamotte.fr/terms-and-conditions,true,14,new,Arts et loisirs > Fêtes et soirées > Cadeaux,,11094,,,,,9.90 EUR,true,true,false,,FR,FR
11095,Offre naissance Fleurs - Idées cadeaux - Coffret cadeau - Expérience à offrir - Bergamotte,"Célébrez les plus beaux moments avec ce coffret cadeau, pensé pour toucher en plein cœur. Plus qu'une simple attention, c'est une véritable expérience à offrir. Comment faire plaisir à de jeunes parents ? À une jeune maman ? À bébé ? Chez Bergamotte, nos experts dans l’Art d’offrir vous proposent un cadeau qui pense à toute la petite famille ! Un bouquet d’amour pour une touche de frais dans leur cocon. Un champagne sans alcool pour fêter la bonne nouvelle sans risque pour bébé. Un doudou coeur pour qu’il passe de douces nuits. Une carte illustrée pour leur glisser vos félicitations. Retrouvez toutes les informations complémentaires à propos du contenu de notre Offre naissance Fleurs, plus bas. Carte mots doux Félicitations Pour accompagner votre surprise, nous vous proposons une carte mots doux, illustrée par Bergamotte. Nous pourrons y glisser votre carte photo personnalisée et le petit mot que vous aurez rédigé (le tout à compléter lors de votre achat). Rosé effervescent sans alcool French Bloom 75 cl Contenance : 75cl 0.0 % d'alcool Sans sulfites, sans conservateur, sans sucre ajouté, faible en calories, certifié vegan, halal et adapté aux femmes enceintes. Ingrédients : Eau Gensac® gazéifiée (origine France), jus de raisin blanc biologique, vin biologique désalcoolisé, jus de citron biologique, arôme naturel de raisin. À consommer de préférence avant la date indiquée sur le coffret. Conservation : Servir frais (2-4°C). Après ouverture veuillez conserver les bouteilles au réfrigérateur avec un bouchon hermétique afin de garder les bulles jusqu'à 48h. Fabriquant : French Bloom - 32 rue Washington, 75008 Paris, France. Doudou Petit Bateau Cœurs Très souple et moelleux, ce doudou avec ses longues oreilles et ses nœuds aux extrémités est facile à attraper pour les petites mains de bébé. Matière : -Extérieur du doudou : 100% Coton issu de l'agriculture biologique, garanti sans OGM. -Ouatine : 100% Polyester Produit labellisé standard 100 by OEKO-TEX ®, CQ 746/3, IFTH, garantissant le respect de la peau Entretien : Température maximale 40 °C, essorage normal, pas de blanchiment, pas de séchage en tambour, pas de repassage, pas de nettoyage à sec Pour que la surprise soit parfaite, votre coffret est expédié avec le plus grand soin. Nous assurons une livraison express en 24h partout en France et en 3h à Paris, dans un emballage sur mesure et soigné qui protège et sublime votre cadeau. Recevez ou faites livrer un présent impeccable, prêt à émerveiller. Le tout, présenté avec le soin et l'élégance qui caractérisent Bergamotte. Le cadeau parfait pour chouchouter vos proches. Offrez un instant de pur bonheur ! (",https://www.bergamotte.fr/livraison-fleurs/offre-naissance-fleurs,Bergamotte,Bergamotte,https://bergamotte.imgix.net/0dhwvapc1vadph79snjktlgpec1c,in_stock,76.90 EUR,https://www.bergamotte.fr,https://www.bergamotte.fr/terms-and-conditions,true,14,new,Arts et loisirs > Fêtes et soirées > Cadeaux,https://bergamotte.imgix.net/nu68znn0d38n6vl1z05mo3bogw3i,11095,,,,,9.90 EUR,true,true,false,,FR,FR
11096,Offre anniversaire plante - Idées cadeaux - Coffret cadeau - Expérience à offrir - Bergamotte,"Célébrez les plus beaux moments avec ce coffret cadeau, pensé pour toucher en plein cœur. Plus qu'une simple attention, c'est une véritable expérience à offrir. Souhaitez un joyeux anniversaire à vos proches avec notre offre anniversaire ! Un cadeau durable et élégant, composé d'une orchidée, d'un cache-pot en céramique, de biscuits à messages French Biscuit et d'une carte illustrée. Plus d'informations sur les produits ci-dessous. Plante Variété : Orchidée (cambria 'Nelly Isler' ou 'Red velvet') NB : Chaque plante est unique, sa couleur peut varier. De même, la variété peut varier selon les arrivages. Photos non contractuelles. Floraison : Rose foncé / rouge La plante peut être livrée à différents stades de floraison ; celle-ci dure plusieurs semaines. A la fin de la floraison, si la tige reste verte : coupez la au-dessus du deuxième œil, en partant du bas ; si la tige se dessèche, coupez la à sa base. Dans les bonnes conditions de culture, une nouvelle tige devrait repousser sous quelques mois pour refleurir. La couleur des fleurs peut varier du rose foncé au rouge. Difficulté : Débutant Facile d'entretien. Exposition : Lumineux L'orchidée apprécie un environnement lumineux sans soleil direct, éloigné des sources de chaleur et des courants d'air. Arrosages : Régulier Les racines de l'orchidée doivent demeurer légèrement vertes. Lorsqu'elles deviennent grises la plante a besoin d'être arrosée. Pour arroser l'orchidée : immerger son pot de culture dans de l'eau légèrement tiède, veillez ensuite à bien égoutter le pot. L'orchidée apprécie par ailleurs un degré d'humidité élevé, n'hésitez pas à brumiser son feuillage régulièrement. Entretien : Un apport d'engrais spécial orchidée est recommandé au printemps et en été, en ajout à l'eau d'arrosage. Pet-friendly : Cette plante n'est pas toxique pour les animaux de compagnie. Producteur : Labellisé MPS-A/SQ/GAP Ce producteur situé à De Lier, aux Pays-Bas, est engagé dans de bonnes pratiques environnementales et sociales. Carte mots doux Happy Birthday Pour accompagner votre surprise, nous vous proposons une carte mots doux, illustrée par Bergamotte. Nous pourrons y glisser votre carte photo personnalisée et le petit mot que vous aurez rédigé (le tout à compléter lors de votre achat). Biscuits d'anniversaire (Biscuits sablés au cacao) Poids : 156 grammes (12 biscuits au chocolat) Ingrédients : Farine de blé d'Ile-de-France, beurre AOP d’Isigny Saint-Mère, sucre blanc, cacao plein arôme Barry, œufs entier plein air, sel. Allergènes mentionnés en gras. Valeurs nutritionnelles pour 100g : Energie : 1741,4 kj / 416,1 kcal, matières grasses : 21,2 g (dont acides gras saturés : 14,4 g), glucides : 46,1 g (dont sucres : 22,2 g), fibres alimentaires : 1,5 g, protéines : 7,6 g, sel : 1,0 gFabriqué dans un atelier où sont utilisés des arachides et des fruits à coque. À consommer de préférence avant la date indiquée sur l'emballage. Conservation optimale : Les biscuits se conservent idéalement 6 mois dans leur emballage d'origine ou une boîte hermétique, à l'abri de la chaleur et l'humidité. Confectionné en Île de France. Fabriquant : Le French Biscuit - 14, avenue du 1er mai, 91120 PALAISEAU Cache-pot en céramique rayé rose : Diamètre : 12,5 cm Hauteur : 12,5 cm Composition : Céramique Pour que la surprise soit parfaite, votre coffret est expédié avec le plus grand soin. Nous assurons une livraison express en 24h partout en France et en 3h à Paris, dans un emballage sur mesure et soigné qui protège et sublime votre cadeau. Recevez ou faites livrer un présent impeccable, prêt à émerveiller. Le tout, présenté avec le soin et l'élégance qui caractérisent Bergamotte. Le cadeau parfait pour chouchouter vos proches. Offrez un instant de pur bonheur ! (",https://www.bergamotte.fr/livraison-plantes/offre-anniversaire-plante,Bergamotte,Bergamotte,https://bergamotte.imgix.net/mtz8gemkbsdq982fpz15q30nmkd9,in_stock,69.90 EUR,https://www.bergamotte.fr,https://www.bergamotte.fr/terms-and-conditions,true,14,new,Arts et loisirs > Fêtes et soirées > Cadeaux,,11096,,,,,9.90 EUR,true,true,false,,FR,FR
11097,Offre remerciement plante - Idées cadeaux - Coffret cadeau - Expérience à offrir - Bergamotte,"Célébrez les plus beaux moments avec ce coffret cadeau, pensé pour toucher en plein cœur. Plus qu'une simple attention, c'est une véritable expérience à offrir. Exprimez votre gratitude avec notre offre remerciement, composée d'une orchidée, de son cache-pot, d'un coffret 16 Pépites La Maison du Chocolat et d'une carte illustrée. Un cadeau durable pour dire merci avec élégance. Plus d'informations ci-dessous. Plante Variété : Orchidée (cambria 'Nelly Isler' ou 'Red velvet') NB : Chaque plante est unique, sa couleur peut varier. De même, la variété peut varier selon les arrivages. Photos non contractuelles. Floraison : Rose foncé / rouge La plante peut être livrée à différents stades de floraison ; celle-ci dure plusieurs semaines. A la fin de la floraison, si la tige reste verte : coupez la au-dessus du deuxième œil, en partant du bas ; si la tige se dessèche, coupez la à sa base. Dans les bonnes conditions de culture, une nouvelle tige devrait repousser sous quelques mois pour refleurir. La couleur des fleurs peut varier du rose foncé au rouge. Difficulté : Débutant Facile d'entretien. Exposition : Lumineux L'orchidée apprécie un environnement lumineux sans soleil direct, éloigné des sources de chaleur et des courants d'air. Arrosages : Régulier Les racines de l'orchidée doivent demeurer légèrement vertes. Lorsqu'elles deviennent grises la plante a besoin d'être arrosée. Pour arroser l'orchidée : immerger son pot de culture dans de l'eau légèrement tiède, veillez ensuite à bien égoutter le pot. L'orchidée apprécie par ailleurs un degré d'humidité élevé, n'hésitez pas à brumiser son feuillage régulièrement. Entretien : Un apport d'engrais spécial orchidée est recommandé au printemps et en été, en ajout à l'eau d'arrosage. Pet-friendly : Cette plante n'est pas toxique pour les animaux de compagnie. Producteur : Labellisé MPS-A/SQ/GAP Ce producteur situé à De Lier, aux Pays-Bas, est engagé dans de bonnes pratiques environnementales et sociales. Coffret 16 pépites La Maison du Chocolat (116g) x4 Carya : Praliné pécan aux éclats de noix de pécan caramélisées. x4 Grain Dentelle : Praliné au chocolat au lait et aux éclats de crêpes dentelle. x4 Praliné Mendiant : Praliné amandes aux éclats d'amandes caramélisées, de noisettes et pistaches torréfiées et d'oranges confites. x4 Praliné Noisette : Praliné noisettes aux éclats de noisettes du Piémont. *L’assortiment est susceptible de varier. Ingrédients : chocolat noir (fèves de cacao, sucre, beurre de cacao, émulsifiant (lécithine de tournesol), arôme naturel (vanille)), sucre, noisettes, amandes, chocolat au lait (sucre, lait entier en poudre, beurre de cacao, fèves de cacao, émulsifiant (lécithine de tournesol)), noix de pécan, arôme naturel (amande amère, vanille), beurre de cacao, beurre, pistaches, farine de blé, lait entier en poudre, poudre d'amande, sel, émulsifiant (lécithine de tournesol), lait écrémé en poudre, colorant naturel (caramel, curcumine), malt d'orge, concentrés (radis, pomme, cassis), orge en poudre. Allergènes mentionnés en gras. Chocolat noir : cacao 56% minimum, Chocolat au lait : cacao 37% minimum. Fabriquant : La Maison du Chocolat - 65 avenue de Ségur, 75007 Paris, France. Valeurs nutritionnelles moyennes pour 100g : Energie (Kcal) : 565, Energie (kJ) : 2343, Matière grasse (g) : 39, dont Acides gras saturés (g) : 13, Glucides (g) : 42, dont sucres (g) : 39, protéines (g) : 8.7, Sel (g) : 0.11. À consommer de préférence avant la date indiquée sur le coffret. Durée de consommation optimale de 8 à 54 jours. Conservation : 18 °C dans un endroit sec. Dans leur emballage d'origine, ou bien dans le bac en bas de votre réfrigérateur, après avoir protégé votre coffret dans un sac papier ou plastique. Cache-pot à rayures roses Diamètre : 12,5 cm Hauteur : 12,5 cm Composition : Céramique Carte illustrée Merci Illustration : Bergamotte Pour accompagner vos surprises végétales, nous vous proposons une carte 'Mots Doux', illustrée par Bergamotte. Nous pourrons y glisser votre carte photo personnalisée et le petit mot que vous aurez rédigé (le tout à compléter lors de votre achat). Carte 'Love', carte 'Merci', carte 'Félicitations', carte 'Happy Birthday' ou carte illustrée sans mot, selon votre message, trouvez celle qui parlera le mieux pour vous ! Pour que la surprise soit parfaite, votre coffret est expédié avec le plus grand soin. Nous assurons une livraison express en 24h partout en France et en 3h à Paris, dans un emballage sur mesure et soigné qui protège et sublime votre cadeau. Recevez ou faites livrer un présent impeccable, prêt à émerveiller. Le tout, présenté avec le soin et l'élégance qui caractérisent Bergamotte. Le cadeau parfait pour chouchouter vos proches. Offrez un instant de pur bonheur ! (",https://www.bergamotte.fr/livraison-plantes/offre-remerciement-plante,Bergamotte,Bergamotte,https://bergamotte.imgix.net/2847hkm6tfu97fr4y9ahu9fbwby6,in_stock,77.90 EUR,https://www.bergamotte.fr,https://www.bergamotte.fr/terms-and-conditions,true,14,new,Arts et loisirs > Fêtes et soirées > Cadeaux,,11097,,,,,9.90 EUR,true,true,false,,FR,FR
11098,Offre naissance plante - Idées cadeaux - Coffret cadeau - Expérience à offrir - Bergamotte,"Célébrez les plus beaux moments avec ce coffret cadeau, pensé pour toucher en plein cœur. Plus qu'une simple attention, c'est une véritable expérience à offrir. Bienvenue au monde ! Notre offre naissance plante est un cadeau durable pour célébrer un bel événement avec une touche de verdure. Cette offre est composée d'un petit olivier rempoté dans un pot en terre cuite, d'un doudou Petit Bateau (les baleines peuvent être bleues ou blanches, photos non contractuelles) et d'une carte illustrée. Plus d'informations sur les produits ci-dessous. Plante Variété : Olivier NB : Afin de conserver une forme harmonieuse, les feuilles de votre Olivier peuvent être taillées. Difficulté : Débutant Facile d'entretien. Résistance au froid : Moyenne L'hiver, si la température descend en dessous de -5°C, protégez la plante en la couvrant d'un voile d'hivernage, car elle est sensible aux fortes gelées. Exposition : Ensoleillée L'olivier apprécie les emplacements ensoleillés, à l'abri du vent. Il peut être installé en pot sur votre balcon ou votre terrasse ou être replanté en pleine terre. Arrosage : Régulier En été, arrosez-le régulièrement mais modérément. La terre doit sécher en surface entre chaque arrosage. Réduisez la fréquence en hiver et veillez à ne pas garder d'eau stagnante dans la soucoupe. Entretien : Vous pouvez réaliser un apport d’engrais au printemps, puis à la fin de l’été. Le rempotage s'effectue tous les 3 ans à la fin de l'hiver, sur les jeunes arbres. Lorsque les gelées ne sont plus à craindre, vous pouvez tailler les branches abîmées. Mise en garde : Plante pouvant entraîner une allergie respiratoire par le pollen. Plus d'informations ici. Doudou Petit Bateau Les baleines peuvent être bleues ou blanches, photos non contractuelles. Matière : -Extérieur du doudou : 100% Coton issu de l'agriculture biologique, garanti sans OGM. -Ouatine : 100% Polyester Produit labellisé standard 100 by OEKO-TEX ®, CQ 746/3, IFTH, garantissant le respect de la peau Entretien : Température maximale 40 °C, essorage normal, pas de blanchiment, pas de séchage en tambour, pas de repassage, pas de nettoyage à sec Pot terre cuite Livré avec une soucoupe en terre cuite. Toutes nos plantes d’extérieur et leur pot déco en option sont préalablement rempotées par nos soins dans notre atelier en région parisienne. Chaque pot déco proposé a été spécifiquement sélectionné pour permettre aux racines de se développer sans entrave durant une longue période. Vous n’aurez ainsi pas à vous soucier du rempotage à réception de votre commande. Plus besoin d’avoir la main verte pour bénéficier d’un nouvel espace de verdure, contentez-vous d’en profiter l’esprit libre ! Diamètre : 17 cm Composition : terre cuite Carte illustrée Pour accompagner vos surprises végétales, nous vous proposons une carte 'Mots Doux', illustrée par Bergamotte. Nous pourrons y glisser votre carte photo personnalisée et le petit mot que vous aurez rédigé (le tout à compléter lors de votre achat). Carte 'Love', carte 'Merci', carte 'Félicitations', carte 'Happy Birthday' ou carte illustrée sans mot, selon votre message, trouvez celle qui parlera le mieux pour vous ! Illustration Bergamotte Pour que la surprise soit parfaite, votre coffret est expédié avec le plus grand soin. Nous assurons une livraison express en 24h partout en France et en 3h à Paris, dans un emballage sur mesure et soigné qui protège et sublime votre cadeau. Recevez ou faites livrer un présent impeccable, prêt à émerveiller. Le tout, présenté avec le soin et l'élégance qui caractérisent Bergamotte. Le cadeau parfait pour chouchouter vos proches. Offrez un instant de pur bonheur ! (",https://www.bergamotte.fr/livraison-jardin/offre-naissance-plante,Bergamotte,Bergamotte,https://bergamotte.imgix.net/sizbuz273tbn8sz0p09e5x866z35,in_stock,79.90 EUR,https://www.bergamotte.fr,https://www.bergamotte.fr/terms-and-conditions,true,14,new,Arts et loisirs > Fêtes et soirées > Cadeaux,https://bergamotte.imgix.net/ec9pcz4pcqv1wrkigigaqmm7oot0,11098,,,,,9.90 EUR,true,true,false,,FR,FR
11101,Vase Epure - Accessoires décoration - Idées cadeaux - Fleuriste Bergamotte,Hauteur : 21 cm Diamètre : 13 cm Couleur : Transparent Composition : Verre. Hauteur : 21 cm Diamètre : 13 cm Couleur : Transparent Composition : Verre,https://www.bergamotte.fr/vases/vase-epure,Bergamotte,Bergamotte,https://bergamotte.imgix.net/rdxzwl6st770wq9lulrw8dskmwif,in_stock,11.90 EUR,https://www.bergamotte.fr,https://www.bergamotte.fr/terms-and-conditions,true,14,new,Arts et loisirs > Fêtes et soirées > Cadeaux,,11101,,,,,9.90 EUR,true,true,false,,FR,FR
11302,Cache-pot bordeaux D12 - Accessoires décoration - Idées cadeaux - Fleuriste Bergamotte,Diamètre : 12 cm Hauteur : 13 cm Composition : Céramique,https://www.bergamotte.fr/pots/cache-pot-bordeaux-d12,Bergamotte,Bergamotte,https://bergamotte.imgix.net/ieb0atlcquzs8pvj9isiowvzu15i,in_stock,9.90 EUR,https://www.bergamotte.fr,https://www.bergamotte.fr/terms-and-conditions,true,14,new,Arts et loisirs > Fêtes et soirées > Cadeaux,,11302,,,,,9.90 EUR,true,true,false,,FR,FR
11624,Bouquet de Fleurs Séchées Pompadour S - Livraison Fleurs Sechees 24h - Fleurs Sechees Bohemes Tons Violets - Decoration Durable,"Faites entrer un air d'évasion et de poésie bohème dans votre intérieur avec ces fleurs séchées. Une création artisanale tout en texture, conçue pour durer et embellir votre quotidien sans le moindre effort. Pourquoi vous allez adorer votre Bouquet Pompadour S : - Décoration Durable, Zéro Entretien : Oubliez l'arrosage ! ces fleurs séchées conservent leur beauté et leurs couleurs des mois, voire des années. Un simple dépoussiérage occasionnel suffit. - Style Bohème Tendance : Parfait pour ajouter une touche chaleureuse, naturelle et texturée à un salon, une chambre ou un bureau. Il s'intègre à merveille dans tous les décors. Livraison express et services sur-mesure : - Livraison de fleurs en 24h dans toute la France et en 3h à Paris. - Carte message offerte pour accompagner vos fleurs séchées. - Emballage soigné et conçu pour le transport. Caractéristique : Diamètre 20 cm Hauteur 35/40 cm Le Cadeau Parfait qui Dure : C'est le cadeau idéal pour une pendaison de crémaillère, un anniversaire ou simplement pour offrir une attention qui ne se fane pas. Une touche de nature intemporelle qui plaira à coup sûr. Commandez votre Bouquet Pompadour S pour une touche de nature éternelle dans votre maison. Une création artisanale Bergamotte, livrée avec soin partout en France. Livraison express fleurs sechees a domicile : en 3h a Paris et le lendemain partout en France avant 13h Bouquet de fleurs sechees artisanales style boheme : composition texturee aux tons violets pour une decoration durable Fleurs sechees zero entretien : conservent leur beaute et leurs couleurs des mois voire des annees sans arrosage Emballage premium sur mesure pour preserver vos fleurs pendant la livraison Carte message personnalisee offerte et emballage cadeau soigne pour toutes vos occasions speciales",https://www.bergamotte.fr/livraison-fleurs-sechees/bouquet-pompadour-s,Bergamotte,Bergamotte,https://bergamotte.imgix.net/bxbaovm289b8rsi2glluzdic9hyb,in_stock,34.90 EUR,https://www.bergamotte.fr,https://www.bergamotte.fr/terms-and-conditions,true,14,new,Maison et jardin > Décorations > Fleurs séchées,"https://bergamotte.imgix.net/4uwe7besv0m2oaeykogxxwzk36iq,https://bergamotte.imgix.net/7uy7cwniyfmohbfky9hual6wu26z,https://bergamotte.imgix.net/zftmupl3jgbfp1dsma6mjzzwt5qf,https://bergamotte.imgix.net/6nti1qekar9l6obwnd1qmk5qhsxg,https://bergamotte.imgix.net/romkifl33q50kbs28xkyou5hi5ew",11624,,,,,9.90 EUR,true,true,false,"{""custom_label_4"": ""new""}",FR,FR
12223,Cache-pot Pixel D14 - Accessoires décoration - Idées cadeaux - Fleuriste Bergamotte,Diamètre : 14 cm Hauteur : 14 cm Matière : Dolomite. Diamètre : 14 cm Hauteur : 14 cm Matière : Dolomite,https://www.bergamotte.fr/pots/cache-pot-pixel-d14,Bergamotte,Bergamotte,https://bergamotte.imgix.net/ck6910w5v1i5szftq88an15qjsxo,in_stock,29.90 EUR,https://www.bergamotte.fr,https://www.bergamotte.fr/terms-and-conditions,true,14,new,Arts et loisirs > Fêtes et soirées > Cadeaux,,12223,,,,,9.90 EUR,true,true,false,,FR,FR
12389,Vase Luz - Accessoires décoration - Idées cadeaux - Fleuriste Bergamotte,Hauteur : 18 cm Diamètre : 9.5 cm Couleur : transparent. Hauteur : 18 cm Diamètre : 9.5 cm Couleur : transparent,https://www.bergamotte.fr/vases/vase-luz/v/vase-luz,Bergamotte,Bergamotte,https://bergamotte.imgix.net/hflb0v94z2wn12ae8c39gjq511jl,in_stock,9.90 EUR,https://www.bergamotte.fr,https://www.bergamotte.fr/terms-and-conditions,true,14,new,Arts et loisirs > Fêtes et soirées > Cadeaux,,12389,,,,,9.90 EUR,true,true,false,,FR,FR
12390,Vase en Verre sodocalcique Twist - Rose pale - H19.5cm - Adapte Bouquets M - Livraison 24h - Idee Cadeau Deco,Hauteur : 19.5 cm Diamètre : 13.5 cm Couleur : Rose pâle Matériau : Verre sodocalcique Conseils d'entretien : Rincer à l'eau tiède pour le nettoyage Emballage : Boîte couleur signature - &amp;Klevering. Hauteur : 19.5 cm Diamètre : 13.5 cm Couleur : Rose pâle Matériau : Verre sodocalcique Conseils d'entretien : Rincer à l'eau tiède pour le nettoyage Emballage : Boîte couleur signature - &amp;Klevering Livraison a domicile en 24h partout en France ou en 3h a Paris et soigneusement emballe Adapte aux bouquets M - design torsade &Klevering - verre sodocalcique rose pale Dimensions : 19.5 cm x 13.5 cm - Matiere : Verre sodocalcique - Couleur : Rose pale Entretien facile : Rincer a l eau tiede Vase decoratif design vendu seul ou en pack avec votre bouquet bergamotte - Cadeau ideal,https://www.bergamotte.fr/vases/vase-twist,Bergamotte,Bergamotte,https://bergamotte.imgix.net/t7x31cwahwrwfvqn9idkdtp3pecr,in_stock,59.90 EUR,https://www.bergamotte.fr,https://www.bergamotte.fr/terms-and-conditions,true,14,new,Arts et loisirs > Fêtes et soirées > Cadeaux,"https://bergamotte.imgix.net/v4q66az5e3eyvw30c1md8s4aekv6,https://bergamotte.imgix.net/vqy9npfec8j5fwnzjthtf8ki5suk,https://bergamotte.imgix.net/hdqk8dn1ahanm32lyqseeqjxzbvh,https://bergamotte.imgix.net/2fyrl2uonlds7jrlq6qcp36u096n,https://bergamotte.imgix.net/6dejh3d8m0muusxfwyedsw000k7z",12390,,,,,9.90 EUR,true,true,false,,FR,FR
12391,Vase en Dolomite Pixel - Rose - H10.5cm - Adapte Bouquets S et M - Livraison 24h - Idee Cadeau Deco,"Dimensions : 10,5 x 10,5 x 21 cm Couleur : Rose Matériau : Dolomite Conseils d'entretien : Rincer à l'eau tiède pour le nettoyage Emballage : Boîte couleur signature - &amp;Klevering. Dimensions : 10,5 x 10,5 x 21 cm Couleur : Rose Matériau : Dolomite Conseils d'entretien : Rincer à l'eau tiède pour le nettoyage Emballage : Boîte couleur signature - &amp;Klevering Livraison a domicile en 24h partout en France ou en 3h a Paris et soigneusement emballe Adapte aux bouquets S et M - design geometrique en dolomite rose - &Klevering Dimensions : 10.5 x 10.5 x 21 cm - Matiere : Dolomite - Couleur : Rose Entretien facile : Rincer a l eau tiede Vase decoratif design vendu seul ou en pack avec votre bouquet bergamotte - Cadeau ideal",https://www.bergamotte.fr/vases/vase-pixel,Bergamotte,Bergamotte,https://bergamotte.imgix.net/f7fzh3dch0otz0vsd3alq8xzan6q,in_stock,39.90 EUR,https://www.bergamotte.fr,https://www.bergamotte.fr/terms-and-conditions,true,14,new,Arts et loisirs > Fêtes et soirées > Cadeaux,"https://bergamotte.imgix.net/xnqufrv9q1gyxt83o309yuoxulaj,https://bergamotte.imgix.net/4s768a92hf4mm60djph14jyqdbyq,https://bergamotte.imgix.net/82omqfs2d5befipt43uc4yllhtac,https://bergamotte.imgix.net/4lv3dk8ls4d4dwf0sp17fdfas4lm,https://bergamotte.imgix.net/xwuuqt5se5gie2g3qrw2p0qsjz6f",12391,,,,,9.90 EUR,true,true,false,,FR,FR
12490,Carte mots doux Fleurie - Accessoires décoration - Idées cadeaux - Fleuriste Bergamotte,"Pour accompagner vos surprises végétales, nous vous proposons une carte mots doux, illustrée par Bergamotte. Nous pourrons y glisser votre carte photo personnalisée et le petit mot que vous aurez rédigé (le tout à compléter lors de votre achat). Illustration Bergamotte",https://www.bergamotte.fr/livraison-accessoires/carte-mots-doux-fleurie,Bergamotte,Bergamotte,https://bergamotte.imgix.net/jkd585879t93pl51h063110occ8g,in_stock,3.90 EUR,https://www.bergamotte.fr,https://www.bergamotte.fr/terms-and-conditions,true,14,new,Arts et loisirs > Fêtes et soirées > Cadeaux,,12490,,,,,9.90 EUR,true,true,false,,FR,FR
12493,Eau Fraîche Thé des Vignes Caudalie - Accessoires décoration - Idées cadeaux - Fleuriste Bergamotte,"Capturez l’instant suspendu du soleil couchant avec cette fragrance iconique de chez Caudalie. L'Eau Fraîche Thé des Vignes enveloppe la peau de notes de musc blanc, de néroli et de gingembre, infusées d'une touche délicate de liqueur de fleur d’oranger et de jasmin. Ce voyage olfactif irrésistible ajoutera à votre surprise une signature parfumée inoubliable. Ingrédients clés : Musc blanc, Gingembre, Néroli Flacon : 50ml, verre Description : L’Eau Fraîche Thé des Vignes est une eau parfumée dont le sillage révèle de subtiles notes de musc blanc, de néroli et de gingembre. Infusée de jasmin et de fleur d'oranger, elle évoque l’instant sensuel qui précède le soir, lorsque les derniers rayons du soleil poudrent la vigne d’une douceur musquée. Formule : - 92% d'ingrédients d'origine naturelle - Sans colorants artificiels - Testé sous contrôle dermatologique - Vegan - Alcool d'origine naturelle",https://www.bergamotte.fr/livraison-accessoires/eau-fraiche-the-des-vignes-caudalie,Bergamotte,Bergamotte,https://bergamotte.imgix.net/w39oz8p8crd8uytly8dix6erbnvf,in_stock,19.90 EUR,https://www.bergamotte.fr,https://www.bergamotte.fr/terms-and-conditions,true,14,new,Arts et loisirs > Fêtes et soirées > Cadeaux,,12493,,,,,9.90 EUR,true,true,false,,FR,FR
12977,Bouquet Tokyo M - Livraison Fleurs 24h - Protea Anthurium - Tons Roses - Fleurs Fraiches de Saison,"Ce bouquet de fleurs se compose d'une harmonie de fleurs de saison rigoureusement sélectionnées pour leur fraîcheur et leur beauté : Protea, Rose branchue, Limonium, Eucalyptus cinerea, Chrysantheme, Anthurium, Santini rose. 1 orchidée, 2 anthuriums, 1 chrysanthème, de l'eucalyptus. Longue tenue en vase. Carte message offerte. Emballage sur mesure Le cadeau idéal en toute occasion : Parfait pour un anniversaire, un remerciement, ou simplement pour le plaisir d'offrir, le Bouquet Tokyo saura transmettre vos plus belles émotions. Il est disponible en plusieurs tailles pour s'adapter à tous les budgets et à toutes les envies. Qualité et fraîcheur garanties : - Fleurs de saison : cueillies en direct des meilleurs producteurs. - Circuit court : pour une fraîcheur et une longévité maximales. - Préparé à la commande : nos artisans fleuristes confectionnent votre bouquet avec soin dans notre atelier parisien. Livraison express et services sur-mesure : - Livraison de fleurs en 24h dans toute la France et en 3h à Paris. - Carte message offerte pour accompagner votre bouquet. - Emballage soigné et conçu pour le transport. Offrez plus qu'un simple bouquet, offrez une expérience florale inoubliable avec le Bouquet Tokyo de Bergamotte. Commandez en ligne pour une livraison de fleurs à domicile rapide et soignée. Livraison express fleurs a domicile : en 3h a Paris et le lendemain partout en France avant 13h Protea et Anthurium rose provenant de nos meilleurs producteurs en circuit court pour une fraicheur et une longevite maximales Composition raffinee melant 1 Protea et 2 anthuriums et 1 chrysantheme a des Roses branchues et Eucalyptus cinerea pour une tenue prolongee en vase Emballage premium sur mesure avec poche d eau offerte pour preserver vos fleurs pendant la livraison Carte message personnalisee offerte et emballage cadeau soigne pour toutes vos occasions speciales",https://www.bergamotte.fr/livraison-fleurs/bouquet-tokyo,Bergamotte,Bergamotte,https://bergamotte.imgix.net/dc0vsujg6dmtcjro66bj9pquhdqq,in_stock,59.90 EUR,https://www.bergamotte.fr,https://www.bergamotte.fr/terms-and-conditions,true,14,new,Arts et loisirs > Fêtes et soirées > Cadeaux > Fleurs coupées fraîches,"https://bergamotte.imgix.net/0gu8dyfebdg10wjli3rknp23p6pe,https://bergamotte.imgix.net/dne1fe84xslvj1y4ki0dty02s35i,https://bergamotte.imgix.net/inthhp2xtd1dm9om217d7bed2214,https://bergamotte.imgix.net/3yina7rga4tp19oel5chwv6cp6wm,https://bergamotte.imgix.net/rdp2qiovs3uj58mtsbfxrjkrrkn9",12977,,3858,true,"{""Taille du bouquet"": ""M""}",9.90 EUR,true,true,false,"{""custom_label_4"": ""new""}",FR,FR
12978,Bouquet Tokyo XL - Livraison fleurs - Fleuriste en ligne Bergamotte,"Ce bouquet de fleurs se compose d'une harmonie de fleurs de saison rigoureusement sélectionnées pour leur fraîcheur et leur beauté : Protea, Rose branchue, Limonium, Eucalyptus cinerea, Chrysantheme, Anthurium, Santini rose. 2 orchidées, 3 anthuriums, 3 chrysanthèmes, de l'eucalyptus. Longue tenue en vase. Carte message offerte. Emballage sur mesure Le cadeau idéal en toute occasion : Parfait pour un anniversaire, un remerciement, ou simplement pour le plaisir d'offrir, le Bouquet Tokyo saura transmettre vos plus belles émotions. Il est disponible en plusieurs tailles pour s'adapter à tous les budgets et à toutes les envies. Qualité et fraîcheur garanties : - Fleurs de saison : cueillies en direct des meilleurs producteurs. - Circuit court : pour une fraîcheur et une longévité maximales. - Préparé à la commande : nos artisans fleuristes confectionnent votre bouquet avec soin dans notre atelier parisien. Livraison express et services sur-mesure : - Livraison de fleurs en 24h dans toute la France et en 3h à Paris. - Carte message offerte pour accompagner votre bouquet. - Emballage soigné et conçu pour le transport. Offrez plus qu'un simple bouquet, offrez une expérience florale inoubliable avec le Bouquet Tokyo de Bergamotte. Commandez en ligne pour une livraison de fleurs à domicile rapide et soignée.",https://www.bergamotte.fr/livraison-fleurs/bouquet-tokyo/v/bouquet-tokyo-xl,Bergamotte,Bergamotte,https://bergamotte.imgix.net/pm19640sccegjk6mt3h3kah94vm6,in_stock,139.90 EUR,https://www.bergamotte.fr,https://www.bergamotte.fr/terms-and-conditions,true,14,new,Arts et loisirs > Fêtes et soirées > Cadeaux > Fleurs coupées fraîches,https://bergamotte.imgix.net/rdp2qiovs3uj58mtsbfxrjkrrkn9,12978,,3858,true,"{""Taille du bouquet"": ""XL""}",0.00 EUR,true,true,false,"{""custom_label_4"": ""costly""}",FR,FR
12989,Cache-pot à rayures roses D16 - Accessoires décoration - Idées cadeaux - Fleuriste Bergamotte,"Diamètre : 15,5 cm Hauteur : 14,5 cm Composition : Céramique NB : Chaque cache-pot est unique : les rayures étant peintes à la main, de légères variations peuvent apparaître d’un modèle à l’autre. Photos non contractuelles. Diamètre : 15,5 cm Hauteur : 14,5 cm Composition : Céramique NB : Chaque cache-pot est unique : les rayures étant peintes à la main, de légères variations peuvent apparaître d’un modèle à l’autre. Photos non contractuelles.",https://www.bergamotte.fr/livraison-fleurs/cache-pot-a-rayures-roses-d16,Bergamotte,Bergamotte,https://bergamotte.imgix.net/xwdprimd2v4wlaem571arf44hvm2,in_stock,16.90 EUR,https://www.bergamotte.fr,https://www.bergamotte.fr/terms-and-conditions,true,14,new,Arts et loisirs > Fêtes et soirées > Cadeaux,,12989,,,,,9.90 EUR,true,true,false,,FR,FR
13146,Vase decoratif en Ceramique Dune - Beige - H15cm - Adapte Bouquets L - Livraison 24h - Fabrique a la main - Idee Cadeau Deco,"Fabriqué à la main au Portugal, ce grand vase présente un design minimaliste qui met en valeur n'importe quelle pièce. Sa forme ronde et sa finition élégante en céramique en font un support parfait pour vos fleurs.Taille: 15 x 24 cm Livraison a domicile en 24h partout en France ou en 3h a Paris et soigneusement emballe Adapte aux bouquets L - fabrique a la main au Portugal - design minimaliste - forme ronde Dimensions : 15 x 24 cm - Matiere : Ceramique - Couleur : Naturel Entretien facile : Nettoyage delicat - ceramique artisanale Vase decoratif design vendu seul ou en pack avec votre bouquet bergamotte - Cadeau ideal",https://www.bergamotte.fr/vases/vase-dune,Bergamotte,Bergamotte,https://bergamotte.imgix.net/h03svp069uvb3oj0a4ag77mg8zsm,in_stock,64.90 EUR,https://www.bergamotte.fr,https://www.bergamotte.fr/terms-and-conditions,true,14,new,Arts et loisirs > Fêtes et soirées > Cadeaux,"https://bergamotte.imgix.net/jz24667el3xiynt7vuuual8cqk9t,https://bergamotte.imgix.net/4lv3dk8ls4d4dwf0sp17fdfas4lm,https://bergamotte.imgix.net/bjduzc4vv1jx10pmoqibe465j636",13146,,,,,9.90 EUR,true,true,false,,FR,FR
13909,Cache-pot amande D25 - Accessoires décoration - Idées cadeaux - Fleuriste Bergamotte,Cache-pot étanche Diamètre ouverture : 25 cm Hauteur : 23 cm Composition : 100% plastique recyclée. Cache-pot étanche Diamètre ouverture : 25 cm Hauteur : 23 cm Composition : 100% plastique recyclée,https://www.bergamotte.fr/pots/cache-pot-amande-d25,Bergamotte,Bergamotte,https://bergamotte.imgix.net/d8o2uqoonavnm596c4dsf1aofhuv,in_stock,39.90 EUR,https://www.bergamotte.fr,https://www.bergamotte.fr/terms-and-conditions,true,14,new,Arts et loisirs > Fêtes et soirées > Cadeaux,,13909,,,,,9.90 EUR,true,true,false,,FR,FR
14033,Cache-pots adaptés à la tribu pet friendly 2 - Idées cadeaux - Coffret cadeau - Expérience à offrir - Bergamotte,"Célébrez les plus beaux moments avec ce coffret cadeau, pensé pour toucher en plein cœur. Plus qu'une simple attention, c'est une véritable expérience à offrir. 3 cache-pots adaptés aux plantes de la tribu pet-friendly : - 1 cache-pot à rayures roses D12 (composition : céramique) - 1 cache-pot rose D23 (composition : céramique) - 1 cache-pot amande D25 (composition : plastique recyclée) Pour que la surprise soit parfaite, votre coffret est expédié avec le plus grand soin. Nous assurons une livraison express en 24h partout en France et en 3h à Paris, dans un emballage sur mesure et soigné qui protège et sublime votre cadeau. Recevez ou faites livrer un présent impeccable, prêt à émerveiller. Le tout, présenté avec le soin et l'élégance qui caractérisent Bergamotte. Le cadeau parfait pour chouchouter vos proches. Offrez un instant de pur bonheur ! (",https://www.bergamotte.fr/pots/cache-pots-adaptes-a-la-tribu-pet-friendly-2,Bergamotte,Bergamotte,https://bergamotte.imgix.net/1dudojanv03yboxpoizca2gsh3ij,in_stock,59.90 EUR,https://www.bergamotte.fr,https://www.bergamotte.fr/terms-and-conditions,true,14,new,Arts et loisirs > Fêtes et soirées > Cadeaux,,14033,,,,,9.90 EUR,true,true,false,,FR,FR
14034,Coffret Chocolate - Biscuits et Pate a Tartiner - Idee Cadeau Original - Livraison Rapide a Domicile 24h,"Célébrez les plus beaux moments avec ce coffret cadeau, pensé pour toucher en plein cœur. Plus qu'une simple attention, c'est une véritable expérience à offrir. Le chocolat… Tout le monde est d’accord, c’est une source de bonheur à laquelle on dit rarement non. C’est pourquoi nos experts ont créé le Coffret Chocolaté, un cadeau qui renferme du chocolat sous toutes ses formes.Du chocolat craquant avec le French Biscuit, du chocolat noir ou au lait dont le cœur est fourré d’un praliné amande ou cacahuète, du chocolat fondant et croquant à la fois, saupoudré d’une touche de caramel au beurre salé, et enfin, du chocolat au goût de noisette à tartiner partout jusqu’à ce que le pot brille.PS : Essayez d’être là quand vous ferez livrer ce coffret, peut-être que votre destinataire le partagera avec vous ? Retrouvez plus d'informations sur les produits plus bas sur cette page. Pâte à tartiner noisette et cacao 250g Ingrédients : noisette (45%), sucre de canne, amande, cacao. Allergènes mentionnés en gras. Traces éventuelles : oeuf, arachide, gluten, sésame et lait. Sans conservateurs, sans lécithine et sans lactose. Valeurs nutritionnelles pour 100g, énergie : 544 kcal / 2269 kj, matières grasses : 34g dont acides gras saturés : 2,5g, glucides : 47g dont sucres : 44g, protéines : 10g, sel : 0,07g. Confectionnée à Paris de manière artisanale. À consommer de préférence avant la date indiquée sur le pot. Conservation : Après ouverture conserver à température ambiante et consommer rapidement. Conseils de dégustation : Avec des biscuits directement trempés dans le pot, sur une tranche de brioche tout juste grillée, sur une glace, ou à l’intérieur d’un muffin pour un maximum de plaisir... Fabriquant : Confiture Parisienne - 17 avenue Daumesnil, 75012 Paris, France. Biscuits sablés au cacao 156 g Poids : 156 grammes (12 biscuits au chocolat) Ingrédients : Farine de blé d'Ile-de-France, beurre AOP d’Isigny Saint-Mère, sucre blanc, cacao plein arôme Barry, œufs entier plein air, sel. Allergènes mentionnés en gras. Valeurs nutritionnelles pour 100g : Energie : 1741,4 kj / 416,1 kcal, matières grasses : 21,2 g (dont acides gras saturés : 14,4 g), glucides : 46,1 g (dont sucres : 22,2 g), fibres alimentaires : 1,5 g, protéines : 7,6 g, sel : 1,0 g (156 grammes) Fabriqué dans un atelier où sont utilisés des arachides et des fruits à coque. À consommer de préférence avant la date indiquée sur l'emballage. Conservation optimale : Les biscuits se conservent idéalement 6 mois dans leur emballage d'origine ou une boîte hermétique, à l'abri de la chaleur et l'humidité. Confectionné en Île de France. Fabriquant : Le French Biscuit - 14, avenue du 1er mai, 91120 PALAISEAU Barlette chocolat au lait praliné cacahuète 35g Ingrédients : chocolat lait 35,2% de cacao* minimum (sucre, pâte de cacao, beurre de cacao, poudre de lait entier et écrémé, émulsifiant : lécithine de soja, arôme naturel de vanille) 50%, chocolat noir 57,9% de cacao* minimum (pâte de cacao, sucre, beurre de cacao, émulsifiant : lécithine de soja, arôme naturel de vanille), praliné cacahuète (cacahuètes blanchies, sucre, eau, glucose, fleur de sel de Guérande, pâte de vanille (gousses de vanille de Madagascar, trimoline)). Allergènes : soja, arachides et lait et traces éventuelles d'autres fruits à coque. Valeurs nutritionnelles pour 100g : énergie : 2291 kJ – 547 kcal, matières grasses : 39,3 g, dont acides gras saturés : 19,6 g, glucides : 40,2 g, dont sucres : 37,8 g, protéines : 7,3 g, sel : 0,1 g. A conserver à une température comprise entre 12°C et 20°C. Fabrication artisanale : L'Eclair de génie - 32 rue Notre Dame des Victoires 75002 Paris Barlette chocolat noir praliné amande 35g Ingrédients : chocolat noir 57,9% de cacao* minimum (pâte de cacao, sucre, beurre de cacao, émulsifiant : lécithine de soja, arôme naturel de vanille), praliné amand (amandes, sucre, eau, glucose, fleur de sel de Guérande, pâte de vanille (gousses de lécithine de soja, arôme naturel de vanille), beurre de cacao. Allergènes : soja, amande et lait et traces éventuelles d'autres fruits à coque, arachides. Valeurs nutritionnelles pour 100g : énergie : 2319 kJ – 555 kcal, matières grasses : 39,3 g, dont acides gras saturés : 19,6 g, glucides : 40,2 g, dont sucres : 37,8 g, protéines : 7,3 g, sel : 0,1 g. A conserver à une température comprise entre 12°C et 20°C. Fabrication artisanale : L'Eclair de génie - 32 rue Notre Dame des Victoires 75002 Paris Billes gaufrettes chocolat au lait caramel au beurre salé 60g Ingrédients : chocolat lait au caramel 31,1% de cacao* minimum (sucre, beurre de cacao, poudre de lait entier, pâte de cacao, poudre de lait écrémé, sucre caramélisé, émulsifiant : lécithine de soja, arôme, extrait de paprika, arôme naturel de vanille), chocolat lait 35,2% de cacao* minimum (sucre, beurre de cacao, poudre de lait entier, pâte de cacao, émulsifiant : lécithine de soja), céréales biscuitées (farine de blé, gluten de blé, sucre, farine de malt de…",https://www.bergamotte.fr/livraison-fleurs/coffret-chocolate,Bergamotte,Bergamotte,https://bergamotte.imgix.net/6hvlso067ip8m5qdo1ed6ptkm4mt,in_stock,44.90 EUR,https://www.bergamotte.fr,https://www.bergamotte.fr/terms-and-conditions,true,14,new,Arts et loisirs > Fêtes et soirées > Cadeaux,"https://bergamotte.imgix.net/7joynrdozlqz08h9be9b56cn1rii,https://bergamotte.imgix.net/m6fw25rlnroio6z141v03k91ve75,https://bergamotte.imgix.net/ffm8bn4xkc4odnlm0u2pcza9htcs,https://bergamotte.imgix.net/rjpl4mmecezuoly8qamanp5fe2ms,https://bergamotte.imgix.net/2ipgltk9rggqdnrm0y3ka8ubwryd",14034,,,,,9.90 EUR,true,true,false,,FR,FR
14042,Cache-pot rayé kaki D12 - Accessoires décoration - Idées cadeaux - Fleuriste Bergamotte,"Diamètre : 12,5 cm Hauteur : 12,5 cm Composition : Céramique NB : Chaque cache-pot est unique : les rayures étant peintes à la main, de légères variations peuvent apparaître d’un modèle à l’autre. Photos non contractuelles. Diamètre : 12,5 cm Hauteur : 12,5 cm Composition : Céramique NB : Chaque cache-pot est unique : les rayures étant peintes à la main, de légères variations peuvent apparaître d’un modèle à l’autre. Photos non contractuelles.",https://www.bergamotte.fr/pots/cache-pot-raye-kaki-d12,Bergamotte,Bergamotte,https://bergamotte.imgix.net/waeaj7n1jkbna6rzm0mug9y7jnnu,in_stock,12.90 EUR,https://www.bergamotte.fr,https://www.bergamotte.fr/terms-and-conditions,true,14,new,Arts et loisirs > Fêtes et soirées > Cadeaux,,14042,,,,,9.90 EUR,true,true,false,,FR,FR
14429,Bouquet de Fleurs Artificielles Amalfi XL - Livraison Bouquet Artificiel à Domicile 24h France et 3h Paris - Décoration Florale,"Faites entrer un air d'évasion et de poésie bohème dans votre intérieur avec ces fleurs séchées. Une création artisanale tout en texture, conçue pour durer et embellir votre quotidien sans le moindre effort. Pourquoi vous allez adorer votre Bouquet Amalfi XL : - Décoration Durable, Zéro Entretien : Oubliez l'arrosage ! ces fleurs séchées conservent leur beauté et leurs couleurs des mois, voire des années. Un simple dépoussiérage occasionnel suffit. - Style Bohème Tendance : Parfait pour ajouter une touche chaleureuse, naturelle et texturée à un salon, une chambre ou un bureau. Il s'intègre à merveille dans tous les décors. Livraison express et services sur-mesure : - Livraison de fleurs en 24h dans toute la France et en 3h à Paris. - Carte message offerte pour accompagner vos fleurs séchées. - Emballage soigné et conçu pour le transport. Caractéristique : Hauteur 70 cm (fleur la plus haute) Le Cadeau Parfait qui Dure : C'est le cadeau idéal pour une pendaison de crémaillère, un anniversaire ou simplement pour offrir une attention qui ne se fane pas. Une touche de nature intemporelle qui plaira à coup sûr. Commandez votre Bouquet Amalfi XL pour une touche de nature éternelle dans votre maison. Une création artisanale Bergamotte, livrée avec soin partout en France. Livraison a domicile : en 3h a Paris et le lendemain partout en France et en Belgique avant 13h Bouquet de fleurs artificielles et feuillage stabilise XL - composition intemporelle boheme Dure plusieurs annees sans entretien : pas d arrosage - idee cadeau vegetal original qui dure Carte message personnalisee offerte et emballage cadeau soigne pour toutes vos occasions speciales",https://www.bergamotte.fr/livraison-fleurs/bouquet-amalfi-xl,Bergamotte,Bergamotte,https://bergamotte.imgix.net/snib3lh8e9tpw9kanrkuoo1sy4db,in_stock,109.90 EUR,https://www.bergamotte.fr,https://www.bergamotte.fr/terms-and-conditions,true,14,new,Maison et jardin > Décorations > Fleurs séchées,"https://bergamotte.imgix.net/k11c039qpo7ntmvck4v5ju8oc4wf,https://bergamotte.imgix.net/br865gycwg4m4gnop72aty4pzt2a,https://bergamotte.imgix.net/sod6nvrik9elkx7soncxuxrmojrg,https://bergamotte.imgix.net/ibgnhfstcabhsrzdudrv7rb8qtr3,https://bergamotte.imgix.net/aosxw9tq2ug2fewagjkpjw27f4f6",14429,,,,,0.00 EUR,true,true,false,,FR,FR
14430,Bouquet de Fleurs Artificielles Castille M - Livraison Bouquet Artificiel à Domicile - 24h France et 3h Paris - Bouquet Décoratif,"Faites entrer un air d'évasion et de poésie bohème dans votre intérieur avec ces fleurs séchées. Une création artisanale tout en texture, conçue pour durer et embellir votre quotidien sans le moindre effort. Pourquoi vous allez adorer votre Bouquet Castille M : - Décoration Durable, Zéro Entretien : Oubliez l'arrosage ! ces fleurs séchées conservent leur beauté et leurs couleurs des mois, voire des années. Un simple dépoussiérage occasionnel suffit. - Style Bohème Tendance : Parfait pour ajouter une touche chaleureuse, naturelle et texturée à un salon, une chambre ou un bureau. Il s'intègre à merveille dans tous les décors. Livraison express et services sur-mesure : - Livraison de fleurs en 24h dans toute la France et en 3h à Paris. - Carte message offerte pour accompagner vos fleurs séchées. - Emballage soigné et conçu pour le transport. Caractéristique : 6 tiges - hauteur 60 cm (tige la plus haute) Le Cadeau Parfait qui Dure : C'est le cadeau idéal pour une pendaison de crémaillère, un anniversaire ou simplement pour offrir une attention qui ne se fane pas. Une touche de nature intemporelle qui plaira à coup sûr. Commandez votre Bouquet Castille M pour une touche de nature éternelle dans votre maison. Une création artisanale Bergamotte, livrée avec soin partout en France. Livraison a domicile : en 3h a Paris et le lendemain partout en France et en Belgique avant 13h Bouquet de fleurs artificielles Castille M - 6 tiges - hauteur 60 cm - composition boheme elegante Dure plusieurs annees sans entretien : pas d arrosage - idee cadeau vegetal original qui dure Carte message personnalisee offerte et emballage cadeau soigne pour toutes vos occasions speciales",https://www.bergamotte.fr/livraison-fleurs/bouquet-castille-m,Bergamotte,Bergamotte,https://bergamotte.imgix.net/1mwb8d4o9wj13y3zq0lrjikowpfr,in_stock,49.90 EUR,https://www.bergamotte.fr,https://www.bergamotte.fr/terms-and-conditions,true,14,new,Maison et jardin > Décorations > Fleurs séchées,"https://bergamotte.imgix.net/xmp7zbjp6kwgs4idqbsm723ggamn,https://bergamotte.imgix.net/w31y8jov2jt4pmjdapw5nnt3weus,https://bergamotte.imgix.net/v92f8yykd99cdoo9bb4x4tg74trj,https://bergamotte.imgix.net/8d4vo704eoi5ipe5golbdnvhk139,https://bergamotte.imgix.net/9fog6pv0uevligrrvz6vdpdvmoio",14430,,,,,9.90 EUR,true,true,false,,FR,FR
14431,Bouquet de Fleurs Etretat M - Livraison Fleurs a Domicile 3h Paris & 24h France - Fleurs Fraiches de Saison,"Ce bouquet de fleurs se compose d'une harmonie de fleurs de saison rigoureusement sélectionnées pour leur fraîcheur et leur beauté : Limonium, Lentisque, Chrysantheme Blanc, Chrysantheme, Germinis, Rose, Rose. Diamètre 35 cm Hauteur 40 cm. Carte message offerte. Emballage sur mesure Le cadeau idéal en toute occasion : Parfait pour un anniversaire, un remerciement, ou simplement pour le plaisir d'offrir, le Bouquet Etretat saura transmettre vos plus belles émotions. Il est disponible en plusieurs tailles pour s'adapter à tous les budgets et à toutes les envies. Qualité et fraîcheur garanties : - Fleurs de saison : cueillies en direct des meilleurs producteurs. - Circuit court : pour une fraîcheur et une longévité maximales. - Préparé à la commande : nos artisans fleuristes confectionnent votre bouquet avec soin dans notre atelier parisien. Livraison express et services sur-mesure : - Livraison de fleurs en 24h dans toute la France et en 3h à Paris. - Carte message offerte pour accompagner votre bouquet. - Emballage soigné et conçu pour le transport. Offrez plus qu'un simple bouquet, offrez une expérience florale inoubliable avec le Bouquet Etretat de Bergamotte. Commandez en ligne pour une livraison de fleurs à domicile rapide et soignée. Livraison express fleurs a domicile : en 3h a Paris et le lendemain partout en France avant 13h Fleurs fraiches de saison selectionnees selon les arrivages du marche par nos fleuristes Bouquet Etretat : roses blanches et lisianthus; composition elegante et raffinee Emballage premium sur mesure avec poche d eau offerte pour preserver vos fleurs pendant la livraison Carte message personnalisee offerte et emballage cadeau soigne pour toutes vos occasions speciales",https://www.bergamotte.fr/livraison-fleurs/bouquet-etretat/v/bouquet-etretat-m,Bergamotte,Bergamotte,https://bergamotte.imgix.net/mhzqx4lcmjo2iryqurnyxgf4hbfs,in_stock,44.90 EUR,https://www.bergamotte.fr,https://www.bergamotte.fr/terms-and-conditions,true,14,new,Arts et loisirs > Fêtes et soirées > Cadeaux > Fleurs coupées fraîches,"https://bergamotte.imgix.net/mj1yahjo59jv7o30ul0xwzez2j6b,https://bergamotte.imgix.net/ifhxzkufwslgz5ytvygnynlka5lm,https://bergamotte.imgix.net/dxthe7kz1unmweluq2yaoii4p7io,https://bergamotte.imgix.net/xd8rswrf5h5wcy79u7epf53j2xr7,https://bergamotte.imgix.net/s6wypqvb9c8bkmvs68lzegvdshe3",14431,,3401,true,"{""Taille du bouquet"": ""M""}",9.90 EUR,true,true,false,"{""custom_label_4"": ""costly""}",FR,FR
14432,Bouquet de lys Valbonne M - Livraison Fleurs a Domicile 3h Paris & 24h France - Fleurs Fraiches de Saison,"Ce bouquet de fleurs se compose d'une harmonie de fleurs de saison rigoureusement sélectionnées pour leur fraîcheur et leur beauté : Eucalyptus cinerea, Lys. 8 tiges de lys odorants, eucalyptus, hauteur de 60 cm. Nous vous conseillons d'enlever les étamines des lys (non visibles sur les photos) pour éviter les tâches. L’ouverture des lys peut prendre 2 à 5 jours après réception. Carte message offerte. Emballage sur mesure. Fleurs odorantes Le cadeau idéal en toute occasion : Parfait pour un anniversaire, un remerciement, ou simplement pour le plaisir d'offrir, le Bouquet de lys Valbonne saura transmettre vos plus belles émotions. Il est disponible en plusieurs tailles pour s'adapter à tous les budgets et à toutes les envies. Qualité et fraîcheur garanties : - Fleurs de saison : cueillies en direct des meilleurs producteurs. - Circuit court : pour une fraîcheur et une longévité maximales. - Préparé à la commande : nos artisans fleuristes confectionnent votre bouquet avec soin dans notre atelier parisien. Livraison express et services sur-mesure : - Livraison de fleurs en 24h dans toute la France et en 3h à Paris. - Carte message offerte pour accompagner votre bouquet. - Emballage soigné et conçu pour le transport. Offrez plus qu'un simple bouquet, offrez une expérience florale inoubliable avec le Bouquet de lys Valbonne de Bergamotte. Commandez en ligne pour une livraison de fleurs à domicile rapide et soignée. Livraison express fleurs a domicile : en 3h a Paris et le lendemain partout en France avant 13h Fleurs fraiches de saison selectionnees selon les arrivages du marche par nos fleuristes Bouquet de lys Valbonne : lys roses parfumes; composition elegante et lumineuse Emballage premium sur mesure avec poche d eau offerte pour preserver vos fleurs pendant la livraison Carte message personnalisee offerte et emballage cadeau soigne pour toutes vos occasions speciales",https://www.bergamotte.fr/livraison-fleurs/bouquet-de-lys-valbonne/v/bouquet-de-lys-valbonne-m,Bergamotte,Bergamotte,https://bergamotte.imgix.net/30jxqoxx7wv75seqz3kgvjdd9pl9,in_stock,57.90 EUR,https://www.bergamotte.fr,https://www.bergamotte.fr/terms-and-conditions,true,14,new,Arts et loisirs > Fêtes et soirées > Cadeaux > Fleurs coupées fraîches,"https://bergamotte.imgix.net/mub6pp7hadpfqcx18nznrpwv6bra,https://bergamotte.imgix.net/doh5ejt6s4mgzstjsop13kc75grc,https://bergamotte.imgix.net/hxpzb4ebvho48qtbpq5lbn2160yf,https://bergamotte.imgix.net/mjq4ktcplpouj8d3snt3wcuqht8s,https://bergamotte.imgix.net/5ogpccn22ueuwbjm597f9h7ob40j",14432,,3204,true,"{""Taille du bouquet"": ""M""}",9.90 EUR,true,true,false,"{""custom_label_4"": ""new""}",FR,FR
14434,Bouquet Tokyo S - Livraison Fleurs 24h - Protea Anthurium - Tons Roses - Fleurs Fraiches de Saison,"Ce bouquet de fleurs se compose d'une harmonie de fleurs de saison rigoureusement sélectionnées pour leur fraîcheur et leur beauté : Protea, Rose branchue, Limonium, Eucalyptus cinerea, Chrysantheme, Anthurium, Santini rose. 1 orchidée, de l'eucalyptus. Longue tenue en vase. Carte message offerte. Emballage sur mesure Le cadeau idéal en toute occasion : Parfait pour un anniversaire, un remerciement, ou simplement pour le plaisir d'offrir, le Bouquet Tokyo saura transmettre vos plus belles émotions. Il est disponible en plusieurs tailles pour s'adapter à tous les budgets et à toutes les envies. Qualité et fraîcheur garanties : - Fleurs de saison : cueillies en direct des meilleurs producteurs. - Circuit court : pour une fraîcheur et une longévité maximales. - Préparé à la commande : nos artisans fleuristes confectionnent votre bouquet avec soin dans notre atelier parisien. Livraison express et services sur-mesure : - Livraison de fleurs en 24h dans toute la France et en 3h à Paris. - Carte message offerte pour accompagner votre bouquet. - Emballage soigné et conçu pour le transport. Offrez plus qu'un simple bouquet, offrez une expérience florale inoubliable avec le Bouquet Tokyo de Bergamotte. Commandez en ligne pour une livraison de fleurs à domicile rapide et soignée. Livraison express fleurs a domicile : en 3h a Paris et le lendemain partout en France avant 13h Protea et Anthurium rose provenant de nos meilleurs producteurs en circuit court pour une fraicheur et une longevite maximales Composition raffinee melant 1 Anthurium et de l'Eucalyptus cinerea a des Roses branchues et Santini rose pour une tenue prolongee en vase Emballage premium sur mesure avec poche d eau offerte pour preserver vos fleurs pendant la livraison Carte message personnalisee offerte et emballage cadeau soigne pour toutes vos occasions speciales",https://www.bergamotte.fr/livraison-fleurs/bouquet-tokyo/v/bouquet-tokyo-s,Bergamotte,Bergamotte,https://bergamotte.imgix.net/ksa6psgezkfd2a5ubldwnj05jn86,in_stock,39.90 EUR,https://www.bergamotte.fr,https://www.bergamotte.fr/terms-and-conditions,true,14,new,Arts et loisirs > Fêtes et soirées > Cadeaux > Fleurs coupées fraîches,"https://bergamotte.imgix.net/myfn7cm2cuk2nyjq63h5x9jc7tv8,https://bergamotte.imgix.net/dne1fe84xslvj1y4ki0dty02s35i,https://bergamotte.imgix.net/inthhp2xtd1dm9om217d7bed2214,https://bergamotte.imgix.net/3yina7rga4tp19oel5chwv6cp6wm,https://bergamotte.imgix.net/rdp2qiovs3uj58mtsbfxrjkrrkn9",14434,,3858,true,"{""Taille du bouquet"": ""S""}",9.90 EUR,true,true,false,"{""custom_label_4"": ""costly""}",FR,FR
14435,Bouquet de 17 roses Coloma L - Livraison Fleurs a Domicile 3h Paris & 24h France - Fleurs Fraiches de Saison,"Ce bouquet de fleurs se compose d'une harmonie de fleurs de saison rigoureusement sélectionnées pour leur fraîcheur et leur beauté : Rose, Eucalyptus. 17 roses + eucalyptus / Hauteur 50 cm. La valeur sûre. Carte message offerte. Emballage sur mesure Le cadeau idéal en toute occasion : Parfait pour un anniversaire, un remerciement, ou simplement pour le plaisir d'offrir, le Bouquet de roses Coloma saura transmettre vos plus belles émotions. Il est disponible en plusieurs tailles pour s'adapter à tous les budgets et à toutes les envies. Qualité et fraîcheur garanties : - Fleurs de saison : cueillies en direct des meilleurs producteurs. - Circuit court : pour une fraîcheur et une longévité maximales. - Préparé à la commande : nos artisans fleuristes confectionnent votre bouquet avec soin dans notre atelier parisien. Livraison express et services sur-mesure : - Livraison de fleurs en 24h dans toute la France et en 3h à Paris. - Carte message offerte pour accompagner votre bouquet. - Emballage soigné et conçu pour le transport. Offrez plus qu'un simple bouquet, offrez une expérience florale inoubliable avec le Bouquet de roses Coloma de Bergamotte. Commandez en ligne pour une livraison de fleurs à domicile rapide et soignée. Livraison express fleurs a domicile : en 3h a Paris et le lendemain partout en France avant 13h Fleurs fraiches de saison selectionnees selon les arrivages du marche par nos fleuristes Bouquet de 17 roses Coloma : roses en camaieu rose; composition romantique et genereux Emballage premium sur mesure avec poche d eau offerte pour preserver vos fleurs pendant la livraison Carte message personnalisee offerte et emballage cadeau soigne pour toutes vos occasions speciales",https://www.bergamotte.fr/livraison-fleurs/bouquet-de-roses-coloma/v/bouquet-roses-coloma-l,Bergamotte,Bergamotte,https://bergamotte.imgix.net/zg0m19k4ypdbr0l9rrc4pg6f36k9,in_stock,67.90 EUR,https://www.bergamotte.fr,https://www.bergamotte.fr/terms-and-conditions,true,14,new,Arts et loisirs > Fêtes et soirées > Cadeaux > Fleurs coupées fraîches,"https://bergamotte.imgix.net/f3ojiezv7f2323ob98qsz3c6skyr,https://bergamotte.imgix.net/af44soaudy9kc3amqmjd11npgrfo,https://bergamotte.imgix.net/8tpoevrii31vacv2h2rezcxc0ysv,https://bergamotte.imgix.net/d51y9vq69xlwo90sd0dlj20h2cvk,https://bergamotte.imgix.net/mscf7fh4pl49st3b21qvgjwu8ymf",14435,,3193,true,"{""Taille du bouquet"": ""L""}",9.90 EUR,true,true,false,"{""custom_label_4"": ""new""}",FR,FR
14437,Bouquet de Fleurs Blanc Santorin S - Livraison Fleurs a Domicile 3h Paris & 24h France - Fleurs Fraiches de Saison,"Ce bouquet de fleurs se compose d'une harmonie de fleurs de saison rigoureusement sélectionnées pour leur fraîcheur et leur beauté : Lisianthus, Gypsophile, Eucalyptus cinerea, Lys, Santini, Chrysantheme. Diamètre 23 cm (lys fermés) Hauteur 45 cm. Carte message offerte. Emballage sur mesure. Avec des fleurs françaises Le cadeau idéal en toute occasion : Parfait pour un anniversaire, un remerciement, ou simplement pour le plaisir d'offrir, le Bouquet Santorin saura transmettre vos plus belles émotions. Il est disponible en plusieurs tailles pour s'adapter à tous les budgets et à toutes les envies. Qualité et fraîcheur garanties : - Fleurs de saison : cueillies en direct des meilleurs producteurs. - Circuit court : pour une fraîcheur et une longévité maximales. - Préparé à la commande : nos artisans fleuristes confectionnent votre bouquet avec soin dans notre atelier parisien. Livraison express et services sur-mesure : - Livraison de fleurs en 24h dans toute la France et en 3h à Paris. - Carte message offerte pour accompagner votre bouquet. - Emballage soigné et conçu pour le transport. Offrez plus qu'un simple bouquet, offrez une expérience florale inoubliable avec le Bouquet Santorin de Bergamotte. Commandez en ligne pour une livraison de fleurs à domicile rapide et soignée. Livraison express fleurs a domicile : en 3h a Paris et le lendemain partout en France avant 13h Fleurs fraiches de saison selectionnees selon les arrivages du marche par nos fleuristes Bouquet Santorin : fleurs blanches evoquant les iles grecques baignees de lumiere Emballage premium sur mesure avec poche d eau offerte pour preserver vos fleurs pendant la livraison Carte message personnalisee offerte et emballage cadeau soigne pour toutes vos occasions speciales",https://www.bergamotte.fr/livraison-fleurs/santorin/v/bouquet-santorin-s,Bergamotte,Bergamotte,https://bergamotte.imgix.net/a6ly2766dv3sbxloas2hoothe440,in_stock,27.90 EUR,https://www.bergamotte.fr,https://www.bergamotte.fr/terms-and-conditions,true,14,new,Arts et loisirs > Fêtes et soirées > Cadeaux > Fleurs coupées fraîches,"https://bergamotte.imgix.net/ee29chquo05oubmx55re1431dbye,https://bergamotte.imgix.net/qqaozgi68xo5if8oui3085o69ikz,https://bergamotte.imgix.net/vppbw43blh1mcxf1zqydhgofq1rz,https://bergamotte.imgix.net/zhmmpkeokxhsgttkrqinmgidkf1e,https://bergamotte.imgix.net/mccwcd3ikjkgybdyabubzglmsu75",14437,,3216,true,"{""Taille du bouquet"": ""S""}",9.90 EUR,true,true,false,"{""custom_label_4"": ""costly""}",FR,FR
14500,Rosé Ultimate Provence - Idées cadeaux gourmandes - Fleuriste Bergamotte,"Offrez bien plus qu’un rosé, offrez un rayon de soleil ! Le millésime Ultimate Provence 2025 est le cadeau chic et festif par excellence pour célébrer les beaux jours. Son flacon iconique en verre ciselé crée un véritable coup de cœur visuel sur la table, tandis que ses notes intenses d'agrumes et de fruits exotiques promettent une expérience d'une fraîcheur irrésistible. L'idée parfaite : associez ce flacon d'exception à l'un de nos bouquets de saison pour un cadeau complet, raffiné et inoubliable. ✨. Vin Rosé 2025 AOP Côtes de Provence - Ultimate Provence Médaille d'or DECANTER WINE AWARDS 2026 Contenance : 75cl (26.53€/ L) Alcool : 13% Cépages : 30% Cinsault, 30% Grenache Noir, 30% Syrah, 10% Rolle Contient des SULFITES Certifié en Agriculture Biologique À consommer de préférence avant la date indiquée sur la bouteille. Conservation : Servir frais (8-10°C). Après ouverture veuillez conserver les bouteilles au réfrigérateur. Fabriquant : SAS Château des Launes - Ultimate Provence 7270 Route du Luc 83680 La Garde-Freinet France L'abus d'alcool est dangereux pour la santé. A consommer avec modération. La consommation de boissons alcoolisées pendant la grossesse, même en faible quantité, peut avoir des conséquences graves pour la santé de l’enfant. La vente d'alcool aux mineurs est strictement interdite.",https://www.bergamotte.fr/livraison-fleurs/rose-ultimate-provence,Bergamotte,Bergamotte,https://bergamotte.imgix.net/xgphxmzdnza7u38lwbwl36usj0ng,in_stock,14.90 EUR,https://www.bergamotte.fr,https://www.bergamotte.fr/terms-and-conditions,true,14,new,"Alimentation, boissons et tabac > Boissons > Boissons alcoolisées > Vin",,14500,,,,,9.90 EUR,true,true,false,,FR,FR
14535,Livre de coloriage - Accessoires décoration - Idées cadeaux - Fleuriste Bergamotte,"Envie d'offrir (ou de vous offrir) une parenthèse de douceur ? Ajoutez à votre commande ce superbe livre de coloriage signé par la marque green et poétique All The Ways To Say. Bien plus qu'un simple carnet, c'est une véritable invitation à ralentir, à déconnecter et à laisser parler votre créativité. Contenu : 21 illustrations exclusives All The Ways To Say Format : 210 × 280 mm (A4) Origine : Conçu et fabriqué en France",https://www.bergamotte.fr/livraison-accessoires/livre-de-coloriage,Bergamotte,Bergamotte,https://bergamotte.imgix.net/rg3yapqkcpxzqvit1x7ssrrsiyz7,in_stock,22.90 EUR,https://www.bergamotte.fr,https://www.bergamotte.fr/terms-and-conditions,true,14,new,Arts et loisirs > Fêtes et soirées > Cadeaux,,14535,,,,,9.90 EUR,true,true,false,,FR,FR
14543,Puzzle 1000 pièces Paris - Accessoires décoration - Idées cadeaux - Fleuriste Bergamotte,"Le puzzle ""Breakfast with a View"" de la marque Piecely est l'invitation parfaite à déconnecter. Au fil des pièces, une scène romantique se dessine : le soleil levant sur la Tour Eiffel et un petit-déjeuner sur les toits de Paris. Magnifiquement illustré par l'artiste Ellen Gözel-Niehoff, ce puzzle haut de gamme est le cadeau idéal pour illuminer les moments cocooning de vos proches. Une attention délicate, relaxante et résolument esthétique. Marque : Piecely Format : 1000 pièces (48 x 68 cm) + poster modèle inclus. Dimensions boîte : 27 x 19 x 6,5 cm. Qualité : Fini velouté Soft Touch haut de gamme. Éco-conception : Fabriqué en UE à partir de papier recyclé. Emballage 100% sans plastique (enveloppe en papier). Illustration : Création exclusive signée Ellen Gözel-Niehoff. Attention : Ne convient pas aux enfants de moins de 36 mois (petites pièces).",https://www.bergamotte.fr/livraison-accessoires/puzzle-1000-pieces-paris,Bergamotte,Bergamotte,https://bergamotte.imgix.net/esbd5n9q0jm6y5lmsygc4uk2pbkl,in_stock,34.90 EUR,https://www.bergamotte.fr,https://www.bergamotte.fr/terms-and-conditions,true,14,new,Arts et loisirs > Fêtes et soirées > Cadeaux,,14543,,,,,9.90 EUR,true,true,false,,FR,FR
14546,Puzzle 500 pièces Santorin - Accessoires décoration - Idées cadeaux - Fleuriste Bergamotte,"Le puzzle ""Soleil de Santorin"" de la marque Piecely est une véritable invitation à l'évasion et au farniente. Au fil des pièces, l'ambiance estivale de la mer Égée prend vie : façades blanches éclatantes, dômes bleus iconiques et douceur de vivre. Magnifiquement illustré par l'artiste Millie Putland, ce puzzle est le cadeau idéal, chaleureux et coloré, pour offrir un moment de détente absolue aux amoureux du voyage et de la Méditerranée. Marque : Piecely Format : 500 pièces (34 x 48 cm) + poster modèle inclus. Qualité : Surface douce au toucher haut de gamme. Éco-conception : Fabriqué en Europe à partir de papier recyclé. Emballage 100% sans plastique. Illustration : Création exclusive signée Millie Putland. Attention : Ne convient pas aux enfants de moins de 36 mois (petites pièces).",https://www.bergamotte.fr/livraison-accessoires/puzzle-500-pieces-santorin,Bergamotte,Bergamotte,https://bergamotte.imgix.net/qzpx83w1jvf64b2h2a95gy3rhd1k,in_stock,29.90 EUR,https://www.bergamotte.fr,https://www.bergamotte.fr/terms-and-conditions,true,14,new,Arts et loisirs > Fêtes et soirées > Cadeaux,,14546,,,,,9.90 EUR,true,true,false,,FR,FR
14554,3 Minis Succulentes Vertes avec Cache-pots - Livraison Plante 24h France - Idee Cadeau Vegetal,"Trio Léo. Diamètres des pots : 7 cm - Hauteurs des plantes entre 6 et 12 cm (pots inclus). La composition du trio peut varier en fonction des disponibilités. Retrouvez plus bas sur la page les conseils d'entretien. La bonne idée cadeau. Petit prix Comment s’occuper de votre Trio Léo ? Producteur. Labellisé MPS-A/SQ. Variétés. Ensemble de 3 succulentes. Difficulté. Débutant. Exposition. Lumineux. Arrosage. Très léger. Toxicité Commandez votre Trio Léo dès aujourd'hui et recevez une plante d'exception, cultivée avec soin et livrée directement chez vous par Bergamotte. Le cadeau parfait pour soi ou pour un proche ! Livraison a domicile en 24h partout en France ou en 3h a Paris soigneusement emballe Trio de 3 minis succulentes vertes avec cache-pots assortis - composition pouvant varier selon disponibilites Hauteur entre 6 et 12 cm (pot inclus) - diametre des pots 7 cm - parfaites pour bureau ou rebord de fenetre Entretien facile pour debutant : exposition lumineuse et arrosage tres modere lorsque le terreau est sec Carte message personnalisee offerte - idee cadeau vegetal original pour toutes les occasions",https://www.bergamotte.fr/livraison-plantes/trio-leo,Bergamotte,Bergamotte,https://bergamotte.imgix.net/upp3tl1if2wo9r11xb4xu33g2pri,in_stock,39.90 EUR,https://www.bergamotte.fr,https://www.bergamotte.fr/terms-and-conditions,true,14,new,Maison et jardin > Plantes > Plantes d'extérieur et d'intérieur,"https://bergamotte.imgix.net/h6plf72gtwh2zxzz18zn6z8lk0nt,https://bergamotte.imgix.net/6j4dtgj2o8i956aqb44lb3ulwnjg,https://bergamotte.imgix.net/s29u1wauveyinzjuao1rej6arprm,https://bergamotte.imgix.net/2h3d1wxnywdb184xo27wm3pv9j0i,https://bergamotte.imgix.net/twez4xtw4ta37ymng0cvpi2jmv6i",14554,,,,,9.90 EUR,true,true,false,"{""custom_label_4"": ""costly""}",FR,FR
14641,Cache-pots adaptés à la tribu emménagement 2 - Idées cadeaux - Coffret cadeau - Expérience à offrir - Bergamotte,"Célébrez les plus beaux moments avec ce coffret cadeau, pensé pour toucher en plein cœur. Plus qu'une simple attention, c'est une véritable expérience à offrir. Cache-pots adaptés aux plantes de la tribu emménagement : - 3 mini cache-pots beige D6 (composition : Céramique) - Inclus - 1 cache-pot rayé rose D16 (composition : Céramique) - 1 panier naturel D40 (composition : Roseaux tressés) - Ce cache-pot non étanche est accompagné d'une soucoupe Pour que la surprise soit parfaite, votre coffret est expédié avec le plus grand soin. Nous assurons une livraison express en 24h partout en France et en 3h à Paris, dans un emballage sur mesure et soigné qui protège et sublime votre cadeau. Recevez ou faites livrer un présent impeccable, prêt à émerveiller. Le tout, présenté avec le soin et l'élégance qui caractérisent Bergamotte. Le cadeau parfait pour chouchouter vos proches. Offrez un instant de pur bonheur ! (",https://www.bergamotte.fr/livraison-fleurs/cache-pots-adaptes-a-la-tribu-emmenagement-2,Bergamotte,Bergamotte,https://bergamotte.imgix.net/blf9qcn9dqi5x8g5xs22z5nmihdk,in_stock,41.90 EUR,https://www.bergamotte.fr,https://www.bergamotte.fr/terms-and-conditions,true,14,new,Arts et loisirs > Fêtes et soirées > Cadeaux,,14641,,,,,9.90 EUR,true,true,false,,FR,FR
14680,Bouquet de Fleurs Sechees Anglet S - Violet & Boheme - Livraison a Domicile 3h Paris et 24h France - Decoration Durable,"Faites entrer un air d'évasion et de poésie bohème dans votre intérieur avec ces fleurs séchées. Une création artisanale tout en texture, conçue pour durer et embellir votre quotidien sans le moindre effort. Pourquoi vous allez adorer votre Bouquet Anglet S : - Décoration Durable, Zéro Entretien : Oubliez l'arrosage ! ces fleurs séchées conservent leur beauté et leurs couleurs des mois, voire des années. Un simple dépoussiérage occasionnel suffit. - Style Bohème Tendance : Parfait pour ajouter une touche chaleureuse, naturelle et texturée à un salon, une chambre ou un bureau. Il s'intègre à merveille dans tous les décors. Livraison express et services sur-mesure : - Livraison de fleurs en 24h dans toute la France et en 3h à Paris. - Carte message offerte pour accompagner vos fleurs séchées. - Emballage soigné et conçu pour le transport. Caractéristique : Diamètre 20 cm Hauteur 40 cm Le Cadeau Parfait qui Dure : C'est le cadeau idéal pour une pendaison de crémaillère, un anniversaire ou simplement pour offrir une attention qui ne se fane pas. Une touche de nature intemporelle qui plaira à coup sûr. Commandez votre Bouquet Anglet S pour une touche de nature éternelle dans votre maison. Une création artisanale Bergamotte, livrée avec soin partout en France. Livraison a domicile en 24h partout en France ou en 3h a Paris soigneusement emballe Fleurs sechees artisanales style boheme : creation durable sans entretien qui conserve sa beaute des mois Bouquet de fleurs sechees diametre 20 cm et hauteur 40 cm parfait pour decorer salon chambre ou bureau Emballage premium soigne et concu pour le transport avec carte message personnalisee offerte Idee cadeau original pour pendaison de cremaillere anniversaire ou attention qui ne se fane pas",https://www.bergamotte.fr/livraison-fleurs-sechees/bouquet-anglet-s,Bergamotte,Bergamotte,https://bergamotte.imgix.net/v90vch2ep8zl6q5zv3m9f948bhgo,in_stock,32.90 EUR,https://www.bergamotte.fr,https://www.bergamotte.fr/terms-and-conditions,true,14,new,Maison et jardin > Décorations > Fleurs séchées,"https://bergamotte.imgix.net/ozxjal23qcihgcgddp0zxr7ve17z,https://bergamotte.imgix.net/2vgdim48nty5imxsfpsblz3196wz,https://bergamotte.imgix.net/lte2k9yfj9glg5d546hdhxo5k0yc,https://bergamotte.imgix.net/dq3pwnebbyecydyrsm5dv90f471n,https://bergamotte.imgix.net/1f475pzqxwc25fak1swrduntg3ru",14680,,,,,9.90 EUR,true,true,false,,FR,FR
14811,Succulente - Livraison plantes - Plantes vertes Bergamotte,"Mini plante. Succulente. Diamètre du pot : 7 cm (vendu avec la plante) - Hauteur de la plante entre 6 et 12 cm (pot inclus). La variété peut varier en fonction des disponibilités, photos non contractuelles. Retrouvez plus bas sur la page les conseils d'entretien. La bonne idée cadeau. Petit prix Comment s’occuper de votre Mini plante ? Difficulté. Débutant. Toxicité. Exposition. Lumineux. Arrosage. Très léger. Producteur. Labellisé MPS-A/SQ Commandez votre Mini plante dès aujourd'hui et recevez une plante d'exception, cultivée avec soin et livrée directement chez vous par Bergamotte. Le cadeau parfait pour soi ou pour un proche !",https://www.bergamotte.fr/livraison-accessoires/mini-plante,Bergamotte,Bergamotte,https://bergamotte.imgix.net/vxqyjib3vkwkn6rzbtxr9i46aobw,in_stock,14.90 EUR,https://www.bergamotte.fr,https://www.bergamotte.fr/terms-and-conditions,true,14,new,Maison et jardin > Plantes > Plantes d'extérieur et d'intérieur,,14811,,,,,9.90 EUR,true,true,false,"{""custom_label_4"": ""new""}",FR,FR
14812,Carte mots doux Édition 10 - Accessoires décoration - Idées cadeaux - Fleuriste Bergamotte,"Pour accompagner vos surprises végétales, nous vous proposons une carte 'Mots Doux' spéciale Édition 10, illustrée par Bergamotte. Nous pourrons y glisser votre carte photo personnalisée et le petit mot que vous aurez rédigé (le tout à compléter lors de votre achat). Illustration avec l'imprimé 'Édition 10' pour célébrer les 10 ans de Bergamotte",https://www.bergamotte.fr/cartes-message/carte-mots-doux-edition-10,Bergamotte,Bergamotte,https://bergamotte.imgix.net/458d5mzhhc836iptwt99c5bhk1jz,in_stock,3.90 EUR,https://www.bergamotte.fr,https://www.bergamotte.fr/terms-and-conditions,true,14,new,Arts et loisirs > Fêtes et soirées > Cadeaux,,14812,,,,,9.90 EUR,true,true,false,,FR,FR
14817,Vase Sintra - Accessoires décoration - Idées cadeaux - Fleuriste Bergamotte,"Le vase à rayures Sintra est une création exclusive Bergamotte. Fabriqué à la main dans notre usine partenaire au Portugal. Dimensions : 20 cm x 11 cm, ouverture de 7 cm. Peut être lavé au lave-vaisselle (à basse température) ou nettoyé avec du savon à vaisselle dilué pour protéger le motif.",https://www.bergamotte.fr/vases/vase-sintra,Bergamotte,Bergamotte,https://bergamotte.imgix.net/hqqqr6njuzx2bevly2zl49dk1o67,in_stock,49.90 EUR,https://www.bergamotte.fr,https://www.bergamotte.fr/terms-and-conditions,true,14,new,Arts et loisirs > Fêtes et soirées > Cadeaux,https://bergamotte.imgix.net/kmslxy06avjzp0568hzvnw8k9frn,14817,,,,,9.90 EUR,true,true,false,,FR,FR
14818,Vase Edition 10 - Accessoires décoration - Idées cadeaux - Fleuriste Bergamotte,"Le vase Edition 10 est une création exclusive, spécialement conçue pour les 10 ans de Bergamotte. Fabriqué à la main dans notre usine partenaire au Portugal. Dimensions : 20 cm x 11 cm, ouverture de 7 cm. Peut être lavé au lave-vaisselle (à basse température) ou nettoyé avec du savon à vaisselle dilué pour protéger le motif.",https://www.bergamotte.fr/vases/vase-edition-10,Bergamotte,Bergamotte,https://bergamotte.imgix.net/mk8xo8kzija88w7fgsg3b4epiuav,in_stock,49.90 EUR,https://www.bergamotte.fr,https://www.bergamotte.fr/terms-and-conditions,true,14,new,Arts et loisirs > Fêtes et soirées > Cadeaux,https://bergamotte.imgix.net/d6a8c3mxe6cvnddjzsahpx8m6z9a,14818,,,,,9.90 EUR,true,true,false,,FR,FR
14819,Coffret Apéro - Idées cadeaux - Coffret cadeau - Expérience à offrir - Bergamotte,"Célébrez les plus beaux moments avec ce coffret cadeau, pensé pour toucher en plein cœur. Plus qu'une simple attention, c'est une véritable expérience à offrir. L’apéritif c’est sacré. Peu importe la saison, un kit pour prendre l’apéro, devrait être un essentiel à avoir ! Nos experts dans l’art d’offrir ont donc pensé un coffret Apéro, digne d’un moment de partage en bonne compagnie : un coffret composé de 2 tartinades saveurs chèvre tomate pour l’une et confit d'aubergines pour l’autre ainsi que des noix de cajou aux herbes de Provence de chez Les Niçois. Et pour faire une pause entre deux tartinades, les sablés tomates romarin et comté sésame de la Sablésienne, seront parfaits. Enfin, pas d’apéritif sans trinquer ! C’est donc les bières blonde Bap Bap qui rempliront cette mission. Retrouvez toutes les informations complémentaires à propos du contenu de notre coffret Apéro, plus bas. Tartinades Les Niçois : Tartinade chèvre tomate Poids net : 100g Ingrédients : Artichauts (33%), fromage de chèvre (lait) (18%), oignons, huile d'olive vierge extra, concentré de tomates (11%), pomme de terre, vin blanc IGP Méditerranée (sulfites), vinaigre de vin rouge (sulfites), ail (sulfites), persil, sel, thym, poivre.Allergènes en gras. Valeurs nutritionnelles pour 100g : Énergie : 822kJ/198kcal, Matières grasses : 14,0g dont acides gras saturés : 3,6g, Glucides : 10,0g, dont sucres : 3,2g, Protéines : 5,3g, Sel : 0,65g Tartinade confit d'aubergines Poids net : 100g Ingrédients : Aubergines grillées 31%, aubergines blanchies 31%, ubergines pré frites à l’huile de tournesol 31%, huile d'olive vierge extra, vinaigre de vin rouge (sulfites), oignons (sulfites), ail (sulfites), Persil, Poivre, Thym, Sucre. À consommer de préférence avant la date indiquée sur le pot. Conservation : A conserver au frais après ouverture. Fabriquant : Les Niçois - 7 rue Lacharrière, 75011 Paris. Noix de cajou herbes de Provence Les Niçois : Poids net : 110g Ingrédients : Noix de cajou grillées (94%), herbes de Provence : 2,8 % (Thym, romarin, sarriette, origan), herbes de Provence poudre (Romarin, thym, origan, sarriette, Romarin poudre, sel, poivre blanc, agent d’enrobage : gomme d’acacia. Allergènes : peut contenir des autres fruits à coque, des arachides, des graines de sésame, du soja, des sulfites, du gluten. Valeurs nutritionnelles pour 100g : Énergie : 2548 kJ / 614 Kcal ; Matières grasses : 48 g dont acides gras saturés : 8 g ; Glucides : 25 g dont sucre : 6 g ; Protéines : 21,3 g ; Sel : 0,81 g Fibres : 4 g À consommer de préférence avant la date indiquée sur l'emballage. Conservation : Dans un endroit à l'abri de la chaleur et de l’humidité et dans les 10j après ouverture. Fabriquant : Les Niçois - 7 rue Lacharrière, 75011 Paris.Sablés salés La Sablésienne : Sablés tomate romarin Poids net : 20g Ingrédients : Farine de Blé, Beurre, Sucre, Oeufs, Sel, Tomate en poudre (antiagglomérant : E551), Romarin, Bicarbonate d'ammonium, Extrait de romarin. Allergènes mentionnés en gras. Fabriqué dans un atelier qui utilise également du sésame, du soja, des fruits à coque et des céréales contenant du gluten, lait et beurre. Valeurs nutritionnelles pour 100g : énergie : 1661kJ / 402kcal, matières grasses : 14.5g, glucides : 43.0g dont sucres : 1.9g, protéines : 7.1g, sel : 0.1g Sablés comté sésame Poids net : 20g Ingrédients : Farine de Blé, Beurre, Compté AOP 11,95% (LAIT, Sel, Ferment, Présure), Sucre, Oeufs, Sésame, Sel, Bicarbonate d'ammonium, Extrait de romarin. Allergènes en gras. Fabriqué dans un atelier qui utilise également du sésame, du soja, des fruits à coque et des céréales contenant du gluten, lait et beurre Valeurs nutritionnelles pour 100g : énergie : 1661kJ / 402kcal, matières grasses : 14.5g, glucides : 43.0g dont sucres : 1.9g, protéines : 7.1g, sel : 0.1g À consommer de préférence avant la date indiquée sur l'emballage. Conservation : Dans un endroit à l'abri de la chaleur et de l’humidité. Fabriqué artisanalement à Sablé-Sur-Sarthe. Fabriquant : La Sablésienne - 1 avenue Jean Monnet, 72300 Sablé sur Sarthe, France.Bières BAPBAP : Bière Blonde Faubourg Pilsner - 33cl (🥇 médaillée d’or du Festival We Love Beer 2021) : Alcool % vol : 4.5% vol. Ingrédients : eau, malt d’orge, malt de blé (gluten), levure, houblons. Bière Blonde Originale Pale Ale - 33cl : Alcool % vol: 5.8% vol. Ingrédients : eau, malt d’orge, malt de blé (gluten), levure, houblons. Allergène mentionné en gras. Contient des sulfites. Brassée en île de France. L'abus d'alcool est dangereux pour la santé. À consommer avec modération. La vente d'alcool aux mineurs est strictement interdite. Conservation : Stockage debout, au sec, au frais et à l'abri de la lumière. À consommer de préférence avant la date indiquée sur l’étiquette. Fabriquant : BAPBAP - Rue des préaux, 95310 Saint Ouen l’aumône, France. Pour que la surprise soit parfaite, votre coffret est expédié avec le plus grand soin. Nous assurons une livraison express en 24h partout en France et en 3h à Paris…",https://www.bergamotte.fr/livraison-accessoires/coffret-apero,Bergamotte,Bergamotte,https://bergamotte.imgix.net/titx6c977y59xflezynsn27yqfa8,in_stock,39.90 EUR,https://www.bergamotte.fr,https://www.bergamotte.fr/terms-and-conditions,true,14,new,Arts et loisirs > Fêtes et soirées > Cadeaux,https://bergamotte.imgix.net/776wiervqcnqjokfqg5o97nfr9lt,14819,,,,,9.90 EUR,true,true,false,,FR,FR
14820,Bougie Édition 10 - Accessoires décoration - Idées cadeaux - Fleuriste Bergamotte,"Pour célébrer ses 10 ans, Bergamotte s'associe à Atelier Vekkä pour créer cette bougie exclusive de la gamme Édition 10 ! Habillée d'un verre fumé et d'une étiquette signée spécialement pour l'occasion, elle diffuse la senteur Midsommar, inspirée de la fête suédoise de la lumière : notes de pin, citronnier et verveine pour une évasion en édition limitée. Un cadeau élégant et raffiné pour toutes les occasions. Marque : Atelier Vekkä Assemblage olfactif : N.06 - Midsommar · Notes de tête : feuilles de citronnier, pin, orange · Notes de cœur : sapin · Notes de fond : verveine, mousse Contenant : Verre Poids net : 180g Dimensions : hauteur 9.15 cm, diamètre 7,5 cm Fabriquée en France Coulée à la main Cire 100% végétale sans OGM Mèche en coton sans plomb Fragrance élaborées sans substances controversées",https://www.bergamotte.fr/livraison-accessoires/bougie-edition-10,Bergamotte,Bergamotte,https://bergamotte.imgix.net/3gdmm519i8aqrgszpbjeq6rmu5su,in_stock,39.90 EUR,https://www.bergamotte.fr,https://www.bergamotte.fr/terms-and-conditions,true,14,new,Arts et loisirs > Fêtes et soirées > Cadeaux,,14820,,,,,9.90 EUR,true,true,false,,FR,FR
14824,Aglaonema Eyecatcher Rose - Livraison Plante 24h France - Idee Cadeau Vegetal,"Aglaonema Aglaé. Aglaonema 'Eyecatcher'. Diamètre du pot : 12 cm - Hauteur : Entre 25 et 35 cm (pot inclus). À ne surtout pas manquer. Personnalisation possible Comment s’occuper de votre Aglaonema Aglaé ? Toxicité. Difficulté. Débutant. Arrosage. Fréquent. Exposition. Semi-ombragé. Entretien. Producteur. Labellisé MPS-SQ/GAP Commandez votre Aglaonema Aglaé dès aujourd'hui et recevez une plante d'exception, cultivée avec soin et livrée directement chez vous par Bergamotte. Le cadeau parfait pour soi ou pour un proche ! Livraison a domicile en 24h partout en France ou en 3h a Paris, soigneusement emballe Aglaonema Eyecatcher aux feuilles panachees de vert et rose, plante d interieur decorative et facile d entretien Hauteur 25 a 35 cm avec pot de 12 cm de diametre, plante compacte ideale pour les petits espaces et les bureaux Exposition semi-ombragee et arrosage frequent, plante parfaite pour les debutants et tres tolerant aux conditions interieures Carte message personnalisee offerte, idee cadeau vegetal original pour toutes les occasions",https://www.bergamotte.fr/livraison-plantes/aglaonema-aglae,Bergamotte,Bergamotte,https://bergamotte.imgix.net/six5ipzfuoe4tm1u1xivynqyg0fy,in_stock,29.90 EUR,https://www.bergamotte.fr,https://www.bergamotte.fr/terms-and-conditions,true,14,new,Maison et jardin > Plantes > Plantes d'extérieur et d'intérieur,"https://bergamotte.imgix.net/uy6fmrl07uvyg0hy0mdfdpma4a0p,https://bergamotte.imgix.net/vn38ztaimsbcvt6icgye0vu6rc59,https://bergamotte.imgix.net/qdsm8wbdfu1g3tkkfl58olmcxom6,https://bergamotte.imgix.net/56tby8d479n33q0scwxym63xwaku,https://bergamotte.imgix.net/nbhvmwzcj7l5ed6d5majg0lot7cw",14824,,,,,9.90 EUR,true,true,false,"{""custom_label_4"": ""new""}",FR,FR
14825,Orchidee Violette - Marvellous Barcelona - Livraison Plante a Domicile 24h France - Cadeau Vegetal,"Orchidée Audrey. Orchidée 'Marvellous Barcelona'. Diamètre du pot : 21 cm - Hauteur : Entre 60 et 70 cm (pot inclus). À ne surtout pas manquer. Personnalisation possible Comment s’occuper de votre Orchidée Audrey ? Pet-friendly. Entretien. Difficulté. Débutant. Floraison. Mauve à rose violacé. Exposition. Lumineux. Arrosage. Régulier. Producteur. Labellisé MPS-A+/SQ/GAP Commandez votre Orchidée Audrey dès aujourd'hui et recevez une plante d'exception, cultivée avec soin et livrée directement chez vous par Bergamotte. Le cadeau parfait pour soi ou pour un proche ! Livraison a domicile en 24h partout en France ou en 3h a Paris, soigneusement emballe Orchidee Marvellous Barcelona aux fleurs mauves a rose violace, plante d interieur elegante et longuement florissante Hauteur 60 a 70 cm avec pot de 21 cm de diametre, plante spectaculaire pour illuminer votre interieur de ses couleurs vives Exposition lumineuse et arrosage regulier, plante pet-friendly et facile d entretien ideale pour les debutants Carte message personnalisee offerte, idee cadeau vegetal original pour toutes les occasions",https://www.bergamotte.fr/livraison-plantes/orchidee-audrey,Bergamotte,Bergamotte,https://bergamotte.imgix.net/3vtu0xmnrvu35k3qaufmefg62iec,in_stock,89.90 EUR,https://www.bergamotte.fr,https://www.bergamotte.fr/terms-and-conditions,true,14,new,Maison et jardin > Plantes > Plantes d'extérieur et d'intérieur,"https://bergamotte.imgix.net/ylbtsmw0lbh4dzkiyv5yg5e2ib37,https://bergamotte.imgix.net/5juweuqggltigrl4spptajstw7e2,https://bergamotte.imgix.net/iilxakmtc7ox4sk18ngwt3k7ja0y,https://bergamotte.imgix.net/d4gzf548o2xyyv7ta53lq7fgu2fd,https://bergamotte.imgix.net/g75ipde9klpephfatqdfu6gons7d",14825,,,,,9.90 EUR,true,true,false,"{""custom_label_4"": ""new""}",FR,FR
14826,Coffret Édition 10 - Idées cadeaux - Coffret cadeau - Expérience à offrir - Bergamotte,"Célébrez les plus beaux moments avec ce coffret cadeau, pensé pour toucher en plein cœur. Plus qu'une simple attention, c'est une véritable expérience à offrir. 10 ans d’histoire d’amour entre vous et nous… C’est un moment clé que l’on a décidé de célébrer avec ce que l’on sait faire de mieux : des cadeaux précieux !Pour l’occasion, nos experts ont conçu un coffret Édition 10 exclusif, disponible en quantités très limitées :Un petit bouquet de fleurs séchées et son mini-vase élégant.Une petite plante facile d’entretien habillée d'un cache-pot.Une bougie inédite aux couleurs de nos 10 ans, dont le parfum Midsommar (notes de pin, de citronnier et de verveine) apaisera l’ambiance de votre cocon comme un jour de printemps apaise nos cœurs.Un sachet de graines à planter pour fleurir nos villes et nos jardins.Une carte Love, elle aussi aux couleurs de notre anniversaire.Retrouvez plus d'informations sur les produits plus bas sur cette page. Bougie parfumée Atelier Vekkä : Marque : Atelier Vekkä Assemblage olfactif : N.06 - Midsommar · Notes de tête : feuilles de citronnier, pin, orange · Notes de cœur : sapin · Notes de fond : verveine, mousse Contenant : Verre Poids net : 180g Dimensions : hauteur 9.15 cm, diamètre 7,5 cm Fabriquée en France Coulée à la main Cire 100% végétale sans OGM Mèche en coton sans plomb Fragrance élaborées sans substances controversées Petit bouquet de fleurs séchées avec son soliflore : Bouquet de fleurs séchées dans les tons parme, blanc, crème et beige signé Bergamotte Vendu avec un soliflore raffiné et transparent Mini plante avec son cache-pot : Variété : Succulente (plante grasse, la variété peut changer en fonction des disponibilités, photos non contractuelles) Diamètre du pot : 6 cm (Plante vendue avec son pot en céramique) Entretien : La succulente doit être placé à un endroit lumineux mais sans rayons direct du soleil. Pour l'arrosage, laissez le terreau sécher en surface entre deux arrosages Avant d'arroser, vérifiez l'humidité du terreau en insérant votre doigt dans le sol jusqu'à environ 2-3 cm de profondeur Origine : Cette plante a grandi à Amstelveen, aux Pays-Bas Sachet de graines de coquelicots : Graines : graines de coquelicots françaises, bio, reproductibles et mellifères. Cette variété vivace aime être semée à la surface de la terre 400 graines | Surface de 3 m2 ou 8 pots (préférez des grands pots) Sachet : blanc moucheté fabriqué à partir de fibres de paille 70 x 100 mm | Papier FSC, recyclé et recyclable Fabrication made in Nantes Carte mots doux Love 'Edition 10' : Illustration avec l'imprimé 'Edition 10' pour célébrer les 10 ans de Bergamotte Pour que la surprise soit parfaite, votre coffret est expédié avec le plus grand soin. Nous assurons une livraison express en 24h partout en France et en 3h à Paris, dans un emballage sur mesure et soigné qui protège et sublime votre cadeau. Recevez ou faites livrer un présent impeccable, prêt à émerveiller. Le tout, présenté avec le soin et l'élégance qui caractérisent Bergamotte. Le cadeau parfait pour chouchouter vos proches. Offrez un instant de pur bonheur ! (",https://www.bergamotte.fr/livraison-accessoires/coffret-edition-10,Bergamotte,Bergamotte,https://bergamotte.imgix.net/o7m5lptz2xl4wtqft59d1vqukp8d,in_stock,59.90 EUR,https://www.bergamotte.fr,https://www.bergamotte.fr/terms-and-conditions,true,14,new,Arts et loisirs > Fêtes et soirées > Cadeaux,,14826,,,,,9.90 EUR,true,true,false,,FR,FR
14834,Coffret La Maison du Chocolat - Idées cadeaux gourmandes - Fleuriste Bergamotte,"Découvrez les chocolats pralinés de l'iconique Maison du Chocolat : un cadeau gourmand et délicat, idéal pour accompagner votre surprise végétale d'une petite touche sucrée. Assortiment de chocolats noirs et au lait fourrés au praliné 16 pépites : x4 Carya : Praliné pécan aux éclats de noix de pécan caramélisées. x4 Grain Dentelle : Praliné au chocolat au lait et aux éclats de crêpes dentelle. x4 Praliné Mendiant : Praliné amandes aux éclats d'amandes caramélisées, de noisettes et pistaches torréfiées et d'oranges confites. x4 Praliné Noisette : Praliné noisettes aux éclats de noisettes du Piémont. *L’assortiment est susceptible de varier. Ingrédients : chocolat noir (fèves de cacao, sucre, beurre de cacao, émulsifiant (lécithine de tournesol), arôme naturel (vanille)), sucre, noisettes, amandes, chocolat au lait (sucre, lait entier en poudre, beurre de cacao, fèves de cacao, émulsifiant (lécithine de tournesol)), noix de pécan, arôme naturel (amande amère, vanille), beurre de cacao, beurre, pistaches, farine de blé, lait entier en poudre, poudre d'amande, sel, émulsifiant (lécithine de tournesol), lait écrémé en poudre, colorant naturel (caramel, curcumine), malt d'orge, concentrés (radis, pomme, cassis), orge en poudre. Allergènes mentionnés en gras. Chocolat noir : cacao 56% minimum, Chocolat au lait : cacao 37% minimum. Fabriquant : La Maison du Chocolat - 65 avenue de Ségur, 75007 Paris, France. Valeurs nutritionnelles moyennes pour 100g : Energie (Kcal) : 565, Energie (kJ) : 2343, Matière grasse (g) : 39, dont Acides gras saturés (g) : 13, Glucides (g) : 42, dont sucres (g) : 39, protéines (g) : 8.7, Sel (g) : 0.11. (116g - Prix/kg : 257,76 €) À consommer de préférence avant la date indiquée sur le coffret. Durée de consommation optimale de 8 à 54 jours. Conservation : 18 °C dans un endroit sec. Dans leur emballage d'origine, ou bien dans le bac en bas de votre réfrigérateur, après avoir protégé votre coffret dans un sac papier ou plastique.",https://www.bergamotte.fr/livraison-accessoires/coffret-la-maison-du-chocolat,Bergamotte,Bergamotte,https://bergamotte.imgix.net/pphsdwmwhag8cv81n8fyqy2ejn8f,in_stock,29.90 EUR,https://www.bergamotte.fr,https://www.bergamotte.fr/terms-and-conditions,true,14,new,"Alimentation, boissons et tabac",https://bergamotte.imgix.net/lha8zubp6qp2j0gpiu3d208gx1vk,14834,,,,,9.90 EUR,true,true,false,,FR,FR
14835,Coffret duo Kusmi Tea - Idées cadeaux gourmandes - Fleuriste Bergamotte,"Prolongement naturel de nos fleurs et de nos plantes, ce coffret duo signe Kusmi Tea transforme votre attention en un rituel chaleureux et parfumé. Contient deux boîtes de thés noirs (2x20g) : Anastasia et Prince Vladimir Anastasia : Thé noir*(99%), huiles essentielles de bergamote, de citron, de citron vert, arôme naturel de fleur d'oranger. Prince Vladimir : Thé noir* (95%), écorces d’orange*, extrait de cannelle, arôme naturel de vanille, arôme naturel de clou de girofle, huiles essentielles d’agrumes. *produits issus de l'agriculture biologique Préparation : Temps d'infusion de 3 à 5 minutes, température d'infusion 90°C.",https://www.bergamotte.fr/livraison-accessoires/coffret-duo-kusmi-tea,Bergamotte,Bergamotte,https://bergamotte.imgix.net/azte2mxc4mwpyclgo9js49736ezm,in_stock,12.90 EUR,https://www.bergamotte.fr,https://www.bergamotte.fr/terms-and-conditions,true,14,new,"Alimentation, boissons et tabac",https://bergamotte.imgix.net/n25m7negl92fpazbc0cn4gymrlms,14835,,,,,9.90 EUR,true,true,false,,FR,FR
14836,Bouquet Melbourne S - Livraison Fleurs 24h - Hortensias Lisianthus - Tons Mauves et Blancs - Fleurs Fraiches de Saison,"Ce bouquet de fleurs se compose d'une harmonie de fleurs de saison rigoureusement sélectionnées pour leur fraîcheur et leur beauté : Hortensia, Santini, Acacia, Chrysantheme, Lisianthus, Phlox, Limonium, Rose branchue, Statice. Diamètre 26 cm Hauteur 45 cm. Carte message offerte. Emballage sur mesure Le cadeau idéal en toute occasion : Parfait pour un anniversaire, un remerciement, ou simplement pour le plaisir d'offrir, le Bouquet Melbourne saura transmettre vos plus belles émotions. Il est disponible en plusieurs tailles pour s'adapter à tous les budgets et à toutes les envies. Qualité et fraîcheur garanties : - Fleurs de saison : cueillies en direct des meilleurs producteurs. - Circuit court : pour une fraîcheur et une longévité maximales. - Préparé à la commande : nos artisans fleuristes confectionnent votre bouquet avec soin dans notre atelier parisien. Livraison express et services sur-mesure : - Livraison de fleurs en 24h dans toute la France et en 3h à Paris. - Carte message offerte pour accompagner votre bouquet. - Emballage soigné et conçu pour le transport. Offrez plus qu'un simple bouquet, offrez une expérience florale inoubliable avec le Bouquet Melbourne de Bergamotte. Commandez en ligne pour une livraison de fleurs à domicile rapide et soignée. Livraison express fleurs a domicile : en 3h a Paris et le lendemain partout en France avant 13h Hortensias et Lisianthus provenant de nos meilleurs producteurs en circuit court pour une fraicheur et une longevite maximales Harmonie champetre d Hortensias et Lisianthus rehaussee de Santini et Phlox avec Roses branchues et Limonium pour un bouquet genereux Emballage premium sur mesure avec poche d eau offerte pour preserver vos fleurs pendant la livraison Carte message personnalisee offerte et emballage cadeau soigne pour toutes vos occasions speciales",https://www.bergamotte.fr/livraison-fleurs/bouquet-melbourne/v/bouquet-melbourne-s,Bergamotte,Bergamotte,https://bergamotte.imgix.net/cmspfs0dkmwlfjajfwidh28rv3fc,in_stock,29.90 EUR,https://www.bergamotte.fr,https://www.bergamotte.fr/terms-and-conditions,true,14,new,Arts et loisirs > Fêtes et soirées > Cadeaux > Fleurs coupées fraîches,"https://bergamotte.imgix.net/a389sng3w3a8h9cwto7v5wyrydbu,https://bergamotte.imgix.net/wkld46yewp3prgz4e0h17jb18fkc,https://bergamotte.imgix.net/5g7iyqc8msowhve595vacruyg647,https://bergamotte.imgix.net/z64ffcszcbj0jff07212org1qcp8,https://bergamotte.imgix.net/dz3t543obfpr5tz8337uffrd5sh9",14836,,3278,true,"{""Taille du bouquet"": ""S""}",9.90 EUR,true,true,false,"{""custom_label_4"": ""new""}",FR,FR
14837,Bouquet Melbourne XL - Livraison Fleurs 24h - Hortensias Lisianthus - Tons Mauves et Blancs - Fleurs Fraiches de Saison,"Ce bouquet de fleurs se compose d'une harmonie de fleurs de saison rigoureusement sélectionnées pour leur fraîcheur et leur beauté : Hortensia, Santini, Acacia, Chrysantheme, Lisianthus, Phlox, Limonium, Rose branchue, Statice. Diamètre 50 cm Hauteur 50 cm. Carte message offerte. Emballage sur mesure Le cadeau idéal en toute occasion : Parfait pour un anniversaire, un remerciement, ou simplement pour le plaisir d'offrir, le Bouquet Melbourne saura transmettre vos plus belles émotions. Il est disponible en plusieurs tailles pour s'adapter à tous les budgets et à toutes les envies. Qualité et fraîcheur garanties : - Fleurs de saison : cueillies en direct des meilleurs producteurs. - Circuit court : pour une fraîcheur et une longévité maximales. - Préparé à la commande : nos artisans fleuristes confectionnent votre bouquet avec soin dans notre atelier parisien. Livraison express et services sur-mesure : - Livraison de fleurs en 24h dans toute la France et en 3h à Paris. - Carte message offerte pour accompagner votre bouquet. - Emballage soigné et conçu pour le transport. Offrez plus qu'un simple bouquet, offrez une expérience florale inoubliable avec le Bouquet Melbourne de Bergamotte. Commandez en ligne pour une livraison de fleurs à domicile rapide et soignée. Livraison express fleurs a domicile : en 3h a Paris et le lendemain partout en France avant 13h Hortensias et Lisianthus provenant de nos meilleurs producteurs en circuit court pour une fraicheur et une longevite maximales Bouquet XL melant Hortensias et Lisianthus a du Santini et du Phlox avec Roses branchues et Statice pour une abondance florale Emballage premium sur mesure avec poche d eau offerte pour preserver vos fleurs pendant la livraison Carte message personnalisee offerte et emballage cadeau soigne pour toutes vos occasions speciales",https://www.bergamotte.fr/livraison-fleurs/bouquet-melbourne/v/bouquet-melbourne-xl,Bergamotte,Bergamotte,https://bergamotte.imgix.net/hufe3itkeo40q1k8vtae7ufaid4v,in_stock,199.90 EUR,https://www.bergamotte.fr,https://www.bergamotte.fr/terms-and-conditions,true,14,new,Arts et loisirs > Fêtes et soirées > Cadeaux > Fleurs coupées fraîches,"https://bergamotte.imgix.net/gj6qgejiwae57dzjorclbwkerhk7,https://bergamotte.imgix.net/wkld46yewp3prgz4e0h17jb18fkc,https://bergamotte.imgix.net/c3zg6c3nhoixvtcurepgyfr8sdbj,https://bergamotte.imgix.net/5g7iyqc8msowhve595vacruyg647,https://bergamotte.imgix.net/dz3t543obfpr5tz8337uffrd5sh9",14837,,3278,true,"{""Taille du bouquet"": ""XL""}",0.00 EUR,true,true,false,"{""custom_label_4"": ""new""}",FR,FR
14838,Bouquet Esterel S - Livraison Fleurs 24h - Chrysanthemes Hortensias - Tons Roses et Pastel - Fleurs Fraiches de Saison,"Ce bouquet de fleurs se compose d'une harmonie de fleurs de saison rigoureusement sélectionnées pour leur fraîcheur et leur beauté : Chrysantheme, Chrysantheme, Hortensia, Acacia, Rose branchue, Limonium, Chrysantheme, Alstroemeria, Santini rose. Diamètre 24 cm Hauteur 45 cm. Carte message offerte. Emballage sur mesure Le cadeau idéal en toute occasion : Parfait pour un anniversaire, un remerciement, ou simplement pour le plaisir d'offrir, le Bouquet Esterel saura transmettre vos plus belles émotions. Il est disponible en plusieurs tailles pour s'adapter à tous les budgets et à toutes les envies. Qualité et fraîcheur garanties : - Fleurs de saison : cueillies en direct des meilleurs producteurs. - Circuit court : pour une fraîcheur et une longévité maximales. - Préparé à la commande : nos artisans fleuristes confectionnent votre bouquet avec soin dans notre atelier parisien. Livraison express et services sur-mesure : - Livraison de fleurs en 24h dans toute la France et en 3h à Paris. - Carte message offerte pour accompagner votre bouquet. - Emballage soigné et conçu pour le transport. Offrez plus qu'un simple bouquet, offrez une expérience florale inoubliable avec le Bouquet Esterel de Bergamotte. Commandez en ligne pour une livraison de fleurs à domicile rapide et soignée. Livraison express fleurs a domicile : en 3h a Paris et le lendemain partout en France avant 13h Chrysanthemes et Hortensias provenant de nos meilleurs producteurs en circuit court pour leurs couleurs vives et eclatantes Melange vibrant de Chrysanthemes et Hortensias avec Alstroemeria et Roses branchues et Santini rose pour un bouquet plein de caractere Emballage premium sur mesure avec poche d eau offerte pour preserver vos fleurs pendant la livraison Carte message personnalisee offerte et emballage cadeau soigne pour toutes vos occasions speciales",https://www.bergamotte.fr/livraison-fleurs/bouquet-esterel/v/bouquet-esterel-s,Bergamotte,Bergamotte,https://bergamotte.imgix.net/z4u8tk8bj8nl6peck3h4l95e27lo,in_stock,34.90 EUR,https://www.bergamotte.fr,https://www.bergamotte.fr/terms-and-conditions,true,14,new,Arts et loisirs > Fêtes et soirées > Cadeaux > Fleurs coupées fraîches,"https://bergamotte.imgix.net/di8r60jr8me0quv40vdk2tx1tucj,https://bergamotte.imgix.net/bif5s31oe1wum82dklck05izd0lg,https://bergamotte.imgix.net/9sfhls4av3250nzxmyzg9oxg4z66,https://bergamotte.imgix.net/bl3u9oclhb878vkqzs2m2v796d6k,https://bergamotte.imgix.net/fb7t068zw4lr7kuqujrorb8crwyl",14838,,3279,true,"{""Taille du bouquet"": ""S""}",9.90 EUR,true,true,false,"{""custom_label_4"": ""new""}",FR,FR
14839,Bouquet de Roses Bagatelle S - Livraison Fleurs 24h - Roses et Eucalyptus - Tons Roses - Fleurs Fraiches de Saison,"Ce bouquet de fleurs se compose d'une harmonie de fleurs de saison rigoureusement sélectionnées pour leur fraîcheur et leur beauté : Rose branchue, Eucalyptus cinerea, Rose branchue, Rose. Diamètre 26 cm Hauteur 45 cm. La valeur sûre. Carte message offerte. Emballage sur mesure Le cadeau idéal en toute occasion : Parfait pour un anniversaire, un remerciement, ou simplement pour le plaisir d'offrir, le Bouquet Bagatelle saura transmettre vos plus belles émotions. Il est disponible en plusieurs tailles pour s'adapter à tous les budgets et à toutes les envies. Qualité et fraîcheur garanties : - Fleurs de saison : cueillies en direct des meilleurs producteurs. - Circuit court : pour une fraîcheur et une longévité maximales. - Préparé à la commande : nos artisans fleuristes confectionnent votre bouquet avec soin dans notre atelier parisien. Livraison express et services sur-mesure : - Livraison de fleurs en 24h dans toute la France et en 3h à Paris. - Carte message offerte pour accompagner votre bouquet. - Emballage soigné et conçu pour le transport. Offrez plus qu'un simple bouquet, offrez une expérience florale inoubliable avec le Bouquet Bagatelle de Bergamotte. Commandez en ligne pour une livraison de fleurs à domicile rapide et soignée. Livraison express fleurs a domicile : en 3h a Paris et le lendemain partout en France avant 13h Roses branchues et Eucalyptus cinerea provenant de nos meilleurs producteurs en circuit court pour une fraicheur durable Bouquet classique de Roses et Eucalyptus cinerea de 45 cm de hauteur selectionnees pour leur elegance intemporelle et leur fraicheur durable Emballage premium sur mesure avec poche d eau offerte pour preserver vos fleurs pendant la livraison Carte message personnalisee offerte et emballage cadeau soigne pour toutes vos occasions speciales",https://www.bergamotte.fr/livraison-fleurs/bouquet-bagatelle/v/bouquet-bagatelle-s,Bergamotte,Bergamotte,https://bergamotte.imgix.net/tokkwb7ytipz1yyidyvfo71ztyy9,in_stock,39.90 EUR,https://www.bergamotte.fr,https://www.bergamotte.fr/terms-and-conditions,true,14,new,Arts et loisirs > Fêtes et soirées > Cadeaux > Fleurs coupées fraîches,"https://bergamotte.imgix.net/0jtatkj11tzro6erxic2rqqu35j3,https://bergamotte.imgix.net/tfx8jft875llgjv2d7jsfmcrcx0o,https://bergamotte.imgix.net/bo4720523lc613akwz8mznu2txz5,https://bergamotte.imgix.net/ina8k853lej2uqmbgsfbrwij5kux,https://bergamotte.imgix.net/rhihqa5vxq0evo6wlnjwcxm5l90z",14839,,3912,true,"{""Taille du bouquet"": ""S""}",9.90 EUR,true,true,false,"{""custom_label_4"": ""new""}",FR,FR
14840,Bouquet de Roses Bagatelle M - Livraison Fleurs 24h - Roses et Eucalyptus - Tons Roses - Fleurs Fraiches de Saison,"Ce bouquet de fleurs se compose d'une harmonie de fleurs de saison rigoureusement sélectionnées pour leur fraîcheur et leur beauté : Rose branchue, Eucalyptus cinerea, Rose branchue, Rose. Diamètre 32 cm Hauteur 45 cm. La valeur sûre. Carte message offerte. Emballage sur mesure Le cadeau idéal en toute occasion : Parfait pour un anniversaire, un remerciement, ou simplement pour le plaisir d'offrir, le Bouquet Bagatelle saura transmettre vos plus belles émotions. Il est disponible en plusieurs tailles pour s'adapter à tous les budgets et à toutes les envies. Qualité et fraîcheur garanties : - Fleurs de saison : cueillies en direct des meilleurs producteurs. - Circuit court : pour une fraîcheur et une longévité maximales. - Préparé à la commande : nos artisans fleuristes confectionnent votre bouquet avec soin dans notre atelier parisien. Livraison express et services sur-mesure : - Livraison de fleurs en 24h dans toute la France et en 3h à Paris. - Carte message offerte pour accompagner votre bouquet. - Emballage soigné et conçu pour le transport. Offrez plus qu'un simple bouquet, offrez une expérience florale inoubliable avec le Bouquet Bagatelle de Bergamotte. Commandez en ligne pour une livraison de fleurs à domicile rapide et soignée. Livraison express fleurs a domicile : en 3h a Paris et le lendemain partout en France avant 13h Roses et Eucalyptus cinerea provenant de nos meilleurs producteurs en circuit court pour une fraicheur durable Bouquet classique de Roses branchues et Eucalyptus cinerea de 45 cm de hauteur selectionnees pour leur elegance intemporelle et leur fraicheur durable Emballage premium sur mesure avec poche d eau offerte pour preserver vos fleurs pendant la livraison Carte message personnalisee offerte et emballage cadeau soigne pour toutes vos occasions speciales",https://www.bergamotte.fr/livraison-fleurs/bouquet-bagatelle,Bergamotte,Bergamotte,https://bergamotte.imgix.net/x9pumf8d9gb9pg6ch1054d436ihq,in_stock,52.90 EUR,https://www.bergamotte.fr,https://www.bergamotte.fr/terms-and-conditions,true,14,new,Arts et loisirs > Fêtes et soirées > Cadeaux > Fleurs coupées fraîches,"https://bergamotte.imgix.net/v563o40l22p47m4xwf7q05vsrptq,https://bergamotte.imgix.net/tfx8jft875llgjv2d7jsfmcrcx0o,https://bergamotte.imgix.net/bo4720523lc613akwz8mznu2txz5,https://bergamotte.imgix.net/ina8k853lej2uqmbgsfbrwij5kux,https://bergamotte.imgix.net/rhihqa5vxq0evo6wlnjwcxm5l90z",14840,,3912,true,"{""Taille du bouquet"": ""M""}",9.90 EUR,true,true,false,"{""custom_label_4"": ""new""}",FR,FR
14841,Bouquet de Roses Bagatelle XL - Livraison Fleurs 24h - Roses et Eucalyptus - Tons Roses - Fleurs Fraiches de Saison,"Ce bouquet de fleurs se compose d'une harmonie de fleurs de saison rigoureusement sélectionnées pour leur fraîcheur et leur beauté : Rose branchue, Eucalyptus cinerea, Rose branchue, Rose. Diamètre 40 cm Hauteur 50 cm. La valeur sûre. Carte message offerte. Emballage sur mesure Le cadeau idéal en toute occasion : Parfait pour un anniversaire, un remerciement, ou simplement pour le plaisir d'offrir, le Bouquet Bagatelle saura transmettre vos plus belles émotions. Il est disponible en plusieurs tailles pour s'adapter à tous les budgets et à toutes les envies. Qualité et fraîcheur garanties : - Fleurs de saison : cueillies en direct des meilleurs producteurs. - Circuit court : pour une fraîcheur et une longévité maximales. - Préparé à la commande : nos artisans fleuristes confectionnent votre bouquet avec soin dans notre atelier parisien. Livraison express et services sur-mesure : - Livraison de fleurs en 24h dans toute la France et en 3h à Paris. - Carte message offerte pour accompagner votre bouquet. - Emballage soigné et conçu pour le transport. Offrez plus qu'un simple bouquet, offrez une expérience florale inoubliable avec le Bouquet Bagatelle de Bergamotte. Commandez en ligne pour une livraison de fleurs à domicile rapide et soignée. Livraison express fleurs a domicile : en 3h a Paris et le lendemain partout en France avant 13h Roses et Eucalyptus cinerea provenant de nos meilleurs producteurs en circuit court pour une fraicheur durable Bouquet XL de 50 cm de hauteur de Roses branchues et Eucalyptus cinerea selectionnees pour leur elegance intemporelle et leur fraicheur durable Emballage premium sur mesure avec poche d eau offerte pour preserver vos fleurs pendant la livraison Carte message personnalisee offerte et emballage cadeau soigne pour toutes vos occasions speciales",https://www.bergamotte.fr/livraison-fleurs/bouquet-bagatelle/v/bouquet-bagatelle-xl,Bergamotte,Bergamotte,https://bergamotte.imgix.net/vkij7ol88gar4ommb33z3i0dhpl4,in_stock,129.90 EUR,https://www.bergamotte.fr,https://www.bergamotte.fr/terms-and-conditions,true,14,new,Arts et loisirs > Fêtes et soirées > Cadeaux > Fleurs coupées fraîches,"https://bergamotte.imgix.net/g6vo44d9yg66ao4kzfzrizpoc279,https://bergamotte.imgix.net/tfx8jft875llgjv2d7jsfmcrcx0o,https://bergamotte.imgix.net/bo4720523lc613akwz8mznu2txz5,https://bergamotte.imgix.net/ina8k853lej2uqmbgsfbrwij5kux,https://bergamotte.imgix.net/rhihqa5vxq0evo6wlnjwcxm5l90z",14841,,3912,true,"{""Taille du bouquet"": ""XL""}",0.00 EUR,true,true,false,"{""custom_label_4"": ""new""}",FR,FR
14842,Bouquet Edition 10 S - Livraison Fleurs 24h - Roses et Astilbe - Tons Roses et Parmes - Fleurs Fraiches de Saison,"Ce bouquet de fleurs se compose d'une harmonie de fleurs de saison rigoureusement sélectionnées pour leur fraîcheur et leur beauté : Astilbe, Santini, Santini, Lisianthus, Limonium, Eucalyptus, Rose branchue, Chrysantheme, Matthiola. Diamètre 28 cm Hauteur 45 cm. La valeur sûre. Carte message offerte. Emballage sur mesure Le cadeau idéal en toute occasion : Parfait pour un anniversaire, un remerciement, ou simplement pour le plaisir d'offrir, le Bouquet Edition 10 saura transmettre vos plus belles émotions. Il est disponible en plusieurs tailles pour s'adapter à tous les budgets et à toutes les envies. Qualité et fraîcheur garanties : - Fleurs de saison : cueillies en direct des meilleurs producteurs. - Circuit court : pour une fraîcheur et une longévité maximales. - Préparé à la commande : nos artisans fleuristes confectionnent votre bouquet avec soin dans notre atelier parisien. Livraison express et services sur-mesure : - Livraison de fleurs en 24h dans toute la France et en 3h à Paris. - Carte message offerte pour accompagner votre bouquet. - Emballage soigné et conçu pour le transport. Offrez plus qu'un simple bouquet, offrez une expérience florale inoubliable avec le Bouquet Edition 10 de Bergamotte. Commandez en ligne pour une livraison de fleurs à domicile rapide et soignée. Livraison express fleurs a domicile : en 3h a Paris et le lendemain partout en France avant 13h Roses creme et Astilbe rose provenant de nos meilleurs producteurs en circuit court pour une fraicheur et une longevite maximales Composition exclusive de fleurs de saison aux couleurs vibrantes confectionnee pour une edition limitee de 45 cm de hauteur Emballage premium sur mesure avec poche d eau offerte pour preserver vos fleurs pendant la livraison Carte message personnalisee offerte et emballage cadeau soigne pour toutes vos occasions speciales",https://www.bergamotte.fr/livraison-fleurs/bouquet-edition-10/v/bouquet-edition-10-s,Bergamotte,Bergamotte,https://bergamotte.imgix.net/fmt3rd2uhsgyqj5tvz8o6zqmwtn1,in_stock,39.90 EUR,https://www.bergamotte.fr,https://www.bergamotte.fr/terms-and-conditions,true,14,new,Arts et loisirs > Fêtes et soirées > Cadeaux > Fleurs coupées fraîches,"https://bergamotte.imgix.net/8yylx4olhmh87slcnkpip1lshdbt,https://bergamotte.imgix.net/txge1vp006hdbctnuh2fp6mgppqd,https://bergamotte.imgix.net/3g49991w6m2ikni0xb748dfnxeow,https://bergamotte.imgix.net/7klggcnyc84vbgtf45h2gfaisuxo,https://bergamotte.imgix.net/204yq7r458rlfgbxf6zd85peafey",14842,,3913,true,"{""Taille du bouquet"": ""S""}",9.90 EUR,true,true,false,"{""custom_label_4"": ""new""}",FR,FR
14843,Bouquet Edition 10 M - Livraison Fleurs 24h - Roses et Astilbe - Tons Roses et Parmes - Fleurs Fraiches de Saison,"Ce bouquet de fleurs se compose d'une harmonie de fleurs de saison rigoureusement sélectionnées pour leur fraîcheur et leur beauté : Astilbe, Santini, Santini, Lisianthus, Limonium, Eucalyptus, Rose branchue, Chrysantheme, Matthiola. Diamètre 38 cm Hauteur 45 cm. La valeur sûre. Carte message offerte. Emballage sur mesure Le cadeau idéal en toute occasion : Parfait pour un anniversaire, un remerciement, ou simplement pour le plaisir d'offrir, le Bouquet Edition 10 saura transmettre vos plus belles émotions. Il est disponible en plusieurs tailles pour s'adapter à tous les budgets et à toutes les envies. Qualité et fraîcheur garanties : - Fleurs de saison : cueillies en direct des meilleurs producteurs. - Circuit court : pour une fraîcheur et une longévité maximales. - Préparé à la commande : nos artisans fleuristes confectionnent votre bouquet avec soin dans notre atelier parisien. Livraison express et services sur-mesure : - Livraison de fleurs en 24h dans toute la France et en 3h à Paris. - Carte message offerte pour accompagner votre bouquet. - Emballage soigné et conçu pour le transport. Offrez plus qu'un simple bouquet, offrez une expérience florale inoubliable avec le Bouquet Edition 10 de Bergamotte. Commandez en ligne pour une livraison de fleurs à domicile rapide et soignée. Livraison express fleurs a domicile : en 3h a Paris et le lendemain partout en France avant 13h Roses creme et Astilbe rose provenant de nos meilleurs producteurs en circuit court pour une fraicheur et une longevite maximales Composition exclusive de fleurs de saison aux couleurs vibrantes confectionnee pour une edition limitee de 45 cm de hauteur Emballage premium sur mesure avec poche d eau offerte pour preserver vos fleurs pendant la livraison Carte message personnalisee offerte et emballage cadeau soigne pour toutes vos occasions speciales",https://www.bergamotte.fr/livraison-fleurs/bouquet-edition-10,Bergamotte,Bergamotte,https://bergamotte.imgix.net/y535loilkldhrz7jqx454xq4awm9,in_stock,59.90 EUR,https://www.bergamotte.fr,https://www.bergamotte.fr/terms-and-conditions,true,14,new,Arts et loisirs > Fêtes et soirées > Cadeaux > Fleurs coupées fraîches,"https://bergamotte.imgix.net/59vyuknywjnxwtl0z69v0wyy80x4,https://bergamotte.imgix.net/qvuf94awri7c8miky9gn76mm637c,https://bergamotte.imgix.net/txge1vp006hdbctnuh2fp6mgppqd,https://bergamotte.imgix.net/3g49991w6m2ikni0xb748dfnxeow,https://bergamotte.imgix.net/204yq7r458rlfgbxf6zd85peafey",14843,,3913,true,"{""Taille du bouquet"": ""M""}",9.90 EUR,true,true,false,"{""custom_label_4"": ""new""}",FR,FR
14844,Bouquet Edition 10 L - Livraison Fleurs 24h - Roses et Astilbe - Tons Roses et Parmes - Fleurs Fraiches de Saison,"Ce bouquet de fleurs se compose d'une harmonie de fleurs de saison rigoureusement sélectionnées pour leur fraîcheur et leur beauté : Astilbe, Santini, Santini, Lisianthus, Limonium, Eucalyptus, Rose branchue, Chrysantheme, Matthiola. Diamètre 40 cm Hauteur 50 cm. La valeur sûre. Carte message offerte. Emballage sur mesure Le cadeau idéal en toute occasion : Parfait pour un anniversaire, un remerciement, ou simplement pour le plaisir d'offrir, le Bouquet Edition 10 saura transmettre vos plus belles émotions. Il est disponible en plusieurs tailles pour s'adapter à tous les budgets et à toutes les envies. Qualité et fraîcheur garanties : - Fleurs de saison : cueillies en direct des meilleurs producteurs. - Circuit court : pour une fraîcheur et une longévité maximales. - Préparé à la commande : nos artisans fleuristes confectionnent votre bouquet avec soin dans notre atelier parisien. Livraison express et services sur-mesure : - Livraison de fleurs en 24h dans toute la France et en 3h à Paris. - Carte message offerte pour accompagner votre bouquet. - Emballage soigné et conçu pour le transport. Offrez plus qu'un simple bouquet, offrez une expérience florale inoubliable avec le Bouquet Edition 10 de Bergamotte. Commandez en ligne pour une livraison de fleurs à domicile rapide et soignée. Livraison express fleurs a domicile : en 3h a Paris et le lendemain partout en France avant 13h Roses creme et Astilbe rose provenant de nos meilleurs producteurs en circuit court pour une fraicheur et une longevite maximales Composition exclusive de fleurs de saison aux couleurs vibrantes confectionnee pour une edition limitee de 50 cm de hauteur Emballage premium sur mesure avec poche d eau offerte pour preserver vos fleurs pendant la livraison Carte message personnalisee offerte et emballage cadeau soigne pour toutes vos occasions speciales",https://www.bergamotte.fr/livraison-fleurs/bouquet-edition-10/v/bouquet-edition-10-l,Bergamotte,Bergamotte,https://bergamotte.imgix.net/ni11xxgedkbkk6qsqpdvvaik4sqw,in_stock,89.90 EUR,https://www.bergamotte.fr,https://www.bergamotte.fr/terms-and-conditions,true,14,new,Arts et loisirs > Fêtes et soirées > Cadeaux > Fleurs coupées fraîches,"https://bergamotte.imgix.net/r2gli4nz7a5epvahbuluun4lv82m,https://bergamotte.imgix.net/txge1vp006hdbctnuh2fp6mgppqd,https://bergamotte.imgix.net/1stm75c93x7cpxqg8v486h5gcalt,https://bergamotte.imgix.net/3g49991w6m2ikni0xb748dfnxeow,https://bergamotte.imgix.net/204yq7r458rlfgbxf6zd85peafey",14844,,3913,true,"{""Taille du bouquet"": ""L""}",9.90 EUR,true,true,false,"{""custom_label_4"": ""new""}",FR,FR
14845,Bouquet Edition 10 XL - Livraison Fleurs 24h - Roses et Astilbe - Tons Roses et Parmes - Fleurs Fraiches de Saison,"Ce bouquet de fleurs se compose d'une harmonie de fleurs de saison rigoureusement sélectionnées pour leur fraîcheur et leur beauté : Astilbe, Santini, Santini, Lisianthus, Limonium, Eucalyptus, Rose branchue, Chrysantheme, Matthiola. Diamètre 48 cm Hauteur 50 cm. La valeur sûre. Carte message offerte. Emballage sur mesure Le cadeau idéal en toute occasion : Parfait pour un anniversaire, un remerciement, ou simplement pour le plaisir d'offrir, le Bouquet Edition 10 saura transmettre vos plus belles émotions. Il est disponible en plusieurs tailles pour s'adapter à tous les budgets et à toutes les envies. Qualité et fraîcheur garanties : - Fleurs de saison : cueillies en direct des meilleurs producteurs. - Circuit court : pour une fraîcheur et une longévité maximales. - Préparé à la commande : nos artisans fleuristes confectionnent votre bouquet avec soin dans notre atelier parisien. Livraison express et services sur-mesure : - Livraison de fleurs en 24h dans toute la France et en 3h à Paris. - Carte message offerte pour accompagner votre bouquet. - Emballage soigné et conçu pour le transport. Offrez plus qu'un simple bouquet, offrez une expérience florale inoubliable avec le Bouquet Edition 10 de Bergamotte. Commandez en ligne pour une livraison de fleurs à domicile rapide et soignée. Livraison express fleurs a domicile : en 3h a Paris et le lendemain partout en France avant 13h Roses creme et Astilbe rose provenant de nos meilleurs producteurs en circuit court pour une fraicheur et une longevite maximales Composition exclusive de fleurs de saison aux couleurs vibrantes confectionnee pour une edition limitee de 50 cm de hauteur Emballage premium sur mesure avec poche d eau offerte pour preserver vos fleurs pendant la livraison Carte message personnalisee offerte et emballage cadeau soigne pour toutes vos occasions speciales",https://www.bergamotte.fr/livraison-fleurs/bouquet-edition-10/v/bouquet-edition-10-xl,Bergamotte,Bergamotte,https://bergamotte.imgix.net/gg3wvtdphlol7k9jqswzyo2bcqpm,in_stock,129.90 EUR,https://www.bergamotte.fr,https://www.bergamotte.fr/terms-and-conditions,true,14,new,Arts et loisirs > Fêtes et soirées > Cadeaux > Fleurs coupées fraîches,"https://bergamotte.imgix.net/bqujkdsyavzr8e3ft582r65vym3q,https://bergamotte.imgix.net/txge1vp006hdbctnuh2fp6mgppqd,https://bergamotte.imgix.net/3g49991w6m2ikni0xb748dfnxeow,https://bergamotte.imgix.net/7klggcnyc84vbgtf45h2gfaisuxo,https://bergamotte.imgix.net/204yq7r458rlfgbxf6zd85peafey",14845,,3913,true,"{""Taille du bouquet"": ""XL""}",0.00 EUR,true,true,false,"{""custom_label_4"": ""new""}",FR,FR
14846,Bouquet de Fleurs Artificielles Florence XL - Tournesol - Tons Roses et Rouges - Livraison 24h France - Decoration Durable,"Faites entrer un air d'évasion et de poésie bohème dans votre intérieur avec ces fleurs séchées. Une création artisanale tout en texture, conçue pour durer et embellir votre quotidien sans le moindre effort. Pourquoi vous allez adorer votre Bouquet Florence XL : - Décoration Durable, Zéro Entretien : Oubliez l'arrosage ! ces fleurs séchées conservent leur beauté et leurs couleurs des mois, voire des années. Un simple dépoussiérage occasionnel suffit. - Style Bohème Tendance : Parfait pour ajouter une touche chaleureuse, naturelle et texturée à un salon, une chambre ou un bureau. Il s'intègre à merveille dans tous les décors. Livraison express et services sur-mesure : - Livraison de fleurs en 24h dans toute la France et en 3h à Paris. - Carte message offerte pour accompagner vos fleurs séchées. - Emballage soigné et conçu pour le transport. Caractéristique : Hauteur 65 cm Le Cadeau Parfait qui Dure : C'est le cadeau idéal pour une pendaison de crémaillère, un anniversaire ou simplement pour offrir une attention qui ne se fane pas. Une touche de nature intemporelle qui plaira à coup sûr. Commandez votre Bouquet Florence XL pour une touche de nature éternelle dans votre maison. Une création artisanale Bergamotte, livrée avec soin partout en France. Livraison express a domicile : en 3h a Paris et le lendemain partout en France avant 13h Bouquet de fleurs artificielles style boheme : composition texturee aux teintes naturelles durable Decoration durable zero entretien : les fleurs sechees conservent leur beaute des mois voire des annees Hauteur 65 cm : taille XL généreuse pour un impact decoratif maximal dans un salon ou une grande piece Carte message personnalisee offerte et emballage soigne pour toutes vos occasions speciales",https://www.bergamotte.fr/livraison-fleurs-sechees/bouquet-florence-xl,Bergamotte,Bergamotte,https://bergamotte.imgix.net/9l632waiugm9nprefgzzk33wgmva,in_stock,109.90 EUR,https://www.bergamotte.fr,https://www.bergamotte.fr/terms-and-conditions,true,14,new,Maison et jardin > Décorations > Fleurs séchées,"https://bergamotte.imgix.net/hfow7i10dcfnp0uuk2igo5rd8zqs,https://bergamotte.imgix.net/p4g3o3k00s44mwukysggn9q3nnsj,https://bergamotte.imgix.net/vilwmjwejqu8x3xytm0ut0lffp3o,https://bergamotte.imgix.net/r8bey1jjl9avbw7xy6vxgoy22xj1,https://bergamotte.imgix.net/u9ale4m5fq4bbtws6x87fz47pvb8",14846,,,,,0.00 EUR,true,true,false,,FR,FR
14848,Offre anniversaire Fleurs - Idées cadeaux - Coffret cadeau - Expérience à offrir - Bergamotte,"Célébrez les plus beaux moments avec ce coffret cadeau, pensé pour toucher en plein cœur. Plus qu'une simple attention, c'est une véritable expérience à offrir. Et si l’on vous disait que le cadeau d’anniversaire parfait existe ? Un bouquet coloré, des biscuits français à croquer, une carte illustrée pour y glisser photos ou mot doux… Notre ‘Offre Anniversaire Fleurs’, a été pensée pour faire plaisir une fois, deux fois, trois fois, en un seul cadeau ! À qui allez-vous souhaiter un joyeux anniversaire ? Retrouvez toutes les informations complémentaires à propos du contenu de notre Offre anniversaire Fleurs, plus bas. Carte mots doux Happy Birthday Pour accompagner votre surprise, nous vous proposons une carte mots doux, illustrée par Bergamotte. Nous pourrons y glisser votre carte photo personnalisée et le petit mot que vous aurez rédigé (le tout à compléter lors de votre achat). Biscuits d'anniversaire (Biscuits sablés au cacao) Poids : 156 grammes (12 biscuits au chocolat) Ingrédients : Farine de blé d'Ile-de-France, beurre AOP d’Isigny Saint-Mère, sucre blanc, cacao plein arôme Barry, œufs entier plein air, sel. Allergènes mentionnés en gras. Valeurs nutritionnelles pour 100g : Energie : 1741,4 kj / 416,1 kcal, matières grasses : 21,2 g (dont acides gras saturés : 14,4 g), glucides : 46,1 g (dont sucres : 22,2 g), fibres alimentaires : 1,5 g, protéines : 7,6 g, sel : 1,0 gFabriqué dans un atelier où sont utilisés des arachides et des fruits à coque. À consommer de préférence avant la date indiquée sur l'emballage. Conservation optimale : Les biscuits se conservent idéalement 6 mois dans leur emballage d'origine ou une boîte hermétique, à l'abri de la chaleur et l'humidité. Confectionné en Île de France. Fabriquant : Le French Biscuit - 14, avenue du 1er mai, 91120 PALAISEAU Pour que la surprise soit parfaite, votre coffret est expédié avec le plus grand soin. Nous assurons une livraison express en 24h partout en France et en 3h à Paris, dans un emballage sur mesure et soigné qui protège et sublime votre cadeau. Recevez ou faites livrer un présent impeccable, prêt à émerveiller. Le tout, présenté avec le soin et l'élégance qui caractérisent Bergamotte. Le cadeau parfait pour chouchouter vos proches. Offrez un instant de pur bonheur ! (",https://www.bergamotte.fr/livraison-fleurs/offre-anniversaire-fleurs,Bergamotte,Bergamotte,https://bergamotte.imgix.net/bncaapcr9wpyl5cscxyr1mmzopn9,in_stock,43.90 EUR,https://www.bergamotte.fr,https://www.bergamotte.fr/terms-and-conditions,true,14,new,Arts et loisirs > Fêtes et soirées > Cadeaux,https://bergamotte.imgix.net/rmtircc672idqo5e24ujeya8dqck,14848,,,,,9.90 EUR,true,true,false,,FR,FR
14849,Offre douceur Fleurs - Idées cadeaux - Coffret cadeau - Expérience à offrir - Bergamotte,"Célébrez les plus beaux moments avec ce coffret cadeau, pensé pour toucher en plein cœur. Plus qu'une simple attention, c'est une véritable expérience à offrir. Pour que la surprise soit parfaite, votre coffret est expédié avec le plus grand soin. Nous assurons une livraison express en 24h partout en France et en 3h à Paris, dans un emballage sur mesure et soigné qui protège et sublime votre cadeau. Recevez ou faites livrer un présent impeccable, prêt à émerveiller. Le tout, présenté avec le soin et l'élégance qui caractérisent Bergamotte. Le cadeau parfait pour chouchouter vos proches. Offrez un instant de pur bonheur ! (",https://www.bergamotte.fr/livraison-fleurs/offre-douceur-fleurs,Bergamotte,Bergamotte,https://bergamotte.imgix.net/unzmqulqh58nbbbann0bgjofc1go,in_stock,61.90 EUR,https://www.bergamotte.fr,https://www.bergamotte.fr/terms-and-conditions,true,14,new,Arts et loisirs > Fêtes et soirées > Cadeaux,https://bergamotte.imgix.net/zz6ct7f253ixlehgglqbg0qmjk9x,14849,,,,,9.90 EUR,true,true,false,,FR,FR
14850,Bouquet Amsterdam S - Livraison fleurs - Fleuriste en ligne Bergamotte,"Ce bouquet de fleurs se compose d'une harmonie de fleurs de saison rigoureusement sélectionnées pour leur fraîcheur et leur beauté : Lisianthus, Limonium, Antirrhinum, Gerbera, Santini, Eucalyptus, Rose branchue. Diamètre 30 cm Hauteur 45 cm. Carte message offerte. Emballage sur mesure Le cadeau idéal en toute occasion : Parfait pour un anniversaire, un remerciement, ou simplement pour le plaisir d'offrir, le Bouquet Amsterdam saura transmettre vos plus belles émotions. Il est disponible en plusieurs tailles pour s'adapter à tous les budgets et à toutes les envies. Qualité et fraîcheur garanties : - Fleurs de saison : cueillies en direct des meilleurs producteurs. - Circuit court : pour une fraîcheur et une longévité maximales. - Préparé à la commande : nos artisans fleuristes confectionnent votre bouquet avec soin dans notre atelier parisien. Livraison express et services sur-mesure : - Livraison de fleurs en 24h dans toute la France et en 3h à Paris. - Carte message offerte pour accompagner votre bouquet. - Emballage soigné et conçu pour le transport. Offrez plus qu'un simple bouquet, offrez une expérience florale inoubliable avec le Bouquet Amsterdam de Bergamotte. Commandez en ligne pour une livraison de fleurs à domicile rapide et soignée.",https://www.bergamotte.fr/livraison-fleurs/bouquet-amsterdam/v/bouquet-amsterdam-s,Bergamotte,Bergamotte,https://bergamotte.imgix.net/54kvjirn3thn4juoz13k8q258sv8,in_stock,39.90 EUR,https://www.bergamotte.fr,https://www.bergamotte.fr/terms-and-conditions,true,14,new,Arts et loisirs > Fêtes et soirées > Cadeaux > Fleurs coupées fraîches,https://bergamotte.imgix.net/vvg023qbpuq2fsxgy300o98amt7n,14850,,,,,9.90 EUR,true,true,false,,FR,FR
14851,Bouquet Amsterdam M - Livraison fleurs - Fleuriste en ligne Bergamotte,"Ce bouquet de fleurs se compose d'une harmonie de fleurs de saison rigoureusement sélectionnées pour leur fraîcheur et leur beauté : Lisianthus, Limonium, Antirrhinum, Gerbera, Santini, Eucalyptus, Rose branchue. Diamètre 35 cm Hauteur 45 cm. Carte message offerte. Emballage sur mesure Le cadeau idéal en toute occasion : Parfait pour un anniversaire, un remerciement, ou simplement pour le plaisir d'offrir, le Bouquet Amsterdam saura transmettre vos plus belles émotions. Il est disponible en plusieurs tailles pour s'adapter à tous les budgets et à toutes les envies. Qualité et fraîcheur garanties : - Fleurs de saison : cueillies en direct des meilleurs producteurs. - Circuit court : pour une fraîcheur et une longévité maximales. - Préparé à la commande : nos artisans fleuristes confectionnent votre bouquet avec soin dans notre atelier parisien. Livraison express et services sur-mesure : - Livraison de fleurs en 24h dans toute la France et en 3h à Paris. - Carte message offerte pour accompagner votre bouquet. - Emballage soigné et conçu pour le transport. Offrez plus qu'un simple bouquet, offrez une expérience florale inoubliable avec le Bouquet Amsterdam de Bergamotte. Commandez en ligne pour une livraison de fleurs à domicile rapide et soignée.",https://www.bergamotte.fr/livraison-fleurs/bouquet-amsterdam,Bergamotte,Bergamotte,https://bergamotte.imgix.net/tbcjkr94siihssh2x2csq1miaiac,in_stock,59.90 EUR,https://www.bergamotte.fr,https://www.bergamotte.fr/terms-and-conditions,true,14,new,Arts et loisirs > Fêtes et soirées > Cadeaux > Fleurs coupées fraîches,https://bergamotte.imgix.net/vvg023qbpuq2fsxgy300o98amt7n,14851,,,,,9.90 EUR,true,true,false,,FR,FR
14852,Bouquet Amsterdam XL - Livraison fleurs - Fleuriste en ligne Bergamotte,"Ce bouquet de fleurs se compose d'une harmonie de fleurs de saison rigoureusement sélectionnées pour leur fraîcheur et leur beauté : Lisianthus, Limonium, Antirrhinum, Gerbera, Santini, Eucalyptus, Rose branchue. Diamètre 40 cm Hauteur 50 cm. Carte message offerte. Emballage sur mesure Le cadeau idéal en toute occasion : Parfait pour un anniversaire, un remerciement, ou simplement pour le plaisir d'offrir, le Bouquet Amsterdam saura transmettre vos plus belles émotions. Il est disponible en plusieurs tailles pour s'adapter à tous les budgets et à toutes les envies. Qualité et fraîcheur garanties : - Fleurs de saison : cueillies en direct des meilleurs producteurs. - Circuit court : pour une fraîcheur et une longévité maximales. - Préparé à la commande : nos artisans fleuristes confectionnent votre bouquet avec soin dans notre atelier parisien. Livraison express et services sur-mesure : - Livraison de fleurs en 24h dans toute la France et en 3h à Paris. - Carte message offerte pour accompagner votre bouquet. - Emballage soigné et conçu pour le transport. Offrez plus qu'un simple bouquet, offrez une expérience florale inoubliable avec le Bouquet Amsterdam de Bergamotte. Commandez en ligne pour une livraison de fleurs à domicile rapide et soignée.",https://www.bergamotte.fr/livraison-fleurs/bouquet-amsterdam/v/bouquet-amsterdam-xl,Bergamotte,Bergamotte,https://bergamotte.imgix.net/neomlfwi96t5s41jf0113ro0lwil,in_stock,139.90 EUR,https://www.bergamotte.fr,https://www.bergamotte.fr/terms-and-conditions,true,14,new,Arts et loisirs > Fêtes et soirées > Cadeaux > Fleurs coupées fraîches,https://bergamotte.imgix.net/vvg023qbpuq2fsxgy300o98amt7n,14852,,,,,0.00 EUR,true,true,false,,FR,FR
