item_id,title,description,url,brand,seller_name,image_url,availability,price,seller_url,return_policy,target_countries,store_country,is_ads_eligible,group_id,listing_has_variations,variant_dict
885075564950,"Buty Etnies Fader (black dirty wash), 45.5","Materiał: zamsz Gąbkowany język i kołnierz zapewniają lepsze wsparcie i komfort Miękka, wygodna wkładka wykonana z lekkiej pianki EVA Podeszwa środkowa z recyklingowanej pianki PU Podeszwa środkowa w formie wytłaczanki zapewnia dodatkową amortyzację Podeszwa wykonana z gumy 300 NBS, szyta na całej długości Tłoczone logo Etnies na boku podeszwy",https://supersklep.pl/i124506-buty-etnies-fader-black-dirty-wash,Etnies,supersklep (pl),https://static.supersklep.pl/1410967-buty-etnies-fader-black-dirty-wash.jpg?t=google,in_stock,369.90 PLN,https://supersklep.pl,https://supersklep.pl,PL,PL,true,124506,true,"{""color"": ""czarny"", ""size"": ""45.5""}"
885075564592,"Buty Etnies Fader (black dirty wash), 43","Materiał: zamsz Gąbkowany język i kołnierz zapewniają lepsze wsparcie i komfort Miękka, wygodna wkładka wykonana z lekkiej pianki EVA Podeszwa środkowa z recyklingowanej pianki PU Podeszwa środkowa w formie wytłaczanki zapewnia dodatkową amortyzację Podeszwa wykonana z gumy 300 NBS, szyta na całej długości Tłoczone logo Etnies na boku podeszwy",https://supersklep.pl/i124506-buty-etnies-fader-black-dirty-wash,Etnies,supersklep (pl),https://static.supersklep.pl/1410967-buty-etnies-fader-black-dirty-wash.jpg?t=google,in_stock,369.90 PLN,https://supersklep.pl,https://supersklep.pl,PL,PL,true,124506,true,"{""color"": ""czarny"", ""size"": ""43""}"
885075564714,"Buty Etnies Fader (black dirty wash), 44","Materiał: zamsz Gąbkowany język i kołnierz zapewniają lepsze wsparcie i komfort Miękka, wygodna wkładka wykonana z lekkiej pianki EVA Podeszwa środkowa z recyklingowanej pianki PU Podeszwa środkowa w formie wytłaczanki zapewnia dodatkową amortyzację Podeszwa wykonana z gumy 300 NBS, szyta na całej długości Tłoczone logo Etnies na boku podeszwy",https://supersklep.pl/i124506-buty-etnies-fader-black-dirty-wash,Etnies,supersklep (pl),https://static.supersklep.pl/1410967-buty-etnies-fader-black-dirty-wash.jpg?t=google,in_stock,369.90 PLN,https://supersklep.pl,https://supersklep.pl,PL,PL,true,124506,true,"{""color"": ""czarny"", ""size"": ""44""}"
885075564837,"Buty Etnies Fader (black dirty wash), 45","Materiał: zamsz Gąbkowany język i kołnierz zapewniają lepsze wsparcie i komfort Miękka, wygodna wkładka wykonana z lekkiej pianki EVA Podeszwa środkowa z recyklingowanej pianki PU Podeszwa środkowa w formie wytłaczanki zapewnia dodatkową amortyzację Podeszwa wykonana z gumy 300 NBS, szyta na całej długości Tłoczone logo Etnies na boku podeszwy",https://supersklep.pl/i124506-buty-etnies-fader-black-dirty-wash,Etnies,supersklep (pl),https://static.supersklep.pl/1410967-buty-etnies-fader-black-dirty-wash.jpg?t=google,in_stock,369.90 PLN,https://supersklep.pl,https://supersklep.pl,PL,PL,true,124506,true,"{""color"": ""czarny"", ""size"": ""45""}"
885075566503,"Buty Etnies Fader (black dirty wash), 42","Materiał: zamsz Gąbkowany język i kołnierz zapewniają lepsze wsparcie i komfort Miękka, wygodna wkładka wykonana z lekkiej pianki EVA Podeszwa środkowa z recyklingowanej pianki PU Podeszwa środkowa w formie wytłaczanki zapewnia dodatkową amortyzację Podeszwa wykonana z gumy 300 NBS, szyta na całej długości Tłoczone logo Etnies na boku podeszwy",https://supersklep.pl/i124506-buty-etnies-fader-black-dirty-wash,Etnies,supersklep (pl),https://static.supersklep.pl/1410967-buty-etnies-fader-black-dirty-wash.jpg?t=google,in_stock,369.90 PLN,https://supersklep.pl,https://supersklep.pl,PL,PL,true,124506,true,"{""color"": ""czarny"", ""size"": ""42""}"
885075566381,"Buty Etnies Fader (black dirty wash), 41.5","Materiał: zamsz Gąbkowany język i kołnierz zapewniają lepsze wsparcie i komfort Miękka, wygodna wkładka wykonana z lekkiej pianki EVA Podeszwa środkowa z recyklingowanej pianki PU Podeszwa środkowa w formie wytłaczanki zapewnia dodatkową amortyzację Podeszwa wykonana z gumy 300 NBS, szyta na całej długości Tłoczone logo Etnies na boku podeszwy",https://supersklep.pl/i124506-buty-etnies-fader-black-dirty-wash,Etnies,supersklep (pl),https://static.supersklep.pl/1410967-buty-etnies-fader-black-dirty-wash.jpg?t=google,in_stock,369.90 PLN,https://supersklep.pl,https://supersklep.pl,PL,PL,true,124506,true,"{""color"": ""czarny"", ""size"": ""41.5""}"
885075566619,"Buty Etnies Fader (black dirty wash), 42.5","Materiał: zamsz Gąbkowany język i kołnierz zapewniają lepsze wsparcie i komfort Miękka, wygodna wkładka wykonana z lekkiej pianki EVA Podeszwa środkowa z recyklingowanej pianki PU Podeszwa środkowa w formie wytłaczanki zapewnia dodatkową amortyzację Podeszwa wykonana z gumy 300 NBS, szyta na całej długości Tłoczone logo Etnies na boku podeszwy",https://supersklep.pl/i124506-buty-etnies-fader-black-dirty-wash,Etnies,supersklep (pl),https://static.supersklep.pl/1410967-buty-etnies-fader-black-dirty-wash.jpg?t=google,in_stock,369.90 PLN,https://supersklep.pl,https://supersklep.pl,PL,PL,true,124506,true,"{""color"": ""czarny"", ""size"": ""42.5""}"
700053288928,"Buty Vans Authentic (black/black), 41","Vans, najbardziej rozpoznawalna marka butów do skateboardingu na całym świecie, od 66 lat dostarcza najwyższą jakość i komfort. Authentic to klasyczna sylwetka Vansa, łatwo rozpoznawalna po minimalistycznym stylu. Cholewka z płótna typu canvas, swoją elastycznością przypomina płótno malarskie gwarantując wysoką jakość i trwałość. Gruba wulkanizowana podeszwa środkowa i podeszwa z gumy wulkanizowanej z wzorem waflowym pozostaje niezmieniona, zapewniając niesamowitą przyczepność i amortyzację wstrząsów Materiał: tekstylny Okute otworki na sznurowadła Miękka, komfortowa wkładka wewnętrzna Z tyłu na podeszwie typowe dla klasycznych modeli Vansa uwypuklenie na sklejeniu gumy wraz z logo firmy tzw. ""gumka na gumkę"" Podeszwa: guma wulkanizowana o dużej przyczepności, w kultowej już formie wafla",https://supersklep.pl/i130444-buty-vans-authentic-black-black,Vans,supersklep (pl),https://static.supersklep.pl/1411091-buty-vans-authentic-black-black.jpg?t=google,in_stock,319.90 PLN,https://supersklep.pl,https://supersklep.pl,PL,PL,true,130444,true,"{""color"": ""czarny"", ""size"": ""41""}"
700053288911,"Buty Vans Authentic (black/black), 40.5","Vans, najbardziej rozpoznawalna marka butów do skateboardingu na całym świecie, od 66 lat dostarcza najwyższą jakość i komfort. Authentic to klasyczna sylwetka Vansa, łatwo rozpoznawalna po minimalistycznym stylu. Cholewka z płótna typu canvas, swoją elastycznością przypomina płótno malarskie gwarantując wysoką jakość i trwałość. Gruba wulkanizowana podeszwa środkowa i podeszwa z gumy wulkanizowanej z wzorem waflowym pozostaje niezmieniona, zapewniając niesamowitą przyczepność i amortyzację wstrząsów Materiał: tekstylny Okute otworki na sznurowadła Miękka, komfortowa wkładka wewnętrzna Z tyłu na podeszwie typowe dla klasycznych modeli Vansa uwypuklenie na sklejeniu gumy wraz z logo firmy tzw. ""gumka na gumkę"" Podeszwa: guma wulkanizowana o dużej przyczepności, w kultowej już formie wafla",https://supersklep.pl/i130444-buty-vans-authentic-black-black,Vans,supersklep (pl),https://static.supersklep.pl/1411091-buty-vans-authentic-black-black.jpg?t=google,in_stock,319.90 PLN,https://supersklep.pl,https://supersklep.pl,PL,PL,true,130444,true,"{""color"": ""czarny"", ""size"": ""40.5""}"
700053289000,"Buty Vans Authentic (black/black), 47","Vans, najbardziej rozpoznawalna marka butów do skateboardingu na całym świecie, od 66 lat dostarcza najwyższą jakość i komfort. Authentic to klasyczna sylwetka Vansa, łatwo rozpoznawalna po minimalistycznym stylu. Cholewka z płótna typu canvas, swoją elastycznością przypomina płótno malarskie gwarantując wysoką jakość i trwałość. Gruba wulkanizowana podeszwa środkowa i podeszwa z gumy wulkanizowanej z wzorem waflowym pozostaje niezmieniona, zapewniając niesamowitą przyczepność i amortyzację wstrząsów Materiał: tekstylny Okute otworki na sznurowadła Miękka, komfortowa wkładka wewnętrzna Z tyłu na podeszwie typowe dla klasycznych modeli Vansa uwypuklenie na sklejeniu gumy wraz z logo firmy tzw. ""gumka na gumkę"" Podeszwa: guma wulkanizowana o dużej przyczepności, w kultowej już formie wafla",https://supersklep.pl/i130444-buty-vans-authentic-black-black,Vans,supersklep (pl),https://static.supersklep.pl/1411091-buty-vans-authentic-black-black.jpg?t=google,in_stock,319.90 PLN,https://supersklep.pl,https://supersklep.pl,PL,PL,true,130444,true,"{""color"": ""czarny"", ""size"": ""47""}"
700053288850,"Buty Vans Authentic (black/black), 36.5","Vans, najbardziej rozpoznawalna marka butów do skateboardingu na całym świecie, od 66 lat dostarcza najwyższą jakość i komfort. Authentic to klasyczna sylwetka Vansa, łatwo rozpoznawalna po minimalistycznym stylu. Cholewka z płótna typu canvas, swoją elastycznością przypomina płótno malarskie gwarantując wysoką jakość i trwałość. Gruba wulkanizowana podeszwa środkowa i podeszwa z gumy wulkanizowanej z wzorem waflowym pozostaje niezmieniona, zapewniając niesamowitą przyczepność i amortyzację wstrząsów Materiał: tekstylny Okute otworki na sznurowadła Miękka, komfortowa wkładka wewnętrzna Z tyłu na podeszwie typowe dla klasycznych modeli Vansa uwypuklenie na sklejeniu gumy wraz z logo firmy tzw. ""gumka na gumkę"" Podeszwa: guma wulkanizowana o dużej przyczepności, w kultowej już formie wafla",https://supersklep.pl/i130444-buty-vans-authentic-black-black,Vans,supersklep (pl),https://static.supersklep.pl/1411091-buty-vans-authentic-black-black.jpg?t=google,in_stock,319.90 PLN,https://supersklep.pl,https://supersklep.pl,PL,PL,true,130444,true,"{""color"": ""czarny"", ""size"": ""36.5""}"
700053288935,"Buty Vans Authentic (black/black), 42","Vans, najbardziej rozpoznawalna marka butów do skateboardingu na całym świecie, od 66 lat dostarcza najwyższą jakość i komfort. Authentic to klasyczna sylwetka Vansa, łatwo rozpoznawalna po minimalistycznym stylu. Cholewka z płótna typu canvas, swoją elastycznością przypomina płótno malarskie gwarantując wysoką jakość i trwałość. Gruba wulkanizowana podeszwa środkowa i podeszwa z gumy wulkanizowanej z wzorem waflowym pozostaje niezmieniona, zapewniając niesamowitą przyczepność i amortyzację wstrząsów Materiał: tekstylny Okute otworki na sznurowadła Miękka, komfortowa wkładka wewnętrzna Z tyłu na podeszwie typowe dla klasycznych modeli Vansa uwypuklenie na sklejeniu gumy wraz z logo firmy tzw. ""gumka na gumkę"" Podeszwa: guma wulkanizowana o dużej przyczepności, w kultowej już formie wafla",https://supersklep.pl/i130444-buty-vans-authentic-black-black,Vans,supersklep (pl),https://static.supersklep.pl/1411091-buty-vans-authentic-black-black.jpg?t=google,in_stock,319.90 PLN,https://supersklep.pl,https://supersklep.pl,PL,PL,true,130444,true,"{""color"": ""czarny"", ""size"": ""42""}"
700053288904,"Buty Vans Authentic (black/black), 40","Vans, najbardziej rozpoznawalna marka butów do skateboardingu na całym świecie, od 66 lat dostarcza najwyższą jakość i komfort. Authentic to klasyczna sylwetka Vansa, łatwo rozpoznawalna po minimalistycznym stylu. Cholewka z płótna typu canvas, swoją elastycznością przypomina płótno malarskie gwarantując wysoką jakość i trwałość. Gruba wulkanizowana podeszwa środkowa i podeszwa z gumy wulkanizowanej z wzorem waflowym pozostaje niezmieniona, zapewniając niesamowitą przyczepność i amortyzację wstrząsów Materiał: tekstylny Okute otworki na sznurowadła Miękka, komfortowa wkładka wewnętrzna Z tyłu na podeszwie typowe dla klasycznych modeli Vansa uwypuklenie na sklejeniu gumy wraz z logo firmy tzw. ""gumka na gumkę"" Podeszwa: guma wulkanizowana o dużej przyczepności, w kultowej już formie wafla",https://supersklep.pl/i130444-buty-vans-authentic-black-black,Vans,supersklep (pl),https://static.supersklep.pl/1411091-buty-vans-authentic-black-black.jpg?t=google,in_stock,319.90 PLN,https://supersklep.pl,https://supersklep.pl,PL,PL,true,130444,true,"{""color"": ""czarny"", ""size"": ""40""}"
700053288966,"Buty Vans Authentic (black/black), 44","Vans, najbardziej rozpoznawalna marka butów do skateboardingu na całym świecie, od 66 lat dostarcza najwyższą jakość i komfort. Authentic to klasyczna sylwetka Vansa, łatwo rozpoznawalna po minimalistycznym stylu. Cholewka z płótna typu canvas, swoją elastycznością przypomina płótno malarskie gwarantując wysoką jakość i trwałość. Gruba wulkanizowana podeszwa środkowa i podeszwa z gumy wulkanizowanej z wzorem waflowym pozostaje niezmieniona, zapewniając niesamowitą przyczepność i amortyzację wstrząsów Materiał: tekstylny Okute otworki na sznurowadła Miękka, komfortowa wkładka wewnętrzna Z tyłu na podeszwie typowe dla klasycznych modeli Vansa uwypuklenie na sklejeniu gumy wraz z logo firmy tzw. ""gumka na gumkę"" Podeszwa: guma wulkanizowana o dużej przyczepności, w kultowej już formie wafla",https://supersklep.pl/i130444-buty-vans-authentic-black-black,Vans,supersklep (pl),https://static.supersklep.pl/1411091-buty-vans-authentic-black-black.jpg?t=google,in_stock,319.90 PLN,https://supersklep.pl,https://supersklep.pl,PL,PL,true,130444,true,"{""color"": ""czarny"", ""size"": ""44""}"
700053288881,"Buty Vans Authentic (black/black), 38.5","Vans, najbardziej rozpoznawalna marka butów do skateboardingu na całym świecie, od 66 lat dostarcza najwyższą jakość i komfort. Authentic to klasyczna sylwetka Vansa, łatwo rozpoznawalna po minimalistycznym stylu. Cholewka z płótna typu canvas, swoją elastycznością przypomina płótno malarskie gwarantując wysoką jakość i trwałość. Gruba wulkanizowana podeszwa środkowa i podeszwa z gumy wulkanizowanej z wzorem waflowym pozostaje niezmieniona, zapewniając niesamowitą przyczepność i amortyzację wstrząsów Materiał: tekstylny Okute otworki na sznurowadła Miękka, komfortowa wkładka wewnętrzna Z tyłu na podeszwie typowe dla klasycznych modeli Vansa uwypuklenie na sklejeniu gumy wraz z logo firmy tzw. ""gumka na gumkę"" Podeszwa: guma wulkanizowana o dużej przyczepności, w kultowej już formie wafla",https://supersklep.pl/i130444-buty-vans-authentic-black-black,Vans,supersklep (pl),https://static.supersklep.pl/1411091-buty-vans-authentic-black-black.jpg?t=google,in_stock,319.90 PLN,https://supersklep.pl,https://supersklep.pl,PL,PL,true,130444,true,"{""color"": ""czarny"", ""size"": ""38.5""}"
700053288874,"Buty Vans Authentic (black/black), 38","Vans, najbardziej rozpoznawalna marka butów do skateboardingu na całym świecie, od 66 lat dostarcza najwyższą jakość i komfort. Authentic to klasyczna sylwetka Vansa, łatwo rozpoznawalna po minimalistycznym stylu. Cholewka z płótna typu canvas, swoją elastycznością przypomina płótno malarskie gwarantując wysoką jakość i trwałość. Gruba wulkanizowana podeszwa środkowa i podeszwa z gumy wulkanizowanej z wzorem waflowym pozostaje niezmieniona, zapewniając niesamowitą przyczepność i amortyzację wstrząsów Materiał: tekstylny Okute otworki na sznurowadła Miękka, komfortowa wkładka wewnętrzna Z tyłu na podeszwie typowe dla klasycznych modeli Vansa uwypuklenie na sklejeniu gumy wraz z logo firmy tzw. ""gumka na gumkę"" Podeszwa: guma wulkanizowana o dużej przyczepności, w kultowej już formie wafla",https://supersklep.pl/i130444-buty-vans-authentic-black-black,Vans,supersklep (pl),https://static.supersklep.pl/1411091-buty-vans-authentic-black-black.jpg?t=google,in_stock,319.90 PLN,https://supersklep.pl,https://supersklep.pl,PL,PL,true,130444,true,"{""color"": ""czarny"", ""size"": ""38""}"
700053288959,"Buty Vans Authentic (black/black), 43","Vans, najbardziej rozpoznawalna marka butów do skateboardingu na całym świecie, od 66 lat dostarcza najwyższą jakość i komfort. Authentic to klasyczna sylwetka Vansa, łatwo rozpoznawalna po minimalistycznym stylu. Cholewka z płótna typu canvas, swoją elastycznością przypomina płótno malarskie gwarantując wysoką jakość i trwałość. Gruba wulkanizowana podeszwa środkowa i podeszwa z gumy wulkanizowanej z wzorem waflowym pozostaje niezmieniona, zapewniając niesamowitą przyczepność i amortyzację wstrząsów Materiał: tekstylny Okute otworki na sznurowadła Miękka, komfortowa wkładka wewnętrzna Z tyłu na podeszwie typowe dla klasycznych modeli Vansa uwypuklenie na sklejeniu gumy wraz z logo firmy tzw. ""gumka na gumkę"" Podeszwa: guma wulkanizowana o dużej przyczepności, w kultowej już formie wafla",https://supersklep.pl/i130444-buty-vans-authentic-black-black,Vans,supersklep (pl),https://static.supersklep.pl/1411091-buty-vans-authentic-black-black.jpg?t=google,in_stock,319.90 PLN,https://supersklep.pl,https://supersklep.pl,PL,PL,true,130444,true,"{""color"": ""czarny"", ""size"": ""43""}"
700053288973,"Buty Vans Authentic (black/black), 44.5","Vans, najbardziej rozpoznawalna marka butów do skateboardingu na całym świecie, od 66 lat dostarcza najwyższą jakość i komfort. Authentic to klasyczna sylwetka Vansa, łatwo rozpoznawalna po minimalistycznym stylu. Cholewka z płótna typu canvas, swoją elastycznością przypomina płótno malarskie gwarantując wysoką jakość i trwałość. Gruba wulkanizowana podeszwa środkowa i podeszwa z gumy wulkanizowanej z wzorem waflowym pozostaje niezmieniona, zapewniając niesamowitą przyczepność i amortyzację wstrząsów Materiał: tekstylny Okute otworki na sznurowadła Miękka, komfortowa wkładka wewnętrzna Z tyłu na podeszwie typowe dla klasycznych modeli Vansa uwypuklenie na sklejeniu gumy wraz z logo firmy tzw. ""gumka na gumkę"" Podeszwa: guma wulkanizowana o dużej przyczepności, w kultowej już formie wafla",https://supersklep.pl/i130444-buty-vans-authentic-black-black,Vans,supersklep (pl),https://static.supersklep.pl/1411091-buty-vans-authentic-black-black.jpg?t=google,in_stock,319.90 PLN,https://supersklep.pl,https://supersklep.pl,PL,PL,true,130444,true,"{""color"": ""czarny"", ""size"": ""44.5""}"
700053288942,"Buty Vans Authentic (black/black), 42.5","Vans, najbardziej rozpoznawalna marka butów do skateboardingu na całym świecie, od 66 lat dostarcza najwyższą jakość i komfort. Authentic to klasyczna sylwetka Vansa, łatwo rozpoznawalna po minimalistycznym stylu. Cholewka z płótna typu canvas, swoją elastycznością przypomina płótno malarskie gwarantując wysoką jakość i trwałość. Gruba wulkanizowana podeszwa środkowa i podeszwa z gumy wulkanizowanej z wzorem waflowym pozostaje niezmieniona, zapewniając niesamowitą przyczepność i amortyzację wstrząsów Materiał: tekstylny Okute otworki na sznurowadła Miękka, komfortowa wkładka wewnętrzna Z tyłu na podeszwie typowe dla klasycznych modeli Vansa uwypuklenie na sklejeniu gumy wraz z logo firmy tzw. ""gumka na gumkę"" Podeszwa: guma wulkanizowana o dużej przyczepności, w kultowej już formie wafla",https://supersklep.pl/i130444-buty-vans-authentic-black-black,Vans,supersklep (pl),https://static.supersklep.pl/1411091-buty-vans-authentic-black-black.jpg?t=google,in_stock,319.90 PLN,https://supersklep.pl,https://supersklep.pl,PL,PL,true,130444,true,"{""color"": ""czarny"", ""size"": ""42.5""}"
700053289109,"Buty Vans Authentic (navy), 40.5","Vans, najbardziej rozpoznawalna marka butów do skateboardingu na całym świecie, od 66 lat dostarcza najwyższą jakość i komfort. Authentic to klasyczna sylwetka Vansa, łatwo rozpoznawalna po minimalistycznym stylu. Cholewka z płótna typu canvas, swoją elastycznością przypomina płótno malarskie gwarantując wysoką jakość i trwałość. Gruba wulkanizowana podeszwa środkowa i podeszwa z gumy wulkanizowanej z wzorem waflowym pozostaje niezmieniona, zapewniając niesamowitą przyczepność i amortyzację wstrząsów Materiał: tekstylny Okute otworki na sznurowadła Miękka, komfortowa wkładka wewnętrzna Z tyłu na podeszwie typowe dla klasycznych modeli Vansa uwypuklenie na sklejeniu gumy wraz z logo firmy tzw. ""gumka na gumkę"" Podeszwa: guma wulkanizowana o dużej przyczepności, w kultowej już formie wafla",https://supersklep.pl/i131046-buty-vans-authentic-navy,Vans,supersklep (pl),https://static.supersklep.pl/1032238-buty-vans-authentic-navy.jpg?t=google,in_stock,319.90 PLN,https://supersklep.pl,https://supersklep.pl,PL,PL,true,131046,true,"{""color"": ""niebieski"", ""size"": ""40.5""}"
700053289079,"Buty Vans Authentic (navy), 38.5","Vans, najbardziej rozpoznawalna marka butów do skateboardingu na całym świecie, od 66 lat dostarcza najwyższą jakość i komfort. Authentic to klasyczna sylwetka Vansa, łatwo rozpoznawalna po minimalistycznym stylu. Cholewka z płótna typu canvas, swoją elastycznością przypomina płótno malarskie gwarantując wysoką jakość i trwałość. Gruba wulkanizowana podeszwa środkowa i podeszwa z gumy wulkanizowanej z wzorem waflowym pozostaje niezmieniona, zapewniając niesamowitą przyczepność i amortyzację wstrząsów Materiał: tekstylny Okute otworki na sznurowadła Miękka, komfortowa wkładka wewnętrzna Z tyłu na podeszwie typowe dla klasycznych modeli Vansa uwypuklenie na sklejeniu gumy wraz z logo firmy tzw. ""gumka na gumkę"" Podeszwa: guma wulkanizowana o dużej przyczepności, w kultowej już formie wafla",https://supersklep.pl/i131046-buty-vans-authentic-navy,Vans,supersklep (pl),https://static.supersklep.pl/1032238-buty-vans-authentic-navy.jpg?t=google,in_stock,319.90 PLN,https://supersklep.pl,https://supersklep.pl,PL,PL,true,131046,true,"{""color"": ""niebieski"", ""size"": ""38.5""}"
700053289062,"Buty Vans Authentic (navy), 38","Vans, najbardziej rozpoznawalna marka butów do skateboardingu na całym świecie, od 66 lat dostarcza najwyższą jakość i komfort. Authentic to klasyczna sylwetka Vansa, łatwo rozpoznawalna po minimalistycznym stylu. Cholewka z płótna typu canvas, swoją elastycznością przypomina płótno malarskie gwarantując wysoką jakość i trwałość. Gruba wulkanizowana podeszwa środkowa i podeszwa z gumy wulkanizowanej z wzorem waflowym pozostaje niezmieniona, zapewniając niesamowitą przyczepność i amortyzację wstrząsów Materiał: tekstylny Okute otworki na sznurowadła Miękka, komfortowa wkładka wewnętrzna Z tyłu na podeszwie typowe dla klasycznych modeli Vansa uwypuklenie na sklejeniu gumy wraz z logo firmy tzw. ""gumka na gumkę"" Podeszwa: guma wulkanizowana o dużej przyczepności, w kultowej już formie wafla",https://supersklep.pl/i131046-buty-vans-authentic-navy,Vans,supersklep (pl),https://static.supersklep.pl/1032238-buty-vans-authentic-navy.jpg?t=google,in_stock,319.90 PLN,https://supersklep.pl,https://supersklep.pl,PL,PL,true,131046,true,"{""color"": ""niebieski"", ""size"": ""38""}"
700053289055,"Buty Vans Authentic (navy), 37","Vans, najbardziej rozpoznawalna marka butów do skateboardingu na całym świecie, od 66 lat dostarcza najwyższą jakość i komfort. Authentic to klasyczna sylwetka Vansa, łatwo rozpoznawalna po minimalistycznym stylu. Cholewka z płótna typu canvas, swoją elastycznością przypomina płótno malarskie gwarantując wysoką jakość i trwałość. Gruba wulkanizowana podeszwa środkowa i podeszwa z gumy wulkanizowanej z wzorem waflowym pozostaje niezmieniona, zapewniając niesamowitą przyczepność i amortyzację wstrząsów Materiał: tekstylny Okute otworki na sznurowadła Miękka, komfortowa wkładka wewnętrzna Z tyłu na podeszwie typowe dla klasycznych modeli Vansa uwypuklenie na sklejeniu gumy wraz z logo firmy tzw. ""gumka na gumkę"" Podeszwa: guma wulkanizowana o dużej przyczepności, w kultowej już formie wafla",https://supersklep.pl/i131046-buty-vans-authentic-navy,Vans,supersklep (pl),https://static.supersklep.pl/1032238-buty-vans-authentic-navy.jpg?t=google,in_stock,319.90 PLN,https://supersklep.pl,https://supersklep.pl,PL,PL,true,131046,true,"{""color"": ""niebieski"", ""size"": ""37""}"
700053288737,"Buty Vans Authentic (red), 41","Vans, najbardziej rozpoznawalna marka butów do skateboardingu na całym świecie, od 66 lat dostarcza najwyższą jakość i komfort. Authentic to klasyczna sylwetka Vansa, łatwo rozpoznawalna po minimalistycznym stylu. Cholewka z płótna typu canvas, swoją elastycznością przypomina płótno malarskie gwarantując wysoką jakość i trwałość. Gruba wulkanizowana podeszwa środkowa i podeszwa z gumy wulkanizowanej z wzorem waflowym pozostaje niezmieniona, zapewniając niesamowitą przyczepność i amortyzację wstrząsów Materiał: tekstylny Okute otworki na sznurowadła Miękka, komfortowa wkładka wewnętrzna Z tyłu na podeszwie typowe dla klasycznych modeli Vansa uwypuklenie na sklejeniu gumy wraz z logo firmy tzw. ""gumka na gumkę"" Podeszwa: guma wulkanizowana o dużej przyczepności, w kultowej już formie wafla",https://supersklep.pl/i131047-buty-vans-authentic-red,Vans,supersklep (pl),https://static.supersklep.pl/1410927-buty-vans-authentic-red.jpg?t=google,in_stock,319.90 PLN,https://supersklep.pl,https://supersklep.pl,PL,PL,true,131047,true,"{""color"": ""czerwony"", ""size"": ""41""}"
700053288690,"Buty Vans Authentic (red), 38.5","Vans, najbardziej rozpoznawalna marka butów do skateboardingu na całym świecie, od 66 lat dostarcza najwyższą jakość i komfort. Authentic to klasyczna sylwetka Vansa, łatwo rozpoznawalna po minimalistycznym stylu. Cholewka z płótna typu canvas, swoją elastycznością przypomina płótno malarskie gwarantując wysoką jakość i trwałość. Gruba wulkanizowana podeszwa środkowa i podeszwa z gumy wulkanizowanej z wzorem waflowym pozostaje niezmieniona, zapewniając niesamowitą przyczepność i amortyzację wstrząsów Materiał: tekstylny Okute otworki na sznurowadła Miękka, komfortowa wkładka wewnętrzna Z tyłu na podeszwie typowe dla klasycznych modeli Vansa uwypuklenie na sklejeniu gumy wraz z logo firmy tzw. ""gumka na gumkę"" Podeszwa: guma wulkanizowana o dużej przyczepności, w kultowej już formie wafla",https://supersklep.pl/i131047-buty-vans-authentic-red,Vans,supersklep (pl),https://static.supersklep.pl/1410927-buty-vans-authentic-red.jpg?t=google,in_stock,319.90 PLN,https://supersklep.pl,https://supersklep.pl,PL,PL,true,131047,true,"{""color"": ""czerwony"", ""size"": ""38.5""}"
700053288744,"Buty Vans Authentic (red), 42","Vans, najbardziej rozpoznawalna marka butów do skateboardingu na całym świecie, od 66 lat dostarcza najwyższą jakość i komfort. Authentic to klasyczna sylwetka Vansa, łatwo rozpoznawalna po minimalistycznym stylu. Cholewka z płótna typu canvas, swoją elastycznością przypomina płótno malarskie gwarantując wysoką jakość i trwałość. Gruba wulkanizowana podeszwa środkowa i podeszwa z gumy wulkanizowanej z wzorem waflowym pozostaje niezmieniona, zapewniając niesamowitą przyczepność i amortyzację wstrząsów Materiał: tekstylny Okute otworki na sznurowadła Miękka, komfortowa wkładka wewnętrzna Z tyłu na podeszwie typowe dla klasycznych modeli Vansa uwypuklenie na sklejeniu gumy wraz z logo firmy tzw. ""gumka na gumkę"" Podeszwa: guma wulkanizowana o dużej przyczepności, w kultowej już formie wafla",https://supersklep.pl/i131047-buty-vans-authentic-red,Vans,supersklep (pl),https://static.supersklep.pl/1410927-buty-vans-authentic-red.jpg?t=google,in_stock,319.90 PLN,https://supersklep.pl,https://supersklep.pl,PL,PL,true,131047,true,"{""color"": ""czerwony"", ""size"": ""42""}"
700053288751,"Buty Vans Authentic (red), 42.5","Vans, najbardziej rozpoznawalna marka butów do skateboardingu na całym świecie, od 66 lat dostarcza najwyższą jakość i komfort. Authentic to klasyczna sylwetka Vansa, łatwo rozpoznawalna po minimalistycznym stylu. Cholewka z płótna typu canvas, swoją elastycznością przypomina płótno malarskie gwarantując wysoką jakość i trwałość. Gruba wulkanizowana podeszwa środkowa i podeszwa z gumy wulkanizowanej z wzorem waflowym pozostaje niezmieniona, zapewniając niesamowitą przyczepność i amortyzację wstrząsów Materiał: tekstylny Okute otworki na sznurowadła Miękka, komfortowa wkładka wewnętrzna Z tyłu na podeszwie typowe dla klasycznych modeli Vansa uwypuklenie na sklejeniu gumy wraz z logo firmy tzw. ""gumka na gumkę"" Podeszwa: guma wulkanizowana o dużej przyczepności, w kultowej już formie wafla",https://supersklep.pl/i131047-buty-vans-authentic-red,Vans,supersklep (pl),https://static.supersklep.pl/1410927-buty-vans-authentic-red.jpg?t=google,in_stock,319.90 PLN,https://supersklep.pl,https://supersklep.pl,PL,PL,true,131047,true,"{""color"": ""czerwony"", ""size"": ""42.5""}"
700053288799,"Buty Vans Authentic (red), 45","Vans, najbardziej rozpoznawalna marka butów do skateboardingu na całym świecie, od 66 lat dostarcza najwyższą jakość i komfort. Authentic to klasyczna sylwetka Vansa, łatwo rozpoznawalna po minimalistycznym stylu. Cholewka z płótna typu canvas, swoją elastycznością przypomina płótno malarskie gwarantując wysoką jakość i trwałość. Gruba wulkanizowana podeszwa środkowa i podeszwa z gumy wulkanizowanej z wzorem waflowym pozostaje niezmieniona, zapewniając niesamowitą przyczepność i amortyzację wstrząsów Materiał: tekstylny Okute otworki na sznurowadła Miękka, komfortowa wkładka wewnętrzna Z tyłu na podeszwie typowe dla klasycznych modeli Vansa uwypuklenie na sklejeniu gumy wraz z logo firmy tzw. ""gumka na gumkę"" Podeszwa: guma wulkanizowana o dużej przyczepności, w kultowej już formie wafla",https://supersklep.pl/i131047-buty-vans-authentic-red,Vans,supersklep (pl),https://static.supersklep.pl/1410927-buty-vans-authentic-red.jpg?t=google,in_stock,319.90 PLN,https://supersklep.pl,https://supersklep.pl,PL,PL,true,131047,true,"{""color"": ""czerwony"", ""size"": ""45""}"
700053288720,"Buty Vans Authentic (red), 40.5","Vans, najbardziej rozpoznawalna marka butów do skateboardingu na całym świecie, od 66 lat dostarcza najwyższą jakość i komfort. Authentic to klasyczna sylwetka Vansa, łatwo rozpoznawalna po minimalistycznym stylu. Cholewka z płótna typu canvas, swoją elastycznością przypomina płótno malarskie gwarantując wysoką jakość i trwałość. Gruba wulkanizowana podeszwa środkowa i podeszwa z gumy wulkanizowanej z wzorem waflowym pozostaje niezmieniona, zapewniając niesamowitą przyczepność i amortyzację wstrząsów Materiał: tekstylny Okute otworki na sznurowadła Miękka, komfortowa wkładka wewnętrzna Z tyłu na podeszwie typowe dla klasycznych modeli Vansa uwypuklenie na sklejeniu gumy wraz z logo firmy tzw. ""gumka na gumkę"" Podeszwa: guma wulkanizowana o dużej przyczepności, w kultowej już formie wafla",https://supersklep.pl/i131047-buty-vans-authentic-red,Vans,supersklep (pl),https://static.supersklep.pl/1410927-buty-vans-authentic-red.jpg?t=google,in_stock,319.90 PLN,https://supersklep.pl,https://supersklep.pl,PL,PL,true,131047,true,"{""color"": ""czerwony"", ""size"": ""40.5""}"
700053288713,"Buty Vans Authentic (red), 40","Vans, najbardziej rozpoznawalna marka butów do skateboardingu na całym świecie, od 66 lat dostarcza najwyższą jakość i komfort. Authentic to klasyczna sylwetka Vansa, łatwo rozpoznawalna po minimalistycznym stylu. Cholewka z płótna typu canvas, swoją elastycznością przypomina płótno malarskie gwarantując wysoką jakość i trwałość. Gruba wulkanizowana podeszwa środkowa i podeszwa z gumy wulkanizowanej z wzorem waflowym pozostaje niezmieniona, zapewniając niesamowitą przyczepność i amortyzację wstrząsów Materiał: tekstylny Okute otworki na sznurowadła Miękka, komfortowa wkładka wewnętrzna Z tyłu na podeszwie typowe dla klasycznych modeli Vansa uwypuklenie na sklejeniu gumy wraz z logo firmy tzw. ""gumka na gumkę"" Podeszwa: guma wulkanizowana o dużej przyczepności, w kultowej już formie wafla",https://supersklep.pl/i131047-buty-vans-authentic-red,Vans,supersklep (pl),https://static.supersklep.pl/1410927-buty-vans-authentic-red.jpg?t=google,in_stock,319.90 PLN,https://supersklep.pl,https://supersklep.pl,PL,PL,true,131047,true,"{""color"": ""czerwony"", ""size"": ""40""}"
700053288805,"Buty Vans Authentic (red), 46","Vans, najbardziej rozpoznawalna marka butów do skateboardingu na całym świecie, od 66 lat dostarcza najwyższą jakość i komfort. Authentic to klasyczna sylwetka Vansa, łatwo rozpoznawalna po minimalistycznym stylu. Cholewka z płótna typu canvas, swoją elastycznością przypomina płótno malarskie gwarantując wysoką jakość i trwałość. Gruba wulkanizowana podeszwa środkowa i podeszwa z gumy wulkanizowanej z wzorem waflowym pozostaje niezmieniona, zapewniając niesamowitą przyczepność i amortyzację wstrząsów Materiał: tekstylny Okute otworki na sznurowadła Miękka, komfortowa wkładka wewnętrzna Z tyłu na podeszwie typowe dla klasycznych modeli Vansa uwypuklenie na sklejeniu gumy wraz z logo firmy tzw. ""gumka na gumkę"" Podeszwa: guma wulkanizowana o dużej przyczepności, w kultowej już formie wafla",https://supersklep.pl/i131047-buty-vans-authentic-red,Vans,supersklep (pl),https://static.supersklep.pl/1410927-buty-vans-authentic-red.jpg?t=google,in_stock,319.90 PLN,https://supersklep.pl,https://supersklep.pl,PL,PL,true,131047,true,"{""color"": ""czerwony"", ""size"": ""46""}"
700053288706,"Buty Vans Authentic (red), 39","Vans, najbardziej rozpoznawalna marka butów do skateboardingu na całym świecie, od 66 lat dostarcza najwyższą jakość i komfort. Authentic to klasyczna sylwetka Vansa, łatwo rozpoznawalna po minimalistycznym stylu. Cholewka z płótna typu canvas, swoją elastycznością przypomina płótno malarskie gwarantując wysoką jakość i trwałość. Gruba wulkanizowana podeszwa środkowa i podeszwa z gumy wulkanizowanej z wzorem waflowym pozostaje niezmieniona, zapewniając niesamowitą przyczepność i amortyzację wstrząsów Materiał: tekstylny Okute otworki na sznurowadła Miękka, komfortowa wkładka wewnętrzna Z tyłu na podeszwie typowe dla klasycznych modeli Vansa uwypuklenie na sklejeniu gumy wraz z logo firmy tzw. ""gumka na gumkę"" Podeszwa: guma wulkanizowana o dużej przyczepności, w kultowej już formie wafla",https://supersklep.pl/i131047-buty-vans-authentic-red,Vans,supersklep (pl),https://static.supersklep.pl/1410927-buty-vans-authentic-red.jpg?t=google,in_stock,319.90 PLN,https://supersklep.pl,https://supersklep.pl,PL,PL,true,131047,true,"{""color"": ""czerwony"", ""size"": ""39""}"
700053287969,"Buty Vans Authentic (black), 37","Vans, najbardziej rozpoznawalna marka butów do skateboardingu na całym świecie, od 66 lat dostarcza najwyższą jakość i komfort. Authentic to klasyczna sylwetka Vansa, łatwo rozpoznawalna po minimalistycznym stylu. Cholewka z płótna typu canvas, swoją elastycznością przypomina płótno malarskie gwarantując wysoką jakość i trwałość. Gruba wulkanizowana podeszwa środkowa i podeszwa z gumy wulkanizowanej z wzorem waflowym pozostaje niezmieniona, zapewniając niesamowitą przyczepność i amortyzację wstrząsów Materiał: tekstylny Okute otworki na sznurowadła Miękka, komfortowa wkładka wewnętrzna Z tyłu na podeszwie typowe dla klasycznych modeli Vansa uwypuklenie na sklejeniu gumy wraz z logo firmy tzw. ""gumka na gumkę"" Podeszwa: guma wulkanizowana o dużej przyczepności, w kultowej już formie wafla",https://supersklep.pl/i131417-buty-vans-authentic-black,Vans,supersklep (pl),https://static.supersklep.pl/1410747-buty-vans-authentic-black.jpg?t=google,in_stock,319.90 PLN,https://supersklep.pl,https://supersklep.pl,PL,PL,true,131417,true,"{""color"": ""czarny"", ""size"": ""37""}"
700053287945,"Buty Vans Authentic (black), 36","Vans, najbardziej rozpoznawalna marka butów do skateboardingu na całym świecie, od 66 lat dostarcza najwyższą jakość i komfort. Authentic to klasyczna sylwetka Vansa, łatwo rozpoznawalna po minimalistycznym stylu. Cholewka z płótna typu canvas, swoją elastycznością przypomina płótno malarskie gwarantując wysoką jakość i trwałość. Gruba wulkanizowana podeszwa środkowa i podeszwa z gumy wulkanizowanej z wzorem waflowym pozostaje niezmieniona, zapewniając niesamowitą przyczepność i amortyzację wstrząsów Materiał: tekstylny Okute otworki na sznurowadła Miękka, komfortowa wkładka wewnętrzna Z tyłu na podeszwie typowe dla klasycznych modeli Vansa uwypuklenie na sklejeniu gumy wraz z logo firmy tzw. ""gumka na gumkę"" Podeszwa: guma wulkanizowana o dużej przyczepności, w kultowej już formie wafla",https://supersklep.pl/i131417-buty-vans-authentic-black,Vans,supersklep (pl),https://static.supersklep.pl/1410747-buty-vans-authentic-black.jpg?t=google,in_stock,319.90 PLN,https://supersklep.pl,https://supersklep.pl,PL,PL,true,131417,true,"{""color"": ""czarny"", ""size"": ""36""}"
700053288539,"Buty Vans Authentic (black), 40.5","Vans, najbardziej rozpoznawalna marka butów do skateboardingu na całym świecie, od 66 lat dostarcza najwyższą jakość i komfort. Authentic to klasyczna sylwetka Vansa, łatwo rozpoznawalna po minimalistycznym stylu. Cholewka z płótna typu canvas, swoją elastycznością przypomina płótno malarskie gwarantując wysoką jakość i trwałość. Gruba wulkanizowana podeszwa środkowa i podeszwa z gumy wulkanizowanej z wzorem waflowym pozostaje niezmieniona, zapewniając niesamowitą przyczepność i amortyzację wstrząsów Materiał: tekstylny Okute otworki na sznurowadła Miękka, komfortowa wkładka wewnętrzna Z tyłu na podeszwie typowe dla klasycznych modeli Vansa uwypuklenie na sklejeniu gumy wraz z logo firmy tzw. ""gumka na gumkę"" Podeszwa: guma wulkanizowana o dużej przyczepności, w kultowej już formie wafla",https://supersklep.pl/i131417-buty-vans-authentic-black,Vans,supersklep (pl),https://static.supersklep.pl/1410747-buty-vans-authentic-black.jpg?t=google,in_stock,319.90 PLN,https://supersklep.pl,https://supersklep.pl,PL,PL,true,131417,true,"{""color"": ""czarny"", ""size"": ""40.5""}"
700053288515,"Buty Vans Authentic (black), 39","Vans, najbardziej rozpoznawalna marka butów do skateboardingu na całym świecie, od 66 lat dostarcza najwyższą jakość i komfort. Authentic to klasyczna sylwetka Vansa, łatwo rozpoznawalna po minimalistycznym stylu. Cholewka z płótna typu canvas, swoją elastycznością przypomina płótno malarskie gwarantując wysoką jakość i trwałość. Gruba wulkanizowana podeszwa środkowa i podeszwa z gumy wulkanizowanej z wzorem waflowym pozostaje niezmieniona, zapewniając niesamowitą przyczepność i amortyzację wstrząsów Materiał: tekstylny Okute otworki na sznurowadła Miękka, komfortowa wkładka wewnętrzna Z tyłu na podeszwie typowe dla klasycznych modeli Vansa uwypuklenie na sklejeniu gumy wraz z logo firmy tzw. ""gumka na gumkę"" Podeszwa: guma wulkanizowana o dużej przyczepności, w kultowej już formie wafla",https://supersklep.pl/i131417-buty-vans-authentic-black,Vans,supersklep (pl),https://static.supersklep.pl/1410747-buty-vans-authentic-black.jpg?t=google,in_stock,319.90 PLN,https://supersklep.pl,https://supersklep.pl,PL,PL,true,131417,true,"{""color"": ""czarny"", ""size"": ""39""}"
700053288607,"Buty Vans Authentic (black), 45","Vans, najbardziej rozpoznawalna marka butów do skateboardingu na całym świecie, od 66 lat dostarcza najwyższą jakość i komfort. Authentic to klasyczna sylwetka Vansa, łatwo rozpoznawalna po minimalistycznym stylu. Cholewka z płótna typu canvas, swoją elastycznością przypomina płótno malarskie gwarantując wysoką jakość i trwałość. Gruba wulkanizowana podeszwa środkowa i podeszwa z gumy wulkanizowanej z wzorem waflowym pozostaje niezmieniona, zapewniając niesamowitą przyczepność i amortyzację wstrząsów Materiał: tekstylny Okute otworki na sznurowadła Miękka, komfortowa wkładka wewnętrzna Z tyłu na podeszwie typowe dla klasycznych modeli Vansa uwypuklenie na sklejeniu gumy wraz z logo firmy tzw. ""gumka na gumkę"" Podeszwa: guma wulkanizowana o dużej przyczepności, w kultowej już formie wafla",https://supersklep.pl/i131417-buty-vans-authentic-black,Vans,supersklep (pl),https://static.supersklep.pl/1410747-buty-vans-authentic-black.jpg?t=google,in_stock,319.90 PLN,https://supersklep.pl,https://supersklep.pl,PL,PL,true,131417,true,"{""color"": ""czarny"", ""size"": ""45""}"
700053288591,"Buty Vans Authentic (black), 44.5","Vans, najbardziej rozpoznawalna marka butów do skateboardingu na całym świecie, od 66 lat dostarcza najwyższą jakość i komfort. Authentic to klasyczna sylwetka Vansa, łatwo rozpoznawalna po minimalistycznym stylu. Cholewka z płótna typu canvas, swoją elastycznością przypomina płótno malarskie gwarantując wysoką jakość i trwałość. Gruba wulkanizowana podeszwa środkowa i podeszwa z gumy wulkanizowanej z wzorem waflowym pozostaje niezmieniona, zapewniając niesamowitą przyczepność i amortyzację wstrząsów Materiał: tekstylny Okute otworki na sznurowadła Miękka, komfortowa wkładka wewnętrzna Z tyłu na podeszwie typowe dla klasycznych modeli Vansa uwypuklenie na sklejeniu gumy wraz z logo firmy tzw. ""gumka na gumkę"" Podeszwa: guma wulkanizowana o dużej przyczepności, w kultowej już formie wafla",https://supersklep.pl/i131417-buty-vans-authentic-black,Vans,supersklep (pl),https://static.supersklep.pl/1410747-buty-vans-authentic-black.jpg?t=google,in_stock,319.90 PLN,https://supersklep.pl,https://supersklep.pl,PL,PL,true,131417,true,"{""color"": ""czarny"", ""size"": ""44.5""}"
700053288621,"Buty Vans Authentic (black), 47","Vans, najbardziej rozpoznawalna marka butów do skateboardingu na całym świecie, od 66 lat dostarcza najwyższą jakość i komfort. Authentic to klasyczna sylwetka Vansa, łatwo rozpoznawalna po minimalistycznym stylu. Cholewka z płótna typu canvas, swoją elastycznością przypomina płótno malarskie gwarantując wysoką jakość i trwałość. Gruba wulkanizowana podeszwa środkowa i podeszwa z gumy wulkanizowanej z wzorem waflowym pozostaje niezmieniona, zapewniając niesamowitą przyczepność i amortyzację wstrząsów Materiał: tekstylny Okute otworki na sznurowadła Miękka, komfortowa wkładka wewnętrzna Z tyłu na podeszwie typowe dla klasycznych modeli Vansa uwypuklenie na sklejeniu gumy wraz z logo firmy tzw. ""gumka na gumkę"" Podeszwa: guma wulkanizowana o dużej przyczepności, w kultowej już formie wafla",https://supersklep.pl/i131417-buty-vans-authentic-black,Vans,supersklep (pl),https://static.supersklep.pl/1410747-buty-vans-authentic-black.jpg?t=google,in_stock,319.90 PLN,https://supersklep.pl,https://supersklep.pl,PL,PL,true,131417,true,"{""color"": ""czarny"", ""size"": ""47""}"
700053288584,"Buty Vans Authentic (black), 44","Vans, najbardziej rozpoznawalna marka butów do skateboardingu na całym świecie, od 66 lat dostarcza najwyższą jakość i komfort. Authentic to klasyczna sylwetka Vansa, łatwo rozpoznawalna po minimalistycznym stylu. Cholewka z płótna typu canvas, swoją elastycznością przypomina płótno malarskie gwarantując wysoką jakość i trwałość. Gruba wulkanizowana podeszwa środkowa i podeszwa z gumy wulkanizowanej z wzorem waflowym pozostaje niezmieniona, zapewniając niesamowitą przyczepność i amortyzację wstrząsów Materiał: tekstylny Okute otworki na sznurowadła Miękka, komfortowa wkładka wewnętrzna Z tyłu na podeszwie typowe dla klasycznych modeli Vansa uwypuklenie na sklejeniu gumy wraz z logo firmy tzw. ""gumka na gumkę"" Podeszwa: guma wulkanizowana o dużej przyczepności, w kultowej już formie wafla",https://supersklep.pl/i131417-buty-vans-authentic-black,Vans,supersklep (pl),https://static.supersklep.pl/1410747-buty-vans-authentic-black.jpg?t=google,in_stock,319.90 PLN,https://supersklep.pl,https://supersklep.pl,PL,PL,true,131417,true,"{""color"": ""czarny"", ""size"": ""44""}"
700053288577,"Buty Vans Authentic (black), 43","Vans, najbardziej rozpoznawalna marka butów do skateboardingu na całym świecie, od 66 lat dostarcza najwyższą jakość i komfort. Authentic to klasyczna sylwetka Vansa, łatwo rozpoznawalna po minimalistycznym stylu. Cholewka z płótna typu canvas, swoją elastycznością przypomina płótno malarskie gwarantując wysoką jakość i trwałość. Gruba wulkanizowana podeszwa środkowa i podeszwa z gumy wulkanizowanej z wzorem waflowym pozostaje niezmieniona, zapewniając niesamowitą przyczepność i amortyzację wstrząsów Materiał: tekstylny Okute otworki na sznurowadła Miękka, komfortowa wkładka wewnętrzna Z tyłu na podeszwie typowe dla klasycznych modeli Vansa uwypuklenie na sklejeniu gumy wraz z logo firmy tzw. ""gumka na gumkę"" Podeszwa: guma wulkanizowana o dużej przyczepności, w kultowej już formie wafla",https://supersklep.pl/i131417-buty-vans-authentic-black,Vans,supersklep (pl),https://static.supersklep.pl/1410747-buty-vans-authentic-black.jpg?t=google,in_stock,319.90 PLN,https://supersklep.pl,https://supersklep.pl,PL,PL,true,131417,true,"{""color"": ""czarny"", ""size"": ""43""}"
700053287976,"Buty Vans Authentic (black), 38","Vans, najbardziej rozpoznawalna marka butów do skateboardingu na całym świecie, od 66 lat dostarcza najwyższą jakość i komfort. Authentic to klasyczna sylwetka Vansa, łatwo rozpoznawalna po minimalistycznym stylu. Cholewka z płótna typu canvas, swoją elastycznością przypomina płótno malarskie gwarantując wysoką jakość i trwałość. Gruba wulkanizowana podeszwa środkowa i podeszwa z gumy wulkanizowanej z wzorem waflowym pozostaje niezmieniona, zapewniając niesamowitą przyczepność i amortyzację wstrząsów Materiał: tekstylny Okute otworki na sznurowadła Miękka, komfortowa wkładka wewnętrzna Z tyłu na podeszwie typowe dla klasycznych modeli Vansa uwypuklenie na sklejeniu gumy wraz z logo firmy tzw. ""gumka na gumkę"" Podeszwa: guma wulkanizowana o dużej przyczepności, w kultowej już formie wafla",https://supersklep.pl/i131417-buty-vans-authentic-black,Vans,supersklep (pl),https://static.supersklep.pl/1410747-buty-vans-authentic-black.jpg?t=google,in_stock,319.90 PLN,https://supersklep.pl,https://supersklep.pl,PL,PL,true,131417,true,"{""color"": ""czarny"", ""size"": ""38""}"
700053288522,"Buty Vans Authentic (black), 40","Vans, najbardziej rozpoznawalna marka butów do skateboardingu na całym świecie, od 66 lat dostarcza najwyższą jakość i komfort. Authentic to klasyczna sylwetka Vansa, łatwo rozpoznawalna po minimalistycznym stylu. Cholewka z płótna typu canvas, swoją elastycznością przypomina płótno malarskie gwarantując wysoką jakość i trwałość. Gruba wulkanizowana podeszwa środkowa i podeszwa z gumy wulkanizowanej z wzorem waflowym pozostaje niezmieniona, zapewniając niesamowitą przyczepność i amortyzację wstrząsów Materiał: tekstylny Okute otworki na sznurowadła Miękka, komfortowa wkładka wewnętrzna Z tyłu na podeszwie typowe dla klasycznych modeli Vansa uwypuklenie na sklejeniu gumy wraz z logo firmy tzw. ""gumka na gumkę"" Podeszwa: guma wulkanizowana o dużej przyczepności, w kultowej już formie wafla",https://supersklep.pl/i131417-buty-vans-authentic-black,Vans,supersklep (pl),https://static.supersklep.pl/1410747-buty-vans-authentic-black.jpg?t=google,in_stock,319.90 PLN,https://supersklep.pl,https://supersklep.pl,PL,PL,true,131417,true,"{""color"": ""czarny"", ""size"": ""40""}"
700053288553,"Buty Vans Authentic (black), 42","Vans, najbardziej rozpoznawalna marka butów do skateboardingu na całym świecie, od 66 lat dostarcza najwyższą jakość i komfort. Authentic to klasyczna sylwetka Vansa, łatwo rozpoznawalna po minimalistycznym stylu. Cholewka z płótna typu canvas, swoją elastycznością przypomina płótno malarskie gwarantując wysoką jakość i trwałość. Gruba wulkanizowana podeszwa środkowa i podeszwa z gumy wulkanizowanej z wzorem waflowym pozostaje niezmieniona, zapewniając niesamowitą przyczepność i amortyzację wstrząsów Materiał: tekstylny Okute otworki na sznurowadła Miękka, komfortowa wkładka wewnętrzna Z tyłu na podeszwie typowe dla klasycznych modeli Vansa uwypuklenie na sklejeniu gumy wraz z logo firmy tzw. ""gumka na gumkę"" Podeszwa: guma wulkanizowana o dużej przyczepności, w kultowej już formie wafla",https://supersklep.pl/i131417-buty-vans-authentic-black,Vans,supersklep (pl),https://static.supersklep.pl/1410747-buty-vans-authentic-black.jpg?t=google,in_stock,319.90 PLN,https://supersklep.pl,https://supersklep.pl,PL,PL,true,131417,true,"{""color"": ""czarny"", ""size"": ""42""}"
700053288560,"Buty Vans Authentic (black), 42.5","Vans, najbardziej rozpoznawalna marka butów do skateboardingu na całym świecie, od 66 lat dostarcza najwyższą jakość i komfort. Authentic to klasyczna sylwetka Vansa, łatwo rozpoznawalna po minimalistycznym stylu. Cholewka z płótna typu canvas, swoją elastycznością przypomina płótno malarskie gwarantując wysoką jakość i trwałość. Gruba wulkanizowana podeszwa środkowa i podeszwa z gumy wulkanizowanej z wzorem waflowym pozostaje niezmieniona, zapewniając niesamowitą przyczepność i amortyzację wstrząsów Materiał: tekstylny Okute otworki na sznurowadła Miękka, komfortowa wkładka wewnętrzna Z tyłu na podeszwie typowe dla klasycznych modeli Vansa uwypuklenie na sklejeniu gumy wraz z logo firmy tzw. ""gumka na gumkę"" Podeszwa: guma wulkanizowana o dużej przyczepności, w kultowej już formie wafla",https://supersklep.pl/i131417-buty-vans-authentic-black,Vans,supersklep (pl),https://static.supersklep.pl/1410747-buty-vans-authentic-black.jpg?t=google,in_stock,319.90 PLN,https://supersklep.pl,https://supersklep.pl,PL,PL,true,131417,true,"{""color"": ""czarny"", ""size"": ""42.5""}"
700053333796,"Buty Vans Classic Slip On (black), 36.5","Klasyczna estetyka łączy się z całkowicie nową stylistyką w kultowych butach wsuwanych, Vans Slip-On. Nasze ulubione niskoprofilowe buty na deskę lub na plażę, Vans Slip-On wyposażone są w elastyczne pasy boczne i wyściełany kołnierz dla dodatkowego komfortu, a także gumowe podeszwy z bieżnikiem w kultowej już formie wafla, zapewniające lepszą trakcję i przyczepność. Przeglądaj szeroką gamę kolorów, takich jak białe, czarne, różowe czy zielone, lub wybierz wzory, takie jak nasza słynna szachownica. Jeśli szukasz sznurowanej alternatywy, wypróbuj Vans Authentic Wsuwane Materiał: tekstylny Podeszwa: guma wulkanizowana o dużej przyczepności, w kultowej już dla Vans formie wafla Komfortowa, miękka wkładka wewnętrzna Bardzo lekkie i zarazem solidne",https://supersklep.pl/i153907-buty-vans-classic-slip-on-black,Vans,supersklep (pl),https://static.supersklep.pl/1410756-buty-vans-classic-slip-on-black.jpg?t=google,in_stock,319.90 PLN,https://supersklep.pl,https://supersklep.pl,PL,PL,true,153907,true,"{""color"": ""czarny"", ""size"": ""36.5""}"
700053333925,"Buty Vans Classic Slip On (black), 45","Klasyczna estetyka łączy się z całkowicie nową stylistyką w kultowych butach wsuwanych, Vans Slip-On. Nasze ulubione niskoprofilowe buty na deskę lub na plażę, Vans Slip-On wyposażone są w elastyczne pasy boczne i wyściełany kołnierz dla dodatkowego komfortu, a także gumowe podeszwy z bieżnikiem w kultowej już formie wafla, zapewniające lepszą trakcję i przyczepność. Przeglądaj szeroką gamę kolorów, takich jak białe, czarne, różowe czy zielone, lub wybierz wzory, takie jak nasza słynna szachownica. Jeśli szukasz sznurowanej alternatywy, wypróbuj Vans Authentic Wsuwane Materiał: tekstylny Podeszwa: guma wulkanizowana o dużej przyczepności, w kultowej już dla Vans formie wafla Komfortowa, miękka wkładka wewnętrzna Bardzo lekkie i zarazem solidne",https://supersklep.pl/i153907-buty-vans-classic-slip-on-black,Vans,supersklep (pl),https://static.supersklep.pl/1410756-buty-vans-classic-slip-on-black.jpg?t=google,in_stock,319.90 PLN,https://supersklep.pl,https://supersklep.pl,PL,PL,true,153907,true,"{""color"": ""czarny"", ""size"": ""45""}"
700053375802,"Buty Vans Classic Slip On (black), 48","Klasyczna estetyka łączy się z całkowicie nową stylistyką w kultowych butach wsuwanych, Vans Slip-On. Nasze ulubione niskoprofilowe buty na deskę lub na plażę, Vans Slip-On wyposażone są w elastyczne pasy boczne i wyściełany kołnierz dla dodatkowego komfortu, a także gumowe podeszwy z bieżnikiem w kultowej już formie wafla, zapewniające lepszą trakcję i przyczepność. Przeglądaj szeroką gamę kolorów, takich jak białe, czarne, różowe czy zielone, lub wybierz wzory, takie jak nasza słynna szachownica. Jeśli szukasz sznurowanej alternatywy, wypróbuj Vans Authentic Wsuwane Materiał: tekstylny Podeszwa: guma wulkanizowana o dużej przyczepności, w kultowej już dla Vans formie wafla Komfortowa, miękka wkładka wewnętrzna Bardzo lekkie i zarazem solidne",https://supersklep.pl/i153907-buty-vans-classic-slip-on-black,Vans,supersklep (pl),https://static.supersklep.pl/1410756-buty-vans-classic-slip-on-black.jpg?t=google,in_stock,319.90 PLN,https://supersklep.pl,https://supersklep.pl,PL,PL,true,153907,true,"{""color"": ""czarny"", ""size"": ""48""}"
700053375819,"Buty Vans Classic Slip On (black), 49","Klasyczna estetyka łączy się z całkowicie nową stylistyką w kultowych butach wsuwanych, Vans Slip-On. Nasze ulubione niskoprofilowe buty na deskę lub na plażę, Vans Slip-On wyposażone są w elastyczne pasy boczne i wyściełany kołnierz dla dodatkowego komfortu, a także gumowe podeszwy z bieżnikiem w kultowej już formie wafla, zapewniające lepszą trakcję i przyczepność. Przeglądaj szeroką gamę kolorów, takich jak białe, czarne, różowe czy zielone, lub wybierz wzory, takie jak nasza słynna szachownica. Jeśli szukasz sznurowanej alternatywy, wypróbuj Vans Authentic Wsuwane Materiał: tekstylny Podeszwa: guma wulkanizowana o dużej przyczepności, w kultowej już dla Vans formie wafla Komfortowa, miękka wkładka wewnętrzna Bardzo lekkie i zarazem solidne",https://supersklep.pl/i153907-buty-vans-classic-slip-on-black,Vans,supersklep (pl),https://static.supersklep.pl/1410756-buty-vans-classic-slip-on-black.jpg?t=google,in_stock,319.90 PLN,https://supersklep.pl,https://supersklep.pl,PL,PL,true,153907,true,"{""color"": ""czarny"", ""size"": ""49""}"
700053333789,"Buty Vans Classic Slip On (black), 36","Klasyczna estetyka łączy się z całkowicie nową stylistyką w kultowych butach wsuwanych, Vans Slip-On. Nasze ulubione niskoprofilowe buty na deskę lub na plażę, Vans Slip-On wyposażone są w elastyczne pasy boczne i wyściełany kołnierz dla dodatkowego komfortu, a także gumowe podeszwy z bieżnikiem w kultowej już formie wafla, zapewniające lepszą trakcję i przyczepność. Przeglądaj szeroką gamę kolorów, takich jak białe, czarne, różowe czy zielone, lub wybierz wzory, takie jak nasza słynna szachownica. Jeśli szukasz sznurowanej alternatywy, wypróbuj Vans Authentic Wsuwane Materiał: tekstylny Podeszwa: guma wulkanizowana o dużej przyczepności, w kultowej już dla Vans formie wafla Komfortowa, miękka wkładka wewnętrzna Bardzo lekkie i zarazem solidne",https://supersklep.pl/i153907-buty-vans-classic-slip-on-black,Vans,supersklep (pl),https://static.supersklep.pl/1410756-buty-vans-classic-slip-on-black.jpg?t=google,in_stock,319.90 PLN,https://supersklep.pl,https://supersklep.pl,PL,PL,true,153907,true,"{""color"": ""czarny"", ""size"": ""36""}"
700053333918,"Buty Vans Classic Slip On (black), 44.5","Klasyczna estetyka łączy się z całkowicie nową stylistyką w kultowych butach wsuwanych, Vans Slip-On. Nasze ulubione niskoprofilowe buty na deskę lub na plażę, Vans Slip-On wyposażone są w elastyczne pasy boczne i wyściełany kołnierz dla dodatkowego komfortu, a także gumowe podeszwy z bieżnikiem w kultowej już formie wafla, zapewniające lepszą trakcję i przyczepność. Przeglądaj szeroką gamę kolorów, takich jak białe, czarne, różowe czy zielone, lub wybierz wzory, takie jak nasza słynna szachownica. Jeśli szukasz sznurowanej alternatywy, wypróbuj Vans Authentic Wsuwane Materiał: tekstylny Podeszwa: guma wulkanizowana o dużej przyczepności, w kultowej już dla Vans formie wafla Komfortowa, miękka wkładka wewnętrzna Bardzo lekkie i zarazem solidne",https://supersklep.pl/i153907-buty-vans-classic-slip-on-black,Vans,supersklep (pl),https://static.supersklep.pl/1410756-buty-vans-classic-slip-on-black.jpg?t=google,in_stock,319.90 PLN,https://supersklep.pl,https://supersklep.pl,PL,PL,true,153907,true,"{""color"": ""czarny"", ""size"": ""44.5""}"
700053333826,"Buty Vans Classic Slip On (black), 38.5","Klasyczna estetyka łączy się z całkowicie nową stylistyką w kultowych butach wsuwanych, Vans Slip-On. Nasze ulubione niskoprofilowe buty na deskę lub na plażę, Vans Slip-On wyposażone są w elastyczne pasy boczne i wyściełany kołnierz dla dodatkowego komfortu, a także gumowe podeszwy z bieżnikiem w kultowej już formie wafla, zapewniające lepszą trakcję i przyczepność. Przeglądaj szeroką gamę kolorów, takich jak białe, czarne, różowe czy zielone, lub wybierz wzory, takie jak nasza słynna szachownica. Jeśli szukasz sznurowanej alternatywy, wypróbuj Vans Authentic Wsuwane Materiał: tekstylny Podeszwa: guma wulkanizowana o dużej przyczepności, w kultowej już dla Vans formie wafla Komfortowa, miękka wkładka wewnętrzna Bardzo lekkie i zarazem solidne",https://supersklep.pl/i153907-buty-vans-classic-slip-on-black,Vans,supersklep (pl),https://static.supersklep.pl/1410756-buty-vans-classic-slip-on-black.jpg?t=google,in_stock,319.90 PLN,https://supersklep.pl,https://supersklep.pl,PL,PL,true,153907,true,"{""color"": ""czarny"", ""size"": ""38.5""}"
887040637898,"Buty Vans Era (black/black), 36.5","Stworzone z myślą o wygodzie buty Vans Era składają się z solidnej cholewki, metalowych oczek, wyściełanego kołnierza dla lepszego wsparcia kostki i charakterystycznej gumowej podeszwy z bieżnikiem w kultowej formie wafla. W porównaniu z innymi modelami Vans, takimi jak Vans Authentic i Vans Slip-Ons, dodatkowe wyściółki Ery sprawiają, że jest to idealny wybór dla deskorolkarzy, którzy potrzebują trochę większej ochrony stopy Materiał: tekstylny Podeszwa: guma wulkanizowana o dużej przyczepności, w kultowej już formie wafla Miękka, komfortowa wkładka wewnętrzna z materiału typu EVA Okute otworki na sznurowadła Lekko gąbkowany kołnierz Lekkie i wygodne",https://supersklep.pl/i159959-buty-vans-era-black-black,Vans,supersklep (pl),https://static.supersklep.pl/1411131-buty-vans-era-black-black.jpg?t=google,in_stock,299.90 PLN,https://supersklep.pl,https://supersklep.pl,PL,PL,true,159959,true,"{""color"": ""czarny"", ""size"": ""36.5""}"
700053843547,"Buty Vans Old Skool (black/black), 40.5","""Old Skool"" to perfekcyjny remake, klasycznego już modelu z lat 70-tych. Mimo swojego nieskomplikowanego kroju, odznacza się wyjątkowym stylem i jakością wykonania. Nowo skonstruowane cholewki z płótna i zamszu mieszczą uproszczone jednoczęściowe wnętrza z dodatkowym podparciem łuku i nową wyściółką odprowadzającą wilgoć, która zapewnia, że zawsze będziesz czuł się komfortowo. Zaokrąglony nosek i miękkie linie sprawiają, że Old School są jednymi z bardziej uniwersalnie wyglądających butów, bez poświęcenia jakości, której szuka każdy skateboarder Cholewka z zamszu i materiału tekstylnego zapewnia lekkość i wygodę Lekko wyściełany kołnierz Komfortowa, miękka wkładka wewnętrzna Gumowa, wulkanizowana podeszwa o charakterystycznej strukturze wafla odznacza się dużą przyczepnością i trwałością Lekkie i solidne",https://supersklep.pl/i159990-buty-vans-old-skool-black-black,Vans,supersklep (pl),https://static.supersklep.pl/1410957-buty-vans-old-skool-black-black.jpg?t=google,in_stock,369.90 PLN,https://supersklep.pl,https://supersklep.pl,PL,PL,true,159990,true,"{""color"": ""czarny"", ""size"": ""40.5""}"
700054014106,"Buty Vans Old Skool (black/black), 49","""Old Skool"" to perfekcyjny remake, klasycznego już modelu z lat 70-tych. Mimo swojego nieskomplikowanego kroju, odznacza się wyjątkowym stylem i jakością wykonania. Nowo skonstruowane cholewki z płótna i zamszu mieszczą uproszczone jednoczęściowe wnętrza z dodatkowym podparciem łuku i nową wyściółką odprowadzającą wilgoć, która zapewnia, że zawsze będziesz czuł się komfortowo. Zaokrąglony nosek i miękkie linie sprawiają, że Old School są jednymi z bardziej uniwersalnie wyglądających butów, bez poświęcenia jakości, której szuka każdy skateboarder Cholewka z zamszu i materiału tekstylnego zapewnia lekkość i wygodę Lekko wyściełany kołnierz Komfortowa, miękka wkładka wewnętrzna Gumowa, wulkanizowana podeszwa o charakterystycznej strukturze wafla odznacza się dużą przyczepnością i trwałością Lekkie i solidne",https://supersklep.pl/i159990-buty-vans-old-skool-black-black,Vans,supersklep (pl),https://static.supersklep.pl/1410957-buty-vans-old-skool-black-black.jpg?t=google,in_stock,369.90 PLN,https://supersklep.pl,https://supersklep.pl,PL,PL,true,159990,true,"{""color"": ""czarny"", ""size"": ""49""}"
700053843509,"Buty Vans Old Skool (black/black), 38","""Old Skool"" to perfekcyjny remake, klasycznego już modelu z lat 70-tych. Mimo swojego nieskomplikowanego kroju, odznacza się wyjątkowym stylem i jakością wykonania. Nowo skonstruowane cholewki z płótna i zamszu mieszczą uproszczone jednoczęściowe wnętrza z dodatkowym podparciem łuku i nową wyściółką odprowadzającą wilgoć, która zapewnia, że zawsze będziesz czuł się komfortowo. Zaokrąglony nosek i miękkie linie sprawiają, że Old School są jednymi z bardziej uniwersalnie wyglądających butów, bez poświęcenia jakości, której szuka każdy skateboarder Cholewka z zamszu i materiału tekstylnego zapewnia lekkość i wygodę Lekko wyściełany kołnierz Komfortowa, miękka wkładka wewnętrzna Gumowa, wulkanizowana podeszwa o charakterystycznej strukturze wafla odznacza się dużą przyczepnością i trwałością Lekkie i solidne",https://supersklep.pl/i159990-buty-vans-old-skool-black-black,Vans,supersklep (pl),https://static.supersklep.pl/1410957-buty-vans-old-skool-black-black.jpg?t=google,in_stock,369.90 PLN,https://supersklep.pl,https://supersklep.pl,PL,PL,true,159990,true,"{""color"": ""czarny"", ""size"": ""38""}"
700053843585,"Buty Vans Old Skool (black/black), 43","""Old Skool"" to perfekcyjny remake, klasycznego już modelu z lat 70-tych. Mimo swojego nieskomplikowanego kroju, odznacza się wyjątkowym stylem i jakością wykonania. Nowo skonstruowane cholewki z płótna i zamszu mieszczą uproszczone jednoczęściowe wnętrza z dodatkowym podparciem łuku i nową wyściółką odprowadzającą wilgoć, która zapewnia, że zawsze będziesz czuł się komfortowo. Zaokrąglony nosek i miękkie linie sprawiają, że Old School są jednymi z bardziej uniwersalnie wyglądających butów, bez poświęcenia jakości, której szuka każdy skateboarder Cholewka z zamszu i materiału tekstylnego zapewnia lekkość i wygodę Lekko wyściełany kołnierz Komfortowa, miękka wkładka wewnętrzna Gumowa, wulkanizowana podeszwa o charakterystycznej strukturze wafla odznacza się dużą przyczepnością i trwałością Lekkie i solidne",https://supersklep.pl/i159990-buty-vans-old-skool-black-black,Vans,supersklep (pl),https://static.supersklep.pl/1410957-buty-vans-old-skool-black-black.jpg?t=google,in_stock,369.90 PLN,https://supersklep.pl,https://supersklep.pl,PL,PL,true,159990,true,"{""color"": ""czarny"", ""size"": ""43""}"
700053843493,"Buty Vans Old Skool (black/black), 37","""Old Skool"" to perfekcyjny remake, klasycznego już modelu z lat 70-tych. Mimo swojego nieskomplikowanego kroju, odznacza się wyjątkowym stylem i jakością wykonania. Nowo skonstruowane cholewki z płótna i zamszu mieszczą uproszczone jednoczęściowe wnętrza z dodatkowym podparciem łuku i nową wyściółką odprowadzającą wilgoć, która zapewnia, że zawsze będziesz czuł się komfortowo. Zaokrąglony nosek i miękkie linie sprawiają, że Old School są jednymi z bardziej uniwersalnie wyglądających butów, bez poświęcenia jakości, której szuka każdy skateboarder Cholewka z zamszu i materiału tekstylnego zapewnia lekkość i wygodę Lekko wyściełany kołnierz Komfortowa, miękka wkładka wewnętrzna Gumowa, wulkanizowana podeszwa o charakterystycznej strukturze wafla odznacza się dużą przyczepnością i trwałością Lekkie i solidne",https://supersklep.pl/i159990-buty-vans-old-skool-black-black,Vans,supersklep (pl),https://static.supersklep.pl/1410957-buty-vans-old-skool-black-black.jpg?t=google,in_stock,369.90 PLN,https://supersklep.pl,https://supersklep.pl,PL,PL,true,159990,true,"{""color"": ""czarny"", ""size"": ""37""}"
700053843578,"Buty Vans Old Skool (black/black), 42.5","""Old Skool"" to perfekcyjny remake, klasycznego już modelu z lat 70-tych. Mimo swojego nieskomplikowanego kroju, odznacza się wyjątkowym stylem i jakością wykonania. Nowo skonstruowane cholewki z płótna i zamszu mieszczą uproszczone jednoczęściowe wnętrza z dodatkowym podparciem łuku i nową wyściółką odprowadzającą wilgoć, która zapewnia, że zawsze będziesz czuł się komfortowo. Zaokrąglony nosek i miękkie linie sprawiają, że Old School są jednymi z bardziej uniwersalnie wyglądających butów, bez poświęcenia jakości, której szuka każdy skateboarder Cholewka z zamszu i materiału tekstylnego zapewnia lekkość i wygodę Lekko wyściełany kołnierz Komfortowa, miękka wkładka wewnętrzna Gumowa, wulkanizowana podeszwa o charakterystycznej strukturze wafla odznacza się dużą przyczepnością i trwałością Lekkie i solidne",https://supersklep.pl/i159990-buty-vans-old-skool-black-black,Vans,supersklep (pl),https://static.supersklep.pl/1410957-buty-vans-old-skool-black-black.jpg?t=google,in_stock,369.90 PLN,https://supersklep.pl,https://supersklep.pl,PL,PL,true,159990,true,"{""color"": ""czarny"", ""size"": ""42.5""}"
700054014144,"Buty Vans Old Skool (black/black), 50","""Old Skool"" to perfekcyjny remake, klasycznego już modelu z lat 70-tych. Mimo swojego nieskomplikowanego kroju, odznacza się wyjątkowym stylem i jakością wykonania. Nowo skonstruowane cholewki z płótna i zamszu mieszczą uproszczone jednoczęściowe wnętrza z dodatkowym podparciem łuku i nową wyściółką odprowadzającą wilgoć, która zapewnia, że zawsze będziesz czuł się komfortowo. Zaokrąglony nosek i miękkie linie sprawiają, że Old School są jednymi z bardziej uniwersalnie wyglądających butów, bez poświęcenia jakości, której szuka każdy skateboarder Cholewka z zamszu i materiału tekstylnego zapewnia lekkość i wygodę Lekko wyściełany kołnierz Komfortowa, miękka wkładka wewnętrzna Gumowa, wulkanizowana podeszwa o charakterystycznej strukturze wafla odznacza się dużą przyczepnością i trwałością Lekkie i solidne",https://supersklep.pl/i159990-buty-vans-old-skool-black-black,Vans,supersklep (pl),https://static.supersklep.pl/1410957-buty-vans-old-skool-black-black.jpg?t=google,in_stock,369.90 PLN,https://supersklep.pl,https://supersklep.pl,PL,PL,true,159990,true,"{""color"": ""czarny"", ""size"": ""50""}"
700053843530,"Buty Vans Old Skool (black/black), 40","""Old Skool"" to perfekcyjny remake, klasycznego już modelu z lat 70-tych. Mimo swojego nieskomplikowanego kroju, odznacza się wyjątkowym stylem i jakością wykonania. Nowo skonstruowane cholewki z płótna i zamszu mieszczą uproszczone jednoczęściowe wnętrza z dodatkowym podparciem łuku i nową wyściółką odprowadzającą wilgoć, która zapewnia, że zawsze będziesz czuł się komfortowo. Zaokrąglony nosek i miękkie linie sprawiają, że Old School są jednymi z bardziej uniwersalnie wyglądających butów, bez poświęcenia jakości, której szuka każdy skateboarder Cholewka z zamszu i materiału tekstylnego zapewnia lekkość i wygodę Lekko wyściełany kołnierz Komfortowa, miękka wkładka wewnętrzna Gumowa, wulkanizowana podeszwa o charakterystycznej strukturze wafla odznacza się dużą przyczepnością i trwałością Lekkie i solidne",https://supersklep.pl/i159990-buty-vans-old-skool-black-black,Vans,supersklep (pl),https://static.supersklep.pl/1410957-buty-vans-old-skool-black-black.jpg?t=google,in_stock,369.90 PLN,https://supersklep.pl,https://supersklep.pl,PL,PL,true,159990,true,"{""color"": ""czarny"", ""size"": ""40""}"
700053843608,"Buty Vans Old Skool (black/black), 44.5","""Old Skool"" to perfekcyjny remake, klasycznego już modelu z lat 70-tych. Mimo swojego nieskomplikowanego kroju, odznacza się wyjątkowym stylem i jakością wykonania. Nowo skonstruowane cholewki z płótna i zamszu mieszczą uproszczone jednoczęściowe wnętrza z dodatkowym podparciem łuku i nową wyściółką odprowadzającą wilgoć, która zapewnia, że zawsze będziesz czuł się komfortowo. Zaokrąglony nosek i miękkie linie sprawiają, że Old School są jednymi z bardziej uniwersalnie wyglądających butów, bez poświęcenia jakości, której szuka każdy skateboarder Cholewka z zamszu i materiału tekstylnego zapewnia lekkość i wygodę Lekko wyściełany kołnierz Komfortowa, miękka wkładka wewnętrzna Gumowa, wulkanizowana podeszwa o charakterystycznej strukturze wafla odznacza się dużą przyczepnością i trwałością Lekkie i solidne",https://supersklep.pl/i159990-buty-vans-old-skool-black-black,Vans,supersklep (pl),https://static.supersklep.pl/1410957-buty-vans-old-skool-black-black.jpg?t=google,in_stock,369.90 PLN,https://supersklep.pl,https://supersklep.pl,PL,PL,true,159990,true,"{""color"": ""czarny"", ""size"": ""44.5""}"
700054014090,"Buty Vans Old Skool (black/black), 48","""Old Skool"" to perfekcyjny remake, klasycznego już modelu z lat 70-tych. Mimo swojego nieskomplikowanego kroju, odznacza się wyjątkowym stylem i jakością wykonania. Nowo skonstruowane cholewki z płótna i zamszu mieszczą uproszczone jednoczęściowe wnętrza z dodatkowym podparciem łuku i nową wyściółką odprowadzającą wilgoć, która zapewnia, że zawsze będziesz czuł się komfortowo. Zaokrąglony nosek i miękkie linie sprawiają, że Old School są jednymi z bardziej uniwersalnie wyglądających butów, bez poświęcenia jakości, której szuka każdy skateboarder Cholewka z zamszu i materiału tekstylnego zapewnia lekkość i wygodę Lekko wyściełany kołnierz Komfortowa, miękka wkładka wewnętrzna Gumowa, wulkanizowana podeszwa o charakterystycznej strukturze wafla odznacza się dużą przyczepnością i trwałością Lekkie i solidne",https://supersklep.pl/i159990-buty-vans-old-skool-black-black,Vans,supersklep (pl),https://static.supersklep.pl/1410957-buty-vans-old-skool-black-black.jpg?t=google,in_stock,369.90 PLN,https://supersklep.pl,https://supersklep.pl,PL,PL,true,159990,true,"{""color"": ""czarny"", ""size"": ""48""}"
700053843615,"Buty Vans Old Skool (black/black), 45","""Old Skool"" to perfekcyjny remake, klasycznego już modelu z lat 70-tych. Mimo swojego nieskomplikowanego kroju, odznacza się wyjątkowym stylem i jakością wykonania. Nowo skonstruowane cholewki z płótna i zamszu mieszczą uproszczone jednoczęściowe wnętrza z dodatkowym podparciem łuku i nową wyściółką odprowadzającą wilgoć, która zapewnia, że zawsze będziesz czuł się komfortowo. Zaokrąglony nosek i miękkie linie sprawiają, że Old School są jednymi z bardziej uniwersalnie wyglądających butów, bez poświęcenia jakości, której szuka każdy skateboarder Cholewka z zamszu i materiału tekstylnego zapewnia lekkość i wygodę Lekko wyściełany kołnierz Komfortowa, miękka wkładka wewnętrzna Gumowa, wulkanizowana podeszwa o charakterystycznej strukturze wafla odznacza się dużą przyczepnością i trwałością Lekkie i solidne",https://supersklep.pl/i159990-buty-vans-old-skool-black-black,Vans,supersklep (pl),https://static.supersklep.pl/1410957-buty-vans-old-skool-black-black.jpg?t=google,in_stock,369.90 PLN,https://supersklep.pl,https://supersklep.pl,PL,PL,true,159990,true,"{""color"": ""czarny"", ""size"": ""45""}"
700053843592,"Buty Vans Old Skool (black/black), 44","""Old Skool"" to perfekcyjny remake, klasycznego już modelu z lat 70-tych. Mimo swojego nieskomplikowanego kroju, odznacza się wyjątkowym stylem i jakością wykonania. Nowo skonstruowane cholewki z płótna i zamszu mieszczą uproszczone jednoczęściowe wnętrza z dodatkowym podparciem łuku i nową wyściółką odprowadzającą wilgoć, która zapewnia, że zawsze będziesz czuł się komfortowo. Zaokrąglony nosek i miękkie linie sprawiają, że Old School są jednymi z bardziej uniwersalnie wyglądających butów, bez poświęcenia jakości, której szuka każdy skateboarder Cholewka z zamszu i materiału tekstylnego zapewnia lekkość i wygodę Lekko wyściełany kołnierz Komfortowa, miękka wkładka wewnętrzna Gumowa, wulkanizowana podeszwa o charakterystycznej strukturze wafla odznacza się dużą przyczepnością i trwałością Lekkie i solidne",https://supersklep.pl/i159990-buty-vans-old-skool-black-black,Vans,supersklep (pl),https://static.supersklep.pl/1410957-buty-vans-old-skool-black-black.jpg?t=google,in_stock,369.90 PLN,https://supersklep.pl,https://supersklep.pl,PL,PL,true,159990,true,"{""color"": ""czarny"", ""size"": ""44""}"
700053804050,"Buty Vans Old Skool (navy), 38.5","""Old Skool"" to perfekcyjny remake, klasycznego już modelu z lat 70-tych. Mimo swojego nieskomplikowanego kroju, odznacza się wyjątkowym stylem i jakością wykonania. Nowo skonstruowane cholewki z płótna i zamszu mieszczą uproszczone jednoczęściowe wnętrza z dodatkowym podparciem łuku i nową wyściółką odprowadzającą wilgoć, która zapewnia, że zawsze będziesz czuł się komfortowo. Zaokrąglony nosek i miękkie linie sprawiają, że Old School są jednymi z bardziej uniwersalnie wyglądających butów, bez poświęcenia jakości, której szuka każdy skateboarder Cholewka z zamszu i materiału tekstylnego zapewnia lekkość i wygodę Lekko wyściełany kołnierz Komfortowa, miękka wkładka wewnętrzna Gumowa, wulkanizowana podeszwa o charakterystycznej strukturze wafla odznacza się dużą przyczepnością i trwałością Lekkie i solidne",https://supersklep.pl/i183396-buty-vans-old-skool-navy,Vans,supersklep (pl),https://static.supersklep.pl/1411101-buty-vans-old-skool-navy.jpg?t=google,in_stock,369.90 PLN,https://supersklep.pl,https://supersklep.pl,PL,PL,true,183396,true,"{""color"": ""granatowy"", ""size"": ""38.5""}"
700053804159,"Buty Vans Old Skool (navy), 42.5","""Old Skool"" to perfekcyjny remake, klasycznego już modelu z lat 70-tych. Mimo swojego nieskomplikowanego kroju, odznacza się wyjątkowym stylem i jakością wykonania. Nowo skonstruowane cholewki z płótna i zamszu mieszczą uproszczone jednoczęściowe wnętrza z dodatkowym podparciem łuku i nową wyściółką odprowadzającą wilgoć, która zapewnia, że zawsze będziesz czuł się komfortowo. Zaokrąglony nosek i miękkie linie sprawiają, że Old School są jednymi z bardziej uniwersalnie wyglądających butów, bez poświęcenia jakości, której szuka każdy skateboarder Cholewka z zamszu i materiału tekstylnego zapewnia lekkość i wygodę Lekko wyściełany kołnierz Komfortowa, miękka wkładka wewnętrzna Gumowa, wulkanizowana podeszwa o charakterystycznej strukturze wafla odznacza się dużą przyczepnością i trwałością Lekkie i solidne",https://supersklep.pl/i183396-buty-vans-old-skool-navy,Vans,supersklep (pl),https://static.supersklep.pl/1411101-buty-vans-old-skool-navy.jpg?t=google,in_stock,369.90 PLN,https://supersklep.pl,https://supersklep.pl,PL,PL,true,183396,true,"{""color"": ""granatowy"", ""size"": ""42.5""}"
700053804012,"Buty Vans Old Skool (navy), 36","""Old Skool"" to perfekcyjny remake, klasycznego już modelu z lat 70-tych. Mimo swojego nieskomplikowanego kroju, odznacza się wyjątkowym stylem i jakością wykonania. Nowo skonstruowane cholewki z płótna i zamszu mieszczą uproszczone jednoczęściowe wnętrza z dodatkowym podparciem łuku i nową wyściółką odprowadzającą wilgoć, która zapewnia, że zawsze będziesz czuł się komfortowo. Zaokrąglony nosek i miękkie linie sprawiają, że Old School są jednymi z bardziej uniwersalnie wyglądających butów, bez poświęcenia jakości, której szuka każdy skateboarder Cholewka z zamszu i materiału tekstylnego zapewnia lekkość i wygodę Lekko wyściełany kołnierz Komfortowa, miękka wkładka wewnętrzna Gumowa, wulkanizowana podeszwa o charakterystycznej strukturze wafla odznacza się dużą przyczepnością i trwałością Lekkie i solidne",https://supersklep.pl/i183396-buty-vans-old-skool-navy,Vans,supersklep (pl),https://static.supersklep.pl/1411101-buty-vans-old-skool-navy.jpg?t=google,in_stock,369.90 PLN,https://supersklep.pl,https://supersklep.pl,PL,PL,true,183396,true,"{""color"": ""granatowy"", ""size"": ""36""}"
700053804029,"Buty Vans Old Skool (navy), 36.5","""Old Skool"" to perfekcyjny remake, klasycznego już modelu z lat 70-tych. Mimo swojego nieskomplikowanego kroju, odznacza się wyjątkowym stylem i jakością wykonania. Nowo skonstruowane cholewki z płótna i zamszu mieszczą uproszczone jednoczęściowe wnętrza z dodatkowym podparciem łuku i nową wyściółką odprowadzającą wilgoć, która zapewnia, że zawsze będziesz czuł się komfortowo. Zaokrąglony nosek i miękkie linie sprawiają, że Old School są jednymi z bardziej uniwersalnie wyglądających butów, bez poświęcenia jakości, której szuka każdy skateboarder Cholewka z zamszu i materiału tekstylnego zapewnia lekkość i wygodę Lekko wyściełany kołnierz Komfortowa, miękka wkładka wewnętrzna Gumowa, wulkanizowana podeszwa o charakterystycznej strukturze wafla odznacza się dużą przyczepnością i trwałością Lekkie i solidne",https://supersklep.pl/i183396-buty-vans-old-skool-navy,Vans,supersklep (pl),https://static.supersklep.pl/1411101-buty-vans-old-skool-navy.jpg?t=google,in_stock,369.90 PLN,https://supersklep.pl,https://supersklep.pl,PL,PL,true,183396,true,"{""color"": ""granatowy"", ""size"": ""36.5""}"
700053803749,"Buty Vans Old Skool (black/white), 36","""Old Skool"" to perfekcyjny remake, modelu z lat 70-tych. To klasyczne buty, które zdobyły uznanie na całym świecie. Model ten jest wizytówką marki Vans i stanowi ikonę stylu skateboardowego. Buty te charakteryzują się wygodnym i trwałym wykonaniem, a także modnym, minimalistycznym designem. Górna część butów została wykonana z trwałej tkaniny w kolorze czarnym, która zapewnia wysoką odporność na uszkodzenia i trwałość. Wokół czubka i na pięcie znajdują się charakterystyczne dla modelu Vans paski w kolorze białym. Buty posiadają sznurowanie, co pozwala na idealne dopasowanie do stopy. Wnętrze butów pokryte jest miękkim materiałem, który zapewnia komfort podczas użytkowania. Wkładka wykonana jest z materiału tekstylnego, który pozwala na swobodny przepływ powietrza i utrzymanie odpowiedniej temperatury wewnątrz buta. Podeszwa butów wykonana jest z gumy, która zapewnia przyczepność do podłoża oraz amortyzację podczas chodzenia. Cholewka z zamszu i materiału tekstylnego zapewnia lekkość i wygodę Lekko wyściełany kołnierz Komfortowa, miękka wkładka wewnętrzna Gumowa, wulkanizowana podeszwa o charakterystycznej strukturze wafla odznacza się dużą przyczepnością i trwałością Lekkie i solidne",https://supersklep.pl/i185399-buty-vans-old-skool-black-white,Vans,supersklep (pl),https://static.supersklep.pl/1410937-buty-vans-old-skool-black-white.jpg?t=google,in_stock,369.90 PLN,https://supersklep.pl,https://supersklep.pl,PL,PL,true,185399,true,"{""color"": ""czarny"", ""size"": ""36""}"
700053803763,"Buty Vans Old Skool (black/white), 37","""Old Skool"" to perfekcyjny remake, modelu z lat 70-tych. To klasyczne buty, które zdobyły uznanie na całym świecie. Model ten jest wizytówką marki Vans i stanowi ikonę stylu skateboardowego. Buty te charakteryzują się wygodnym i trwałym wykonaniem, a także modnym, minimalistycznym designem. Górna część butów została wykonana z trwałej tkaniny w kolorze czarnym, która zapewnia wysoką odporność na uszkodzenia i trwałość. Wokół czubka i na pięcie znajdują się charakterystyczne dla modelu Vans paski w kolorze białym. Buty posiadają sznurowanie, co pozwala na idealne dopasowanie do stopy. Wnętrze butów pokryte jest miękkim materiałem, który zapewnia komfort podczas użytkowania. Wkładka wykonana jest z materiału tekstylnego, który pozwala na swobodny przepływ powietrza i utrzymanie odpowiedniej temperatury wewnątrz buta. Podeszwa butów wykonana jest z gumy, która zapewnia przyczepność do podłoża oraz amortyzację podczas chodzenia. Cholewka z zamszu i materiału tekstylnego zapewnia lekkość i wygodę Lekko wyściełany kołnierz Komfortowa, miękka wkładka wewnętrzna Gumowa, wulkanizowana podeszwa o charakterystycznej strukturze wafla odznacza się dużą przyczepnością i trwałością Lekkie i solidne",https://supersklep.pl/i185399-buty-vans-old-skool-black-white,Vans,supersklep (pl),https://static.supersklep.pl/1410937-buty-vans-old-skool-black-white.jpg?t=google,in_stock,369.90 PLN,https://supersklep.pl,https://supersklep.pl,PL,PL,true,185399,true,"{""color"": ""czarny"", ""size"": ""37""}"
700053815674,"Buty Vans Old Skool (black/white), 50","""Old Skool"" to perfekcyjny remake, modelu z lat 70-tych. To klasyczne buty, które zdobyły uznanie na całym świecie. Model ten jest wizytówką marki Vans i stanowi ikonę stylu skateboardowego. Buty te charakteryzują się wygodnym i trwałym wykonaniem, a także modnym, minimalistycznym designem. Górna część butów została wykonana z trwałej tkaniny w kolorze czarnym, która zapewnia wysoką odporność na uszkodzenia i trwałość. Wokół czubka i na pięcie znajdują się charakterystyczne dla modelu Vans paski w kolorze białym. Buty posiadają sznurowanie, co pozwala na idealne dopasowanie do stopy. Wnętrze butów pokryte jest miękkim materiałem, który zapewnia komfort podczas użytkowania. Wkładka wykonana jest z materiału tekstylnego, który pozwala na swobodny przepływ powietrza i utrzymanie odpowiedniej temperatury wewnątrz buta. Podeszwa butów wykonana jest z gumy, która zapewnia przyczepność do podłoża oraz amortyzację podczas chodzenia. Cholewka z zamszu i materiału tekstylnego zapewnia lekkość i wygodę Lekko wyściełany kołnierz Komfortowa, miękka wkładka wewnętrzna Gumowa, wulkanizowana podeszwa o charakterystycznej strukturze wafla odznacza się dużą przyczepnością i trwałością Lekkie i solidne",https://supersklep.pl/i185399-buty-vans-old-skool-black-white,Vans,supersklep (pl),https://static.supersklep.pl/1410937-buty-vans-old-skool-black-white.jpg?t=google,in_stock,369.90 PLN,https://supersklep.pl,https://supersklep.pl,PL,PL,true,185399,true,"{""color"": ""czarny"", ""size"": ""50""}"
700053815629,"Buty Vans Old Skool (black/white), 49","""Old Skool"" to perfekcyjny remake, modelu z lat 70-tych. To klasyczne buty, które zdobyły uznanie na całym świecie. Model ten jest wizytówką marki Vans i stanowi ikonę stylu skateboardowego. Buty te charakteryzują się wygodnym i trwałym wykonaniem, a także modnym, minimalistycznym designem. Górna część butów została wykonana z trwałej tkaniny w kolorze czarnym, która zapewnia wysoką odporność na uszkodzenia i trwałość. Wokół czubka i na pięcie znajdują się charakterystyczne dla modelu Vans paski w kolorze białym. Buty posiadają sznurowanie, co pozwala na idealne dopasowanie do stopy. Wnętrze butów pokryte jest miękkim materiałem, który zapewnia komfort podczas użytkowania. Wkładka wykonana jest z materiału tekstylnego, który pozwala na swobodny przepływ powietrza i utrzymanie odpowiedniej temperatury wewnątrz buta. Podeszwa butów wykonana jest z gumy, która zapewnia przyczepność do podłoża oraz amortyzację podczas chodzenia. Cholewka z zamszu i materiału tekstylnego zapewnia lekkość i wygodę Lekko wyściełany kołnierz Komfortowa, miękka wkładka wewnętrzna Gumowa, wulkanizowana podeszwa o charakterystycznej strukturze wafla odznacza się dużą przyczepnością i trwałością Lekkie i solidne",https://supersklep.pl/i185399-buty-vans-old-skool-black-white,Vans,supersklep (pl),https://static.supersklep.pl/1410937-buty-vans-old-skool-black-white.jpg?t=google,in_stock,369.90 PLN,https://supersklep.pl,https://supersklep.pl,PL,PL,true,185399,true,"{""color"": ""czarny"", ""size"": ""49""}"
700053803787,"Buty Vans Old Skool (black/white), 38.5","""Old Skool"" to perfekcyjny remake, modelu z lat 70-tych. To klasyczne buty, które zdobyły uznanie na całym świecie. Model ten jest wizytówką marki Vans i stanowi ikonę stylu skateboardowego. Buty te charakteryzują się wygodnym i trwałym wykonaniem, a także modnym, minimalistycznym designem. Górna część butów została wykonana z trwałej tkaniny w kolorze czarnym, która zapewnia wysoką odporność na uszkodzenia i trwałość. Wokół czubka i na pięcie znajdują się charakterystyczne dla modelu Vans paski w kolorze białym. Buty posiadają sznurowanie, co pozwala na idealne dopasowanie do stopy. Wnętrze butów pokryte jest miękkim materiałem, który zapewnia komfort podczas użytkowania. Wkładka wykonana jest z materiału tekstylnego, który pozwala na swobodny przepływ powietrza i utrzymanie odpowiedniej temperatury wewnątrz buta. Podeszwa butów wykonana jest z gumy, która zapewnia przyczepność do podłoża oraz amortyzację podczas chodzenia. Cholewka z zamszu i materiału tekstylnego zapewnia lekkość i wygodę Lekko wyściełany kołnierz Komfortowa, miękka wkładka wewnętrzna Gumowa, wulkanizowana podeszwa o charakterystycznej strukturze wafla odznacza się dużą przyczepnością i trwałością Lekkie i solidne",https://supersklep.pl/i185399-buty-vans-old-skool-black-white,Vans,supersklep (pl),https://static.supersklep.pl/1410937-buty-vans-old-skool-black-white.jpg?t=google,in_stock,369.90 PLN,https://supersklep.pl,https://supersklep.pl,PL,PL,true,185399,true,"{""color"": ""czarny"", ""size"": ""38.5""}"
700053803848,"Buty Vans Old Skool (black/white), 40","""Old Skool"" to perfekcyjny remake, modelu z lat 70-tych. To klasyczne buty, które zdobyły uznanie na całym świecie. Model ten jest wizytówką marki Vans i stanowi ikonę stylu skateboardowego. Buty te charakteryzują się wygodnym i trwałym wykonaniem, a także modnym, minimalistycznym designem. Górna część butów została wykonana z trwałej tkaniny w kolorze czarnym, która zapewnia wysoką odporność na uszkodzenia i trwałość. Wokół czubka i na pięcie znajdują się charakterystyczne dla modelu Vans paski w kolorze białym. Buty posiadają sznurowanie, co pozwala na idealne dopasowanie do stopy. Wnętrze butów pokryte jest miękkim materiałem, który zapewnia komfort podczas użytkowania. Wkładka wykonana jest z materiału tekstylnego, który pozwala na swobodny przepływ powietrza i utrzymanie odpowiedniej temperatury wewnątrz buta. Podeszwa butów wykonana jest z gumy, która zapewnia przyczepność do podłoża oraz amortyzację podczas chodzenia. Cholewka z zamszu i materiału tekstylnego zapewnia lekkość i wygodę Lekko wyściełany kołnierz Komfortowa, miękka wkładka wewnętrzna Gumowa, wulkanizowana podeszwa o charakterystycznej strukturze wafla odznacza się dużą przyczepnością i trwałością Lekkie i solidne",https://supersklep.pl/i185399-buty-vans-old-skool-black-white,Vans,supersklep (pl),https://static.supersklep.pl/1410937-buty-vans-old-skool-black-white.jpg?t=google,in_stock,369.90 PLN,https://supersklep.pl,https://supersklep.pl,PL,PL,true,185399,true,"{""color"": ""czarny"", ""size"": ""40""}"
700053803770,"Buty Vans Old Skool (black/white), 38","""Old Skool"" to perfekcyjny remake, modelu z lat 70-tych. To klasyczne buty, które zdobyły uznanie na całym świecie. Model ten jest wizytówką marki Vans i stanowi ikonę stylu skateboardowego. Buty te charakteryzują się wygodnym i trwałym wykonaniem, a także modnym, minimalistycznym designem. Górna część butów została wykonana z trwałej tkaniny w kolorze czarnym, która zapewnia wysoką odporność na uszkodzenia i trwałość. Wokół czubka i na pięcie znajdują się charakterystyczne dla modelu Vans paski w kolorze białym. Buty posiadają sznurowanie, co pozwala na idealne dopasowanie do stopy. Wnętrze butów pokryte jest miękkim materiałem, który zapewnia komfort podczas użytkowania. Wkładka wykonana jest z materiału tekstylnego, który pozwala na swobodny przepływ powietrza i utrzymanie odpowiedniej temperatury wewnątrz buta. Podeszwa butów wykonana jest z gumy, która zapewnia przyczepność do podłoża oraz amortyzację podczas chodzenia. Cholewka z zamszu i materiału tekstylnego zapewnia lekkość i wygodę Lekko wyściełany kołnierz Komfortowa, miękka wkładka wewnętrzna Gumowa, wulkanizowana podeszwa o charakterystycznej strukturze wafla odznacza się dużą przyczepnością i trwałością Lekkie i solidne",https://supersklep.pl/i185399-buty-vans-old-skool-black-white,Vans,supersklep (pl),https://static.supersklep.pl/1410937-buty-vans-old-skool-black-white.jpg?t=google,in_stock,369.90 PLN,https://supersklep.pl,https://supersklep.pl,PL,PL,true,185399,true,"{""color"": ""czarny"", ""size"": ""38""}"
700053803855,"Buty Vans Old Skool (black/white), 40.5","""Old Skool"" to perfekcyjny remake, modelu z lat 70-tych. To klasyczne buty, które zdobyły uznanie na całym świecie. Model ten jest wizytówką marki Vans i stanowi ikonę stylu skateboardowego. Buty te charakteryzują się wygodnym i trwałym wykonaniem, a także modnym, minimalistycznym designem. Górna część butów została wykonana z trwałej tkaniny w kolorze czarnym, która zapewnia wysoką odporność na uszkodzenia i trwałość. Wokół czubka i na pięcie znajdują się charakterystyczne dla modelu Vans paski w kolorze białym. Buty posiadają sznurowanie, co pozwala na idealne dopasowanie do stopy. Wnętrze butów pokryte jest miękkim materiałem, który zapewnia komfort podczas użytkowania. Wkładka wykonana jest z materiału tekstylnego, który pozwala na swobodny przepływ powietrza i utrzymanie odpowiedniej temperatury wewnątrz buta. Podeszwa butów wykonana jest z gumy, która zapewnia przyczepność do podłoża oraz amortyzację podczas chodzenia. Cholewka z zamszu i materiału tekstylnego zapewnia lekkość i wygodę Lekko wyściełany kołnierz Komfortowa, miękka wkładka wewnętrzna Gumowa, wulkanizowana podeszwa o charakterystycznej strukturze wafla odznacza się dużą przyczepnością i trwałością Lekkie i solidne",https://supersklep.pl/i185399-buty-vans-old-skool-black-white,Vans,supersklep (pl),https://static.supersklep.pl/1410937-buty-vans-old-skool-black-white.jpg?t=google,in_stock,369.90 PLN,https://supersklep.pl,https://supersklep.pl,PL,PL,true,185399,true,"{""color"": ""czarny"", ""size"": ""40.5""}"
700053815612,"Buty Vans Old Skool (black/white), 48","""Old Skool"" to perfekcyjny remake, modelu z lat 70-tych. To klasyczne buty, które zdobyły uznanie na całym świecie. Model ten jest wizytówką marki Vans i stanowi ikonę stylu skateboardowego. Buty te charakteryzują się wygodnym i trwałym wykonaniem, a także modnym, minimalistycznym designem. Górna część butów została wykonana z trwałej tkaniny w kolorze czarnym, która zapewnia wysoką odporność na uszkodzenia i trwałość. Wokół czubka i na pięcie znajdują się charakterystyczne dla modelu Vans paski w kolorze białym. Buty posiadają sznurowanie, co pozwala na idealne dopasowanie do stopy. Wnętrze butów pokryte jest miękkim materiałem, który zapewnia komfort podczas użytkowania. Wkładka wykonana jest z materiału tekstylnego, który pozwala na swobodny przepływ powietrza i utrzymanie odpowiedniej temperatury wewnątrz buta. Podeszwa butów wykonana jest z gumy, która zapewnia przyczepność do podłoża oraz amortyzację podczas chodzenia. Cholewka z zamszu i materiału tekstylnego zapewnia lekkość i wygodę Lekko wyściełany kołnierz Komfortowa, miękka wkładka wewnętrzna Gumowa, wulkanizowana podeszwa o charakterystycznej strukturze wafla odznacza się dużą przyczepnością i trwałością Lekkie i solidne",https://supersklep.pl/i185399-buty-vans-old-skool-black-white,Vans,supersklep (pl),https://static.supersklep.pl/1410937-buty-vans-old-skool-black-white.jpg?t=google,in_stock,369.90 PLN,https://supersklep.pl,https://supersklep.pl,PL,PL,true,185399,true,"{""color"": ""czarny"", ""size"": ""48""}"
700053803794,"Buty Vans Old Skool (black/white), 39","""Old Skool"" to perfekcyjny remake, modelu z lat 70-tych. To klasyczne buty, które zdobyły uznanie na całym świecie. Model ten jest wizytówką marki Vans i stanowi ikonę stylu skateboardowego. Buty te charakteryzują się wygodnym i trwałym wykonaniem, a także modnym, minimalistycznym designem. Górna część butów została wykonana z trwałej tkaniny w kolorze czarnym, która zapewnia wysoką odporność na uszkodzenia i trwałość. Wokół czubka i na pięcie znajdują się charakterystyczne dla modelu Vans paski w kolorze białym. Buty posiadają sznurowanie, co pozwala na idealne dopasowanie do stopy. Wnętrze butów pokryte jest miękkim materiałem, który zapewnia komfort podczas użytkowania. Wkładka wykonana jest z materiału tekstylnego, który pozwala na swobodny przepływ powietrza i utrzymanie odpowiedniej temperatury wewnątrz buta. Podeszwa butów wykonana jest z gumy, która zapewnia przyczepność do podłoża oraz amortyzację podczas chodzenia. Cholewka z zamszu i materiału tekstylnego zapewnia lekkość i wygodę Lekko wyściełany kołnierz Komfortowa, miękka wkładka wewnętrzna Gumowa, wulkanizowana podeszwa o charakterystycznej strukturze wafla odznacza się dużą przyczepnością i trwałością Lekkie i solidne",https://supersklep.pl/i185399-buty-vans-old-skool-black-white,Vans,supersklep (pl),https://static.supersklep.pl/1410937-buty-vans-old-skool-black-white.jpg?t=google,in_stock,369.90 PLN,https://supersklep.pl,https://supersklep.pl,PL,PL,true,185399,true,"{""color"": ""czarny"", ""size"": ""39""}"
700053803985,"Buty Vans Old Skool (black/white), 47","""Old Skool"" to perfekcyjny remake, modelu z lat 70-tych. To klasyczne buty, które zdobyły uznanie na całym świecie. Model ten jest wizytówką marki Vans i stanowi ikonę stylu skateboardowego. Buty te charakteryzują się wygodnym i trwałym wykonaniem, a także modnym, minimalistycznym designem. Górna część butów została wykonana z trwałej tkaniny w kolorze czarnym, która zapewnia wysoką odporność na uszkodzenia i trwałość. Wokół czubka i na pięcie znajdują się charakterystyczne dla modelu Vans paski w kolorze białym. Buty posiadają sznurowanie, co pozwala na idealne dopasowanie do stopy. Wnętrze butów pokryte jest miękkim materiałem, który zapewnia komfort podczas użytkowania. Wkładka wykonana jest z materiału tekstylnego, który pozwala na swobodny przepływ powietrza i utrzymanie odpowiedniej temperatury wewnątrz buta. Podeszwa butów wykonana jest z gumy, która zapewnia przyczepność do podłoża oraz amortyzację podczas chodzenia. Cholewka z zamszu i materiału tekstylnego zapewnia lekkość i wygodę Lekko wyściełany kołnierz Komfortowa, miękka wkładka wewnętrzna Gumowa, wulkanizowana podeszwa o charakterystycznej strukturze wafla odznacza się dużą przyczepnością i trwałością Lekkie i solidne",https://supersklep.pl/i185399-buty-vans-old-skool-black-white,Vans,supersklep (pl),https://static.supersklep.pl/1410937-buty-vans-old-skool-black-white.jpg?t=google,in_stock,369.90 PLN,https://supersklep.pl,https://supersklep.pl,PL,PL,true,185399,true,"{""color"": ""czarny"", ""size"": ""47""}"
700053803862,"Buty Vans Old Skool (black/white), 41","""Old Skool"" to perfekcyjny remake, modelu z lat 70-tych. To klasyczne buty, które zdobyły uznanie na całym świecie. Model ten jest wizytówką marki Vans i stanowi ikonę stylu skateboardowego. Buty te charakteryzują się wygodnym i trwałym wykonaniem, a także modnym, minimalistycznym designem. Górna część butów została wykonana z trwałej tkaniny w kolorze czarnym, która zapewnia wysoką odporność na uszkodzenia i trwałość. Wokół czubka i na pięcie znajdują się charakterystyczne dla modelu Vans paski w kolorze białym. Buty posiadają sznurowanie, co pozwala na idealne dopasowanie do stopy. Wnętrze butów pokryte jest miękkim materiałem, który zapewnia komfort podczas użytkowania. Wkładka wykonana jest z materiału tekstylnego, który pozwala na swobodny przepływ powietrza i utrzymanie odpowiedniej temperatury wewnątrz buta. Podeszwa butów wykonana jest z gumy, która zapewnia przyczepność do podłoża oraz amortyzację podczas chodzenia. Cholewka z zamszu i materiału tekstylnego zapewnia lekkość i wygodę Lekko wyściełany kołnierz Komfortowa, miękka wkładka wewnętrzna Gumowa, wulkanizowana podeszwa o charakterystycznej strukturze wafla odznacza się dużą przyczepnością i trwałością Lekkie i solidne",https://supersklep.pl/i185399-buty-vans-old-skool-black-white,Vans,supersklep (pl),https://static.supersklep.pl/1410937-buty-vans-old-skool-black-white.jpg?t=google,in_stock,369.90 PLN,https://supersklep.pl,https://supersklep.pl,PL,PL,true,185399,true,"{""color"": ""czarny"", ""size"": ""41""}"
700053803923,"Buty Vans Old Skool (black/white), 42.5","""Old Skool"" to perfekcyjny remake, modelu z lat 70-tych. To klasyczne buty, które zdobyły uznanie na całym świecie. Model ten jest wizytówką marki Vans i stanowi ikonę stylu skateboardowego. Buty te charakteryzują się wygodnym i trwałym wykonaniem, a także modnym, minimalistycznym designem. Górna część butów została wykonana z trwałej tkaniny w kolorze czarnym, która zapewnia wysoką odporność na uszkodzenia i trwałość. Wokół czubka i na pięcie znajdują się charakterystyczne dla modelu Vans paski w kolorze białym. Buty posiadają sznurowanie, co pozwala na idealne dopasowanie do stopy. Wnętrze butów pokryte jest miękkim materiałem, który zapewnia komfort podczas użytkowania. Wkładka wykonana jest z materiału tekstylnego, który pozwala na swobodny przepływ powietrza i utrzymanie odpowiedniej temperatury wewnątrz buta. Podeszwa butów wykonana jest z gumy, która zapewnia przyczepność do podłoża oraz amortyzację podczas chodzenia. Cholewka z zamszu i materiału tekstylnego zapewnia lekkość i wygodę Lekko wyściełany kołnierz Komfortowa, miękka wkładka wewnętrzna Gumowa, wulkanizowana podeszwa o charakterystycznej strukturze wafla odznacza się dużą przyczepnością i trwałością Lekkie i solidne",https://supersklep.pl/i185399-buty-vans-old-skool-black-white,Vans,supersklep (pl),https://static.supersklep.pl/1410937-buty-vans-old-skool-black-white.jpg?t=google,in_stock,369.90 PLN,https://supersklep.pl,https://supersklep.pl,PL,PL,true,185399,true,"{""color"": ""czarny"", ""size"": ""42.5""}"
700053803961,"Buty Vans Old Skool (black/white), 45","""Old Skool"" to perfekcyjny remake, modelu z lat 70-tych. To klasyczne buty, które zdobyły uznanie na całym świecie. Model ten jest wizytówką marki Vans i stanowi ikonę stylu skateboardowego. Buty te charakteryzują się wygodnym i trwałym wykonaniem, a także modnym, minimalistycznym designem. Górna część butów została wykonana z trwałej tkaniny w kolorze czarnym, która zapewnia wysoką odporność na uszkodzenia i trwałość. Wokół czubka i na pięcie znajdują się charakterystyczne dla modelu Vans paski w kolorze białym. Buty posiadają sznurowanie, co pozwala na idealne dopasowanie do stopy. Wnętrze butów pokryte jest miękkim materiałem, który zapewnia komfort podczas użytkowania. Wkładka wykonana jest z materiału tekstylnego, który pozwala na swobodny przepływ powietrza i utrzymanie odpowiedniej temperatury wewnątrz buta. Podeszwa butów wykonana jest z gumy, która zapewnia przyczepność do podłoża oraz amortyzację podczas chodzenia. Cholewka z zamszu i materiału tekstylnego zapewnia lekkość i wygodę Lekko wyściełany kołnierz Komfortowa, miękka wkładka wewnętrzna Gumowa, wulkanizowana podeszwa o charakterystycznej strukturze wafla odznacza się dużą przyczepnością i trwałością Lekkie i solidne",https://supersklep.pl/i185399-buty-vans-old-skool-black-white,Vans,supersklep (pl),https://static.supersklep.pl/1410937-buty-vans-old-skool-black-white.jpg?t=google,in_stock,369.90 PLN,https://supersklep.pl,https://supersklep.pl,PL,PL,true,185399,true,"{""color"": ""czarny"", ""size"": ""45""}"
700053803978,"Buty Vans Old Skool (black/white), 46","""Old Skool"" to perfekcyjny remake, modelu z lat 70-tych. To klasyczne buty, które zdobyły uznanie na całym świecie. Model ten jest wizytówką marki Vans i stanowi ikonę stylu skateboardowego. Buty te charakteryzują się wygodnym i trwałym wykonaniem, a także modnym, minimalistycznym designem. Górna część butów została wykonana z trwałej tkaniny w kolorze czarnym, która zapewnia wysoką odporność na uszkodzenia i trwałość. Wokół czubka i na pięcie znajdują się charakterystyczne dla modelu Vans paski w kolorze białym. Buty posiadają sznurowanie, co pozwala na idealne dopasowanie do stopy. Wnętrze butów pokryte jest miękkim materiałem, który zapewnia komfort podczas użytkowania. Wkładka wykonana jest z materiału tekstylnego, który pozwala na swobodny przepływ powietrza i utrzymanie odpowiedniej temperatury wewnątrz buta. Podeszwa butów wykonana jest z gumy, która zapewnia przyczepność do podłoża oraz amortyzację podczas chodzenia. Cholewka z zamszu i materiału tekstylnego zapewnia lekkość i wygodę Lekko wyściełany kołnierz Komfortowa, miękka wkładka wewnętrzna Gumowa, wulkanizowana podeszwa o charakterystycznej strukturze wafla odznacza się dużą przyczepnością i trwałością Lekkie i solidne",https://supersklep.pl/i185399-buty-vans-old-skool-black-white,Vans,supersklep (pl),https://static.supersklep.pl/1410937-buty-vans-old-skool-black-white.jpg?t=google,in_stock,369.90 PLN,https://supersklep.pl,https://supersklep.pl,PL,PL,true,185399,true,"{""color"": ""czarny"", ""size"": ""46""}"
700053803954,"Buty Vans Old Skool (black/white), 44.5","""Old Skool"" to perfekcyjny remake, modelu z lat 70-tych. To klasyczne buty, które zdobyły uznanie na całym świecie. Model ten jest wizytówką marki Vans i stanowi ikonę stylu skateboardowego. Buty te charakteryzują się wygodnym i trwałym wykonaniem, a także modnym, minimalistycznym designem. Górna część butów została wykonana z trwałej tkaniny w kolorze czarnym, która zapewnia wysoką odporność na uszkodzenia i trwałość. Wokół czubka i na pięcie znajdują się charakterystyczne dla modelu Vans paski w kolorze białym. Buty posiadają sznurowanie, co pozwala na idealne dopasowanie do stopy. Wnętrze butów pokryte jest miękkim materiałem, który zapewnia komfort podczas użytkowania. Wkładka wykonana jest z materiału tekstylnego, który pozwala na swobodny przepływ powietrza i utrzymanie odpowiedniej temperatury wewnątrz buta. Podeszwa butów wykonana jest z gumy, która zapewnia przyczepność do podłoża oraz amortyzację podczas chodzenia. Cholewka z zamszu i materiału tekstylnego zapewnia lekkość i wygodę Lekko wyściełany kołnierz Komfortowa, miękka wkładka wewnętrzna Gumowa, wulkanizowana podeszwa o charakterystycznej strukturze wafla odznacza się dużą przyczepnością i trwałością Lekkie i solidne",https://supersklep.pl/i185399-buty-vans-old-skool-black-white,Vans,supersklep (pl),https://static.supersklep.pl/1410937-buty-vans-old-skool-black-white.jpg?t=google,in_stock,369.90 PLN,https://supersklep.pl,https://supersklep.pl,PL,PL,true,185399,true,"{""color"": ""czarny"", ""size"": ""44.5""}"
700053803879,"Buty Vans Old Skool (black/white), 42","""Old Skool"" to perfekcyjny remake, modelu z lat 70-tych. To klasyczne buty, które zdobyły uznanie na całym świecie. Model ten jest wizytówką marki Vans i stanowi ikonę stylu skateboardowego. Buty te charakteryzują się wygodnym i trwałym wykonaniem, a także modnym, minimalistycznym designem. Górna część butów została wykonana z trwałej tkaniny w kolorze czarnym, która zapewnia wysoką odporność na uszkodzenia i trwałość. Wokół czubka i na pięcie znajdują się charakterystyczne dla modelu Vans paski w kolorze białym. Buty posiadają sznurowanie, co pozwala na idealne dopasowanie do stopy. Wnętrze butów pokryte jest miękkim materiałem, który zapewnia komfort podczas użytkowania. Wkładka wykonana jest z materiału tekstylnego, który pozwala na swobodny przepływ powietrza i utrzymanie odpowiedniej temperatury wewnątrz buta. Podeszwa butów wykonana jest z gumy, która zapewnia przyczepność do podłoża oraz amortyzację podczas chodzenia. Cholewka z zamszu i materiału tekstylnego zapewnia lekkość i wygodę Lekko wyściełany kołnierz Komfortowa, miękka wkładka wewnętrzna Gumowa, wulkanizowana podeszwa o charakterystycznej strukturze wafla odznacza się dużą przyczepnością i trwałością Lekkie i solidne",https://supersklep.pl/i185399-buty-vans-old-skool-black-white,Vans,supersklep (pl),https://static.supersklep.pl/1410937-buty-vans-old-skool-black-white.jpg?t=google,in_stock,369.90 PLN,https://supersklep.pl,https://supersklep.pl,PL,PL,true,185399,true,"{""color"": ""czarny"", ""size"": ""42""}"
700053803947,"Buty Vans Old Skool (black/white), 44","""Old Skool"" to perfekcyjny remake, modelu z lat 70-tych. To klasyczne buty, które zdobyły uznanie na całym świecie. Model ten jest wizytówką marki Vans i stanowi ikonę stylu skateboardowego. Buty te charakteryzują się wygodnym i trwałym wykonaniem, a także modnym, minimalistycznym designem. Górna część butów została wykonana z trwałej tkaniny w kolorze czarnym, która zapewnia wysoką odporność na uszkodzenia i trwałość. Wokół czubka i na pięcie znajdują się charakterystyczne dla modelu Vans paski w kolorze białym. Buty posiadają sznurowanie, co pozwala na idealne dopasowanie do stopy. Wnętrze butów pokryte jest miękkim materiałem, który zapewnia komfort podczas użytkowania. Wkładka wykonana jest z materiału tekstylnego, który pozwala na swobodny przepływ powietrza i utrzymanie odpowiedniej temperatury wewnątrz buta. Podeszwa butów wykonana jest z gumy, która zapewnia przyczepność do podłoża oraz amortyzację podczas chodzenia. Cholewka z zamszu i materiału tekstylnego zapewnia lekkość i wygodę Lekko wyściełany kołnierz Komfortowa, miękka wkładka wewnętrzna Gumowa, wulkanizowana podeszwa o charakterystycznej strukturze wafla odznacza się dużą przyczepnością i trwałością Lekkie i solidne",https://supersklep.pl/i185399-buty-vans-old-skool-black-white,Vans,supersklep (pl),https://static.supersklep.pl/1410937-buty-vans-old-skool-black-white.jpg?t=google,in_stock,369.90 PLN,https://supersklep.pl,https://supersklep.pl,PL,PL,true,185399,true,"{""color"": ""czarny"", ""size"": ""44""}"
700053803930,"Buty Vans Old Skool (black/white), 43","""Old Skool"" to perfekcyjny remake, modelu z lat 70-tych. To klasyczne buty, które zdobyły uznanie na całym świecie. Model ten jest wizytówką marki Vans i stanowi ikonę stylu skateboardowego. Buty te charakteryzują się wygodnym i trwałym wykonaniem, a także modnym, minimalistycznym designem. Górna część butów została wykonana z trwałej tkaniny w kolorze czarnym, która zapewnia wysoką odporność na uszkodzenia i trwałość. Wokół czubka i na pięcie znajdują się charakterystyczne dla modelu Vans paski w kolorze białym. Buty posiadają sznurowanie, co pozwala na idealne dopasowanie do stopy. Wnętrze butów pokryte jest miękkim materiałem, który zapewnia komfort podczas użytkowania. Wkładka wykonana jest z materiału tekstylnego, który pozwala na swobodny przepływ powietrza i utrzymanie odpowiedniej temperatury wewnątrz buta. Podeszwa butów wykonana jest z gumy, która zapewnia przyczepność do podłoża oraz amortyzację podczas chodzenia. Cholewka z zamszu i materiału tekstylnego zapewnia lekkość i wygodę Lekko wyściełany kołnierz Komfortowa, miękka wkładka wewnętrzna Gumowa, wulkanizowana podeszwa o charakterystycznej strukturze wafla odznacza się dużą przyczepnością i trwałością Lekkie i solidne",https://supersklep.pl/i185399-buty-vans-old-skool-black-white,Vans,supersklep (pl),https://static.supersklep.pl/1410937-buty-vans-old-skool-black-white.jpg?t=google,in_stock,369.90 PLN,https://supersklep.pl,https://supersklep.pl,PL,PL,true,185399,true,"{""color"": ""czarny"", ""size"": ""43""}"
658100946737,"Buty Vans Authentic (true white), 40.5","Vans, najbardziej rozpoznawalna marka butów do skateboardingu na całym świecie, od 66 lat dostarcza najwyższą jakość i komfort. Authentic to klasyczna sylwetka Vansa, łatwo rozpoznawalna po minimalistycznym stylu. Cholewka z płótna typu canvas, swoją elastycznością przypomina płótno malarskie gwarantując wysoką jakość i trwałość. Gruba wulkanizowana podeszwa środkowa i podeszwa z gumy wulkanizowanej z wzorem waflowym pozostaje niezmieniona, zapewniając niesamowitą przyczepność i amortyzację wstrząsów Materiał: tekstylny Okute otworki na sznurowadła Miękka, komfortowa wkładka wewnętrzna Z tyłu na podeszwie typowe dla klasycznych modeli Vansa uwypuklenie na sklejeniu gumy wraz z logo firmy tzw. ""gumka na gumkę"" Podeszwa: guma wulkanizowana o dużej przyczepności, w kultowej już formie wafla",https://supersklep.pl/i186293-buty-vans-authentic-true-white,Vans,supersklep (pl),https://static.supersklep.pl/1410737-buty-vans-authentic-true-white.jpg?t=google,in_stock,319.90 PLN,https://supersklep.pl,https://supersklep.pl,PL,PL,true,186293,true,"{""color"": ""biały"", ""size"": ""40.5""}"
658100946720,"Buty Vans Authentic (true white), 40","Vans, najbardziej rozpoznawalna marka butów do skateboardingu na całym świecie, od 66 lat dostarcza najwyższą jakość i komfort. Authentic to klasyczna sylwetka Vansa, łatwo rozpoznawalna po minimalistycznym stylu. Cholewka z płótna typu canvas, swoją elastycznością przypomina płótno malarskie gwarantując wysoką jakość i trwałość. Gruba wulkanizowana podeszwa środkowa i podeszwa z gumy wulkanizowanej z wzorem waflowym pozostaje niezmieniona, zapewniając niesamowitą przyczepność i amortyzację wstrząsów Materiał: tekstylny Okute otworki na sznurowadła Miękka, komfortowa wkładka wewnętrzna Z tyłu na podeszwie typowe dla klasycznych modeli Vansa uwypuklenie na sklejeniu gumy wraz z logo firmy tzw. ""gumka na gumkę"" Podeszwa: guma wulkanizowana o dużej przyczepności, w kultowej już formie wafla",https://supersklep.pl/i186293-buty-vans-authentic-true-white,Vans,supersklep (pl),https://static.supersklep.pl/1410737-buty-vans-authentic-true-white.jpg?t=google,in_stock,319.90 PLN,https://supersklep.pl,https://supersklep.pl,PL,PL,true,186293,true,"{""color"": ""biały"", ""size"": ""40""}"
658100946812,"Buty Vans Authentic (true white), 46","Vans, najbardziej rozpoznawalna marka butów do skateboardingu na całym świecie, od 66 lat dostarcza najwyższą jakość i komfort. Authentic to klasyczna sylwetka Vansa, łatwo rozpoznawalna po minimalistycznym stylu. Cholewka z płótna typu canvas, swoją elastycznością przypomina płótno malarskie gwarantując wysoką jakość i trwałość. Gruba wulkanizowana podeszwa środkowa i podeszwa z gumy wulkanizowanej z wzorem waflowym pozostaje niezmieniona, zapewniając niesamowitą przyczepność i amortyzację wstrząsów Materiał: tekstylny Okute otworki na sznurowadła Miękka, komfortowa wkładka wewnętrzna Z tyłu na podeszwie typowe dla klasycznych modeli Vansa uwypuklenie na sklejeniu gumy wraz z logo firmy tzw. ""gumka na gumkę"" Podeszwa: guma wulkanizowana o dużej przyczepności, w kultowej już formie wafla",https://supersklep.pl/i186293-buty-vans-authentic-true-white,Vans,supersklep (pl),https://static.supersklep.pl/1410737-buty-vans-authentic-true-white.jpg?t=google,in_stock,319.90 PLN,https://supersklep.pl,https://supersklep.pl,PL,PL,true,186293,true,"{""color"": ""biały"", ""size"": ""46""}"
658100946775,"Buty Vans Authentic (true white), 43","Vans, najbardziej rozpoznawalna marka butów do skateboardingu na całym świecie, od 66 lat dostarcza najwyższą jakość i komfort. Authentic to klasyczna sylwetka Vansa, łatwo rozpoznawalna po minimalistycznym stylu. Cholewka z płótna typu canvas, swoją elastycznością przypomina płótno malarskie gwarantując wysoką jakość i trwałość. Gruba wulkanizowana podeszwa środkowa i podeszwa z gumy wulkanizowanej z wzorem waflowym pozostaje niezmieniona, zapewniając niesamowitą przyczepność i amortyzację wstrząsów Materiał: tekstylny Okute otworki na sznurowadła Miękka, komfortowa wkładka wewnętrzna Z tyłu na podeszwie typowe dla klasycznych modeli Vansa uwypuklenie na sklejeniu gumy wraz z logo firmy tzw. ""gumka na gumkę"" Podeszwa: guma wulkanizowana o dużej przyczepności, w kultowej już formie wafla",https://supersklep.pl/i186293-buty-vans-authentic-true-white,Vans,supersklep (pl),https://static.supersklep.pl/1410737-buty-vans-authentic-true-white.jpg?t=google,in_stock,319.90 PLN,https://supersklep.pl,https://supersklep.pl,PL,PL,true,186293,true,"{""color"": ""biały"", ""size"": ""43""}"
658100946768,"Buty Vans Authentic (true white), 42.5","Vans, najbardziej rozpoznawalna marka butów do skateboardingu na całym świecie, od 66 lat dostarcza najwyższą jakość i komfort. Authentic to klasyczna sylwetka Vansa, łatwo rozpoznawalna po minimalistycznym stylu. Cholewka z płótna typu canvas, swoją elastycznością przypomina płótno malarskie gwarantując wysoką jakość i trwałość. Gruba wulkanizowana podeszwa środkowa i podeszwa z gumy wulkanizowanej z wzorem waflowym pozostaje niezmieniona, zapewniając niesamowitą przyczepność i amortyzację wstrząsów Materiał: tekstylny Okute otworki na sznurowadła Miękka, komfortowa wkładka wewnętrzna Z tyłu na podeszwie typowe dla klasycznych modeli Vansa uwypuklenie na sklejeniu gumy wraz z logo firmy tzw. ""gumka na gumkę"" Podeszwa: guma wulkanizowana o dużej przyczepności, w kultowej już formie wafla",https://supersklep.pl/i186293-buty-vans-authentic-true-white,Vans,supersklep (pl),https://static.supersklep.pl/1410737-buty-vans-authentic-true-white.jpg?t=google,in_stock,319.90 PLN,https://supersklep.pl,https://supersklep.pl,PL,PL,true,186293,true,"{""color"": ""biały"", ""size"": ""42.5""}"
658100946799,"Buty Vans Authentic (true white), 44.5","Vans, najbardziej rozpoznawalna marka butów do skateboardingu na całym świecie, od 66 lat dostarcza najwyższą jakość i komfort. Authentic to klasyczna sylwetka Vansa, łatwo rozpoznawalna po minimalistycznym stylu. Cholewka z płótna typu canvas, swoją elastycznością przypomina płótno malarskie gwarantując wysoką jakość i trwałość. Gruba wulkanizowana podeszwa środkowa i podeszwa z gumy wulkanizowanej z wzorem waflowym pozostaje niezmieniona, zapewniając niesamowitą przyczepność i amortyzację wstrząsów Materiał: tekstylny Okute otworki na sznurowadła Miękka, komfortowa wkładka wewnętrzna Z tyłu na podeszwie typowe dla klasycznych modeli Vansa uwypuklenie na sklejeniu gumy wraz z logo firmy tzw. ""gumka na gumkę"" Podeszwa: guma wulkanizowana o dużej przyczepności, w kultowej już formie wafla",https://supersklep.pl/i186293-buty-vans-authentic-true-white,Vans,supersklep (pl),https://static.supersklep.pl/1410737-buty-vans-authentic-true-white.jpg?t=google,in_stock,319.90 PLN,https://supersklep.pl,https://supersklep.pl,PL,PL,true,186293,true,"{""color"": ""biały"", ""size"": ""44.5""}"
658100946676,"Buty Vans Authentic (true white), 36.5","Vans, najbardziej rozpoznawalna marka butów do skateboardingu na całym świecie, od 66 lat dostarcza najwyższą jakość i komfort. Authentic to klasyczna sylwetka Vansa, łatwo rozpoznawalna po minimalistycznym stylu. Cholewka z płótna typu canvas, swoją elastycznością przypomina płótno malarskie gwarantując wysoką jakość i trwałość. Gruba wulkanizowana podeszwa środkowa i podeszwa z gumy wulkanizowanej z wzorem waflowym pozostaje niezmieniona, zapewniając niesamowitą przyczepność i amortyzację wstrząsów Materiał: tekstylny Okute otworki na sznurowadła Miękka, komfortowa wkładka wewnętrzna Z tyłu na podeszwie typowe dla klasycznych modeli Vansa uwypuklenie na sklejeniu gumy wraz z logo firmy tzw. ""gumka na gumkę"" Podeszwa: guma wulkanizowana o dużej przyczepności, w kultowej już formie wafla",https://supersklep.pl/i186293-buty-vans-authentic-true-white,Vans,supersklep (pl),https://static.supersklep.pl/1410737-buty-vans-authentic-true-white.jpg?t=google,in_stock,319.90 PLN,https://supersklep.pl,https://supersklep.pl,PL,PL,true,186293,true,"{""color"": ""biały"", ""size"": ""36.5""}"
885075877951,"Buty Etnies Kingpin (black/black), 44","Materiał: nubuk, skóra syntetyczna Podeszwa: gumowa 400 NBS, szyta na całym obwodzie Gąbkowany język i kołnierz Komfortowa wkładka wewnętrzna wykonana z pianki EVA Kolor: czarny",https://supersklep.pl/i194056-buty-etnies-kingpin-black-black,Etnies,supersklep (pl),https://static.supersklep.pl/1411539-buty-etnies-kingpin-black-black.jpg?t=google,in_stock,369.90 PLN,https://supersklep.pl,https://supersklep.pl,PL,PL,true,194056,true,"{""color"": ""czarny"", ""size"": ""44""}"
885075877999,"Buty Etnies Kingpin (black/black), 45.5","Materiał: nubuk, skóra syntetyczna Podeszwa: gumowa 400 NBS, szyta na całym obwodzie Gąbkowany język i kołnierz Komfortowa wkładka wewnętrzna wykonana z pianki EVA Kolor: czarny",https://supersklep.pl/i194056-buty-etnies-kingpin-black-black,Etnies,supersklep (pl),https://static.supersklep.pl/1411539-buty-etnies-kingpin-black-black.jpg?t=google,in_stock,369.90 PLN,https://supersklep.pl,https://supersklep.pl,PL,PL,true,194056,true,"{""color"": ""czarny"", ""size"": ""45.5""}"
885075878262,"Buty Etnies Kingpin (black/black), 42","Materiał: nubuk, skóra syntetyczna Podeszwa: gumowa 400 NBS, szyta na całym obwodzie Gąbkowany język i kołnierz Komfortowa wkładka wewnętrzna wykonana z pianki EVA Kolor: czarny",https://supersklep.pl/i194056-buty-etnies-kingpin-black-black,Etnies,supersklep (pl),https://static.supersklep.pl/1411539-buty-etnies-kingpin-black-black.jpg?t=google,in_stock,369.90 PLN,https://supersklep.pl,https://supersklep.pl,PL,PL,true,194056,true,"{""color"": ""czarny"", ""size"": ""42""}"
885075878149,"Buty Etnies Kingpin (black/black), 38","Materiał: nubuk, skóra syntetyczna Podeszwa: gumowa 400 NBS, szyta na całym obwodzie Gąbkowany język i kołnierz Komfortowa wkładka wewnętrzna wykonana z pianki EVA Kolor: czarny",https://supersklep.pl/i194056-buty-etnies-kingpin-black-black,Etnies,supersklep (pl),https://static.supersklep.pl/1411539-buty-etnies-kingpin-black-black.jpg?t=google,in_stock,369.90 PLN,https://supersklep.pl,https://supersklep.pl,PL,PL,true,194056,true,"{""color"": ""czarny"", ""size"": ""38""}"
885075877975,"Buty Etnies Kingpin (black/black), 45","Materiał: nubuk, skóra syntetyczna Podeszwa: gumowa 400 NBS, szyta na całym obwodzie Gąbkowany język i kołnierz Komfortowa wkładka wewnętrzna wykonana z pianki EVA Kolor: czarny",https://supersklep.pl/i194056-buty-etnies-kingpin-black-black,Etnies,supersklep (pl),https://static.supersklep.pl/1411539-buty-etnies-kingpin-black-black.jpg?t=google,in_stock,369.90 PLN,https://supersklep.pl,https://supersklep.pl,PL,PL,true,194056,true,"{""color"": ""czarny"", ""size"": ""45""}"
